Underlying,cmc_slug,Exchange,exchange_slug,Pair,market_type,price_usd,24h Volume (USDT),outlier_detected,volume_excluded,price_excluded,market_score,cmc_updated
SK hynix Inc,sk-hynix-inc-derivatives,Binance,binance,SKHYNIX/USDT,perpetual,939.0310691,5604194095.039612,0.0,0.0,0.0,0,2026-07-29T20:30:16.000Z
SK hynix Inc,sk-hynix-inc-derivatives,Aster,aster-pro,SKHYNIX/USDT,perpetual,941.07269283,17360963.17135117,0.0,0.0,0.0,0,2026-07-29T20:30:15.000Z
SK hynix Inc,sk-hynix-inc-derivatives,Hyperliquid,hyperliquid,xyz:SKHX/USDC,perpetual,939.06399333,2160771951.7746687,0.0,0.0,0.0,0,2026-07-29T20:30:26.000Z
SK hynix Inc,sk-hynix-inc-derivatives,OKX,okx,SKHYNIX/USDT,perpetual,947.08366951,1526117566.6651871,0.0,0.0,0.0,0,2026-07-29T20:28:28.000Z
SK hynix Inc,sk-hynix-inc-derivatives,Bybit,bybit,SKHYNIX/USDT,perpetual,939.01803198,228126183.288163,0.0,0.0,0.0,0,2026-07-29T20:30:16.000Z
SK hynix Inc,sk-hynix-inc-derivatives,Bitget,bitget,SKHYNIX/USDT,perpetual,938.82824459,416746145.67156976,0.0,0.0,0.0,0,2026-07-29T20:30:15.000Z
SK hynix Inc,sk-hynix-inc-derivatives,MEXC,mexc,SKHYNIXSTOCK/USDT,perpetual,938.36875935,364221422.9590657,0.0,0.0,0.0,0,2026-07-29T20:30:15.000Z
SK hynix Inc,sk-hynix-inc-derivatives,MEXC,mexc,SKHYNIXSTOCK/USDC,perpetual,940.05910851,11626325.49931738,0.0,0.0,0.0,0,2026-07-29T20:30:15.000Z
SK hynix Inc,sk-hynix-inc-derivatives,Lighter,lighter,SKHYNIXUSD/USDC,perpetual,943.23311624,51151095.65935089,0.0,0.0,0.0,0,2026-07-29T20:30:15.000Z
Crude Oil Futures,crude-oil-futures-derivatives,Binance,binance,CL/USDT,perpetual,84.82988461,1126351862.0715308,0.0,0.0,0.0,0,2026-07-29T20:30:16.000Z
Crude Oil Futures,crude-oil-futures-derivatives,Aster,aster-pro,CL/USDT,perpetual,84.9064864,37202924.32823852,0.0,0.0,0.0,0,2026-07-29T20:30:15.000Z
Crude Oil Futures,crude-oil-futures-derivatives,KuCoin,kucoin,CL/USDT,perpetual,84.8818172,2058625.28031311,0.0,0.0,0.0,0,2026-07-29T20:30:19.000Z
Crude Oil Futures,crude-oil-futures-derivatives,Hyperliquid,hyperliquid,xyz:CL/USDC,perpetual,84.89837546,484311655.71894574,0.0,0.0,0.0,0,2026-07-29T20:30:26.000Z
Crude Oil Futures,crude-oil-futures-derivatives,OKX,okx,CL/USDT,perpetual,84.78349352,165105357.4337335,0.0,0.0,0.0,0,2026-07-29T20:28:28.000Z
Crude Oil Futures,crude-oil-futures-derivatives,Bybit,bybit,CL/USDT,perpetual,84.83496065,91708640.2984061,0.0,0.0,0.0,0,2026-07-29T20:30:16.000Z
Crude Oil Futures,crude-oil-futures-derivatives,Gate,gate,CL/USDT,perpetual,84.77994943,59206827.21464135,0.0,0.0,0.0,0,2026-07-29T20:30:19.000Z
Crude Oil Futures,crude-oil-futures-derivatives,HTX,htx,USOIL/USDT,perpetual,84.89771296,803243.44823119,0.0,0.0,0.0,0,2026-07-29T20:27:17.000Z
Crude Oil Futures,crude-oil-futures-derivatives,Bitget,bitget,CL/USDT,perpetual,84.87691365,130885102.94226791,0.0,0.0,0.0,0,2026-07-29T20:30:15.000Z
Crude Oil Futures,crude-oil-futures-derivatives,Crypto.com Exchange,crypto-com-exchange,CL/USD,perpetual,84.58249105,1427677.51479765,0.0,0.0,0.0,0,2026-07-29T12:30:18.000Z
Crude Oil Futures,crude-oil-futures-derivatives,MEXC,mexc,USOIL/USDT,perpetual,84.94483755,202605243.35896072,0.0,0.0,0.0,0,2026-07-29T20:30:15.000Z
Crude Oil Futures,crude-oil-futures-derivatives,MEXC,mexc,USOIL/USD1,perpetual,84.82418758,351831.59917897,0.0,0.0,0.0,0,2026-07-29T20:30:15.000Z
Crude Oil Futures,crude-oil-futures-derivatives,BingX,bingx,Oil WTI/USDT,perpetual,84.85654729,100539113.50120044,0.0,0.0,0.0,0,2026-07-29T20:30:18.000Z
Crude Oil Futures,crude-oil-futures-derivatives,Biconomy.com,biconomy,CL/USDT,perpetual,84.90570427,35136893.94391293,0.0,0.0,0.0,0,2026-07-29T20:27:15.000Z
Crude Oil Futures,crude-oil-futures-derivatives,XT.COM,xt,CL/USDT,perpetual,84.95466262,1163529.53085646,0.0,0.0,0.0,0,2026-07-29T20:30:41.579Z
Crude Oil Futures,crude-oil-futures-derivatives,SunX,sunperp,USOIL/USDT,perpetual,81.94819465,937110.64859168,0.0,0.0,0.0,0,2026-07-29T20:30:16.000Z
Crude Oil Futures,crude-oil-futures-derivatives,Deepcoin,deepcoin,CL/USDT,perpetual,84.84655946,350273341.0934437,0.0,0.0,0.0,0,2026-07-29T20:30:15.000Z
Crude Oil Futures,crude-oil-futures-derivatives,Ourbit,ourbit,USO/USDT,perpetual,84.85493827,315441054.36927956,0.0,0.0,0.0,0,2026-07-29T20:30:15.000Z
Crude Oil Futures,crude-oil-futures-derivatives,BiKing,biking,CL/USDT,perpetual,84.9077021,150825309.2542249,0.0,0.0,0.0,0,2026-07-29T20:27:23.000Z
Crude Oil Futures,crude-oil-futures-derivatives,CoinW,coinw,CL/USDT,perpetual,84.93484874,101611287.04702324,0.0,0.0,0.0,0,2026-07-29T20:30:17.000Z
Crude Oil Futures,crude-oil-futures-derivatives,Hotcoin,hotcoin-global,CL/USDT,perpetual,84.85375082,98370409.0054503,0.0,0.0,0.0,0,2026-07-29T20:30:28.000Z
Crude Oil Futures,crude-oil-futures-derivatives,WhiteBIT,whitebit,CL/USDT,perpetual,84.86492708,92558918.43407854,0.0,0.0,0.0,0,2026-07-29T20:30:15.000Z
Crude Oil Futures,crude-oil-futures-derivatives,Bitunix,bitunix,CL/USDT,perpetual,84.86091827,91142077.33298947,0.0,0.0,0.0,0,2026-07-29T20:24:16.000Z
Crude Oil Futures,crude-oil-futures-derivatives,KCEX,kcex,CL/USDT,perpetual,84.86492708,58966977.06807316,0.0,0.0,0.0,0,2026-07-29T20:30:15.000Z
Crude Oil Futures,crude-oil-futures-derivatives,YUBIT,yubit,CL/USDT,perpetual,84.84494946,45549432.62389115,0.0,0.0,0.0,0,2026-07-29T20:30:15.000Z
Crude Oil Futures,crude-oil-futures-derivatives,DigiFinex,digifinex,CL/USDT,perpetual,84.86492708,38913256.73684903,0.0,0.0,0.0,0,2026-07-29T20:30:16.000Z
Crude Oil Futures,crude-oil-futures-derivatives,Bitrue,bitrue,CL/USDT,perpetual,84.87491589,38426985.89543517,0.0,0.0,0.0,0,2026-07-29T20:30:16.000Z
Crude Oil Futures,crude-oil-futures-derivatives,Zoomex,zoomex,CL/USDT,perpetual,84.90087162,27496901.01923155,0.0,0.0,0.0,0,2026-07-29T20:24:15.000Z
Crude Oil Futures,crude-oil-futures-derivatives,Lighter,lighter,WTI/USDC,perpetual,84.90764509,17646994.36518611,0.0,0.0,0.0,0,2026-07-29T20:30:15.000Z
Crude Oil Futures,crude-oil-futures-derivatives,MGBX,mgbx,CL/USDT,perpetual,84.92942298,15716025.02858455,0.0,0.0,0.0,0,2026-07-29T15:15:16.000Z
Crude Oil Futures,crude-oil-futures-derivatives,Pacifica,pacifica,CL/USD,perpetual,84.84824574,4311064.23202672,0.0,0.0,0.0,0,2026-07-29T20:30:15.000Z
Crude Oil Futures,crude-oil-futures-derivatives,BloFin,blofin,CL/USDT,perpetual,84.75678896,2762796.94373271,0.0,0.0,0.0,0,2026-07-29T20:21:16.000Z
Crude Oil Futures,crude-oil-futures-derivatives,BitMart,bitmart,CL/USDT,perpetual,84.82988461,1708434.88216289,0.0,0.0,0.0,0,2026-07-29T20:30:16.000Z
Crude Oil Futures,crude-oil-futures-derivatives,WEEX,weex,CL/USDT,perpetual,84.82988461,1383233.73689757,0.0,0.0,0.0,0,2026-07-29T20:30:17.000Z
Crude Oil Futures,crude-oil-futures-derivatives,CoinEx,coinex,CL/USDT,perpetual,82.59987785,1121127.53672463,0.0,0.0,0.0,0,2026-07-28T22:39:15.000Z
Crude Oil Futures,crude-oil-futures-derivatives,OrangeX,orangex,CL/USDT,perpetual,84.96563912,493813.9174961,0.0,0.0,0.0,0,2026-07-29T20:27:15.000Z
Crude Oil Futures,crude-oil-futures-derivatives,ApeX Omni,apex-omni,CL/USDT,perpetual,84.79500541,338132.25293492,0.0,0.0,0.0,0,2026-07-29T20:30:16.000Z
Crude Oil Futures,crude-oil-futures-derivatives,ADEN,aden-decentralized-derivatives-exchange,CL/USDT,perpetual,84.87684145,100044.19468355,0.0,0.0,0.0,0,2026-07-29T20:27:57.000Z
Crude Oil Futures,crude-oil-futures-derivatives,Paradex,paradex-trade,CL/USD,perpetual,84.78710668,5613.91630849,0.0,0.0,0.0,0,2026-07-29T20:30:15.000Z
Crude Oil Futures,crude-oil-futures-derivatives,Fillx,fillx,CL/USDC,perpetual,84.68271756,0.0,0.0,0.0,0.0,0,2026-07-29T20:30:15.000Z
Crude Oil Futures,crude-oil-futures-derivatives,ADEN,aden-decentralized-derivatives-exchange,CL/USDC,perpetual,84.68829856,0.0,0.0,0.0,0.0,0,2026-07-29T20:27:57.000Z
Crude Oil Futures,crude-oil-futures-derivatives,Ju.com,jucom,CL/USDT,perpetual,84.92016486,657563968.4526232,0.0,0.0,0.0,0,2026-07-29T20:27:18.000Z
Crude Oil Futures,crude-oil-futures-derivatives,BYDFi,bydfi,CL/USDT,perpetual,84.80161426,11509647.66267671,0.0,0.0,0.0,0,2026-07-29T20:30:16.000Z
Gold,gold-derivatives,Binance,binance,XAU/USDT,perpetual,4056.18477595,2333755691.6175838,0.0,0.0,0.0,0,2026-07-29T20:30:16.000Z
Gold,gold-derivatives,Aster,aster-pro,XAU/USDT,perpetual,4054.76663817,22256923.28992053,0.0,0.0,0.0,0,2026-07-29T20:30:15.000Z
Gold,gold-derivatives,OKX,okx,XAU/USDT,perpetual,4049.96772805,371836779.13851076,0.0,0.0,0.0,0,2026-07-29T20:28:28.000Z
Gold,gold-derivatives,Gate,gate,XAU/USDT,perpetual,4051.67063564,219852437.48121908,0.0,0.0,0.0,0,2026-07-29T20:30:19.000Z
Gold,gold-derivatives,Bybit,bybit,XAU/USDT,perpetual,4056.49556797,190201078.7535076,0.0,0.0,0.0,0,2026-07-29T20:30:16.000Z
Gold,gold-derivatives,Hyperliquid,hyperliquid,xyz:GOLD/USDC,perpetual,4055.91023682,66872787.53447128,0.0,0.0,0.0,0,2026-07-29T20:30:26.000Z
Gold,gold-derivatives,HTX,htx,XAU/USDT,perpetual,4052.82442575,2473160.41665364,0.0,0.0,0.0,0,2026-07-29T20:27:17.000Z
Gold,gold-derivatives,Hyperliquid,hyperliquid,cash:GOLD/USDT,perpetual,4030.19808685,0.0,0.0,0.0,0.0,0,2026-07-29T20:30:26.000Z
Gold,gold-derivatives,Bitget,bitget,XAU/USDT,perpetual,4057.7641468,214250811.62005287,0.0,0.0,0.0,0,2026-07-29T20:30:15.000Z
Gold,gold-derivatives,Crypto.com Exchange,crypto-com-exchange,XAU/USD,perpetual,4013.35636255,559400.28691196,0.0,0.0,0.0,0,2026-07-29T12:30:18.000Z
Gold,gold-derivatives,MEXC,mexc,XAU/USDT,perpetual,4056.87514274,721623897.1647896,0.0,0.0,0.0,0,2026-07-29T20:30:15.000Z
Gold,gold-derivatives,MEXC,mexc,XAU/USDC,perpetual,4056.93880951,28176717.69769606,0.0,0.0,0.0,0,2026-07-29T20:30:15.000Z
Gold,gold-derivatives,Phemex,phemex,XAU/USDT,perpetual,4056.7253106,492163.82845758,0.0,0.0,0.0,0,2026-07-29T20:30:16.000Z
Gold,gold-derivatives,BingX,bingx,GOLD(XAU)/USDT,perpetual,4056.60439767,714118404.4448372,0.0,0.0,0.0,0,2026-07-29T20:30:18.000Z
Gold,gold-derivatives,XT.COM,xt,XAU/USDT,perpetual,4052.53920441,213366085.16445282,0.0,0.0,0.0,0,2026-07-29T20:30:41.579Z
Gold,gold-derivatives,Biconomy.com,biconomy,XAU/USDT,perpetual,4052.04527272,198922394.40329096,0.0,0.0,0.0,0,2026-07-29T20:27:15.000Z
Gold,gold-derivatives,SunX,sunperp,XAU/USDT,perpetual,4088.6994904,1906647.75052697,0.0,0.0,0.0,0,2026-07-29T20:30:16.000Z
Gold,gold-derivatives,CoinW,coinw,XAU/USDT,perpetual,4056.69534417,1262354635.0410483,0.0,0.0,0.0,0,2026-07-29T20:30:17.000Z
Gold,gold-derivatives,BiKing,biking,XAU/USDT,perpetual,4051.87545732,765810620.2840257,0.0,0.0,0.0,0,2026-07-29T20:27:23.000Z
Gold,gold-derivatives,Toobit,toobit,XAU/USDT,perpetual,4055.81525562,267171235.50405586,0.0,0.0,0.0,0,2026-07-29T20:30:16.000Z
Gold,gold-derivatives,Bitunix,bitunix,XAU/USDT,perpetual,4051.88910375,244748291.578973,0.0,0.0,0.0,0,2026-07-29T20:24:16.000Z
Gold,gold-derivatives,Hotcoin,hotcoin-global,XAU/USDT,perpetual,4055.12239964,207555682.23507112,0.0,0.0,0.0,0,2026-07-29T20:30:28.000Z
Gold,gold-derivatives,Echobit,echobit,XAU/USDT,perpetual,4056.55550083,186085356.35078147,0.0,0.0,0.0,0,2026-07-29T20:30:16.000Z
Gold,gold-derivatives,Bitrue,bitrue,XAU/USDT,perpetual,4055.87626177,85245421.85483651,0.0,0.0,0.0,0,2026-07-29T20:30:16.000Z
Gold,gold-derivatives,Lighter,lighter,XAU/USDC,perpetual,4057.4727939,82423703.66758856,0.0,0.0,0.0,0,2026-07-29T20:30:15.000Z
Gold,gold-derivatives,KCEX,kcex,XAU/USDT,perpetual,4056.97503084,66766728.07443775,0.0,0.0,0.0,0,2026-07-29T20:30:15.000Z
Gold,gold-derivatives,Ondo Perps,ondoperps,XAU/USD,perpetual,4055.57229379,48849737.3357453,0.0,0.0,0.0,0,2026-07-29T20:30:16.000Z
Gold,gold-derivatives,MGBX,mgbx,XAU/USDT,perpetual,4009.08816931,38783303.69467503,0.0,0.0,0.0,0,2026-07-29T15:15:16.000Z
Gold,gold-derivatives,YUBIT,yubit,XAU/USDT,perpetual,4056.50555678,35912025.46867799,0.0,0.0,0.0,0,2026-07-29T20:30:15.000Z
Gold,gold-derivatives,WhiteBIT,whitebit,XAU/USDT,perpetual,4056.94506441,29639921.27479931,0.0,0.0,0.0,0,2026-07-29T20:30:15.000Z
Gold,gold-derivatives,WEEX,weex,XAU/USDT,perpetual,4055.78529451,14741905.48240238,0.0,0.0,0.0,0,2026-07-29T20:30:17.000Z
Gold,gold-derivatives,Pionex,pionex,XAU/USDT,perpetual,4056.51554559,11627408.56142171,0.0,0.0,0.0,0,2026-07-29T20:30:16.000Z
Gold,gold-derivatives,BloFin,blofin,XAU/USDT,perpetual,4045.3338682,9653096.57954518,0.0,0.0,0.0,0,2026-07-29T20:21:16.000Z
Gold,gold-derivatives,BitMart,bitmart,XAU/USDT,perpetual,4056.20475003,7501530.65480376,0.0,0.0,0.0,0,2026-07-29T20:30:16.000Z
Gold,gold-derivatives,Pacifica,pacifica,XAU/USD,perpetual,4054.57735262,2488788.22852494,0.0,0.0,0.0,0,2026-07-29T20:30:15.000Z
Gold,gold-derivatives,Coinbase International Exchange,coinbase-international-exchange,GOLD/USDC,perpetual,4049.49536401,1949472.41312674,0.0,0.0,0.0,0,2026-07-29T20:30:15.000Z
Gold,gold-derivatives,ApeX Omni,apex-omni,XAU/USDT,perpetual,4060.18143875,246144.67041396,0.0,0.0,0.0,0,2026-07-29T20:30:16.000Z
Gold,gold-derivatives,ADEN,aden-decentralized-derivatives-exchange,XAU/USDT,perpetual,4047.74041263,199719.50904993,0.0,0.0,0.0,0,2026-07-29T20:27:57.000Z
Gold,gold-derivatives,ADEN,aden-decentralized-derivatives-exchange,XAU/USDC,perpetual,4055.69072633,0.0,0.0,0.0,0.0,0,2026-07-29T20:27:57.000Z
Gold,gold-derivatives,LBank,lbank,XAU/USDT,perpetual,4560.61998222,0.0,0.0,0.0,0.0,0,2026-07-29T20:30:16.000Z
Gold,gold-derivatives,BYDFi,bydfi,XAU/USDT,perpetual,4048.57418768,22590722.86873316,0.0,0.0,0.0,0,2026-07-29T20:30:16.000Z
Natural Gas,natural-gas-derivatives,Binance,binance,NATGAS/USDT,perpetual,2.72446345,16617026.94964539,0.0,0.0,0.0,0,2026-07-29T20:30:16.000Z
Natural Gas,natural-gas-derivatives,Aster,aster-pro,NATGAS/USDT,perpetual,2.74165751,201825.68456079,0.0,0.0,0.0,0,2026-07-29T20:30:15.000Z
Natural Gas,natural-gas-derivatives,KuCoin,kucoin,NATGAS/USDT,perpetual,2.72845826,723272.24580731,0.0,0.0,0.0,0,2026-07-29T20:30:19.000Z
Natural Gas,natural-gas-derivatives,Hyperliquid,hyperliquid,xyz:NATGAS/USDC,perpetual,2.7264019,19571564.68154553,0.0,0.0,0.0,0,2026-07-29T20:30:26.000Z
Natural Gas,natural-gas-derivatives,HTX,htx,NATGAS/USDT,perpetual,2.73502692,265344.41453259,0.0,0.0,0.0,0,2026-07-29T20:27:17.000Z
Natural Gas,natural-gas-derivatives,Bitget,bitget,NATGAS/USDT,perpetual,2.72894281,800314.03122015,0.0,0.0,0.0,0,2026-07-29T20:30:15.000Z
Natural Gas,natural-gas-derivatives,Crypto.com Exchange,crypto-com-exchange,NATGAS/USD,perpetual,2.68482178,51253.32390723,0.0,0.0,0.0,0,2026-07-29T12:30:18.000Z
Natural Gas,natural-gas-derivatives,Biconomy.com,biconomy,NATGAS/USDT,perpetual,2.72603669,6787560.12507032,0.0,0.0,0.0,0,2026-07-29T20:27:15.000Z
Natural Gas,natural-gas-derivatives,SunX,sunperp,NATGAS/USDT,perpetual,2.77269379,914024.02899038,0.0,0.0,0.0,0,2026-07-29T20:30:16.000Z
Natural Gas,natural-gas-derivatives,XT.COM,xt,NATGAS/USDT,perpetual,2.72526246,681030.89211514,0.0,0.0,0.0,0,2026-07-29T20:30:41.579Z
Natural Gas,natural-gas-derivatives,CoinW,coinw,NATGAS/USDT,perpetual,2.72494728,11538219.52321293,0.0,0.0,0.0,0,2026-07-29T20:30:17.000Z
Natural Gas,natural-gas-derivatives,OrangeX,orangex,NATGAS/USDT,perpetual,2.72653615,6337048.38625958,0.0,0.0,0.0,0,2026-07-29T20:27:15.000Z
Natural Gas,natural-gas-derivatives,Ourbit,ourbit,NATGAS/USDT,perpetual,2.72594616,5074396.69988106,0.0,0.0,0.0,0,2026-07-29T20:30:15.000Z
Natural Gas,natural-gas-derivatives,Deepcoin,deepcoin,NATGAS/USDT,perpetual,2.72767456,3269177.96925294,0.0,0.0,0.0,0,2026-07-29T20:30:15.000Z
Natural Gas,natural-gas-derivatives,WhiteBIT,whitebit,NATGAS/USDT,perpetual,2.72494728,1828211.73022117,0.0,0.0,0.0,0,2026-07-29T20:30:15.000Z
Natural Gas,natural-gas-derivatives,Hotcoin,hotcoin-global,NATGAS/USDT,perpetual,2.72558717,1539628.16262665,0.0,0.0,0.0,0,2026-07-29T20:30:28.000Z
Natural Gas,natural-gas-derivatives,YUBIT,yubit,NATGAS/USDT,perpetual,2.72494728,1468086.20472442,0.0,0.0,0.0,0,2026-07-29T20:30:15.000Z
Natural Gas,natural-gas-derivatives,Bitunix,bitunix,NATGAS/USDT,perpetual,2.72781506,1019259.55504952,0.0,0.0,0.0,0,2026-07-29T20:24:16.000Z
Natural Gas,natural-gas-derivatives,Bitrue,bitrue,NATGAS/USDT,perpetual,2.72494728,625999.91915339,0.0,0.0,0.0,0,2026-07-29T20:30:16.000Z
Natural Gas,natural-gas-derivatives,MGBX,mgbx,NATGAS/USDT,perpetual,2.72712821,548087.55826555,0.0,0.0,0.0,0,2026-07-29T15:15:16.000Z
Natural Gas,natural-gas-derivatives,Pionex,pionex,NATGAS/USDT,perpetual,2.72614594,146923.17690656,0.0,0.0,0.0,0,2026-07-29T20:30:16.000Z
Natural Gas,natural-gas-derivatives,ApeX Omni,apex-omni,NATGAS/USDT,perpetual,2.70696742,111221.56013014,0.0,0.0,0.0,0,2026-07-29T20:30:16.000Z
Natural Gas,natural-gas-derivatives,Lighter,lighter,NATGAS/USDC,perpetual,2.7271214,104186.88667374,0.0,0.0,0.0,0,2026-07-29T20:30:15.000Z
Natural Gas,natural-gas-derivatives,Pacifica,pacifica,NATGAS/USD,perpetual,2.72606791,51335.61516123,0.0,0.0,0.0,0,2026-07-29T20:30:15.000Z
Natural Gas,natural-gas-derivatives,BloFin,blofin,NATGAS/USDT,perpetual,2.72468207,24091.88344678,0.0,0.0,0.0,0,2026-07-29T20:21:16.000Z
Natural Gas,natural-gas-derivatives,WEEX,weex,NATGAS/USDT,perpetual,2.72446345,22539.49024569,0.0,0.0,0.0,0,2026-07-29T20:30:17.000Z
Natural Gas,natural-gas-derivatives,BYDFi,bydfi,NATGAS/USDT,perpetual,2.72467821,166684.29712337,0.0,0.0,0.0,0,2026-07-29T20:30:16.000Z
Natural Gas,natural-gas-derivatives,Fillx,fillx,NATGAS/USDC,perpetual,2.726387517508422,0.0,,,,0,2026-07-29T20:30:15.439Z
Natural Gas,natural-gas-derivatives,ADEN,aden-decentralized-derivatives-exchange,NATGAS/USDC,perpetual,2.726387517508422,0.0,,,,0,2026-07-29T20:27:57.068Z
Natural Gas,natural-gas-derivatives,ADEN,aden-decentralized-derivatives-exchange,NATGAS/USDT,perpetual,2.726387517508422,0.0,,,,0,2026-07-29T20:27:57.068Z
Natural Gas,natural-gas-derivatives,ADEN,aden-decentralized-derivatives-exchange,NATGAS/USDT,perpetual,2.726387517508422,0.0,,,,0,2026-07-29T20:27:57.068Z
Silver,silver-derivatives,Binance,binance,XAG/USDT,perpetual,57.33557424,1014067944.079423,0.0,0.0,0.0,0,2026-07-29T20:30:16.000Z
Silver,silver-derivatives,Aster,aster-pro,XAG/USDT,perpetual,57.2002644,4903616.6940684,0.0,0.0,0.0,0,2026-07-29T20:30:15.000Z
Silver,silver-derivatives,Kraken,kraken,XAG/USD,perpetual,57.14975105,440624.58059714,0.0,0.0,0.0,0,2026-07-29T20:30:16.000Z
Silver,silver-derivatives,Bitfinex,bitfinex,XAG/USDT,perpetual,56.92610576,5.69261058,0.0,0.0,0.0,0,2026-07-29T20:30:15.000Z
Silver,silver-derivatives,KuCoin,kucoin,XAG/USDT,perpetual,57.33557424,3458306.77805599,0.0,0.0,0.0,0,2026-07-29T20:30:19.000Z
Silver,silver-derivatives,Hyperliquid,hyperliquid,xyz:SILVER/USDC,perpetual,57.29743041,103299136.89567862,0.0,0.0,0.0,0,2026-07-29T20:30:26.000Z
Silver,silver-derivatives,OKX,okx,XAG/USDT,perpetual,57.15168687,97018727.88916054,0.0,0.0,0.0,0,2026-07-29T20:28:28.000Z
Silver,silver-derivatives,Gate,gate,XAG/USDT,perpetual,57.30561313,86067265.40436241,0.0,0.0,0.0,0,2026-07-29T20:30:19.000Z
Silver,silver-derivatives,Bybit,bybit,XAG/USDT,perpetual,57.32577878,74326265.58636957,0.0,0.0,0.0,0,2026-07-29T20:30:16.000Z
Silver,silver-derivatives,HTX,htx,XAG/USDT,perpetual,57.25775864,864873.81587828,0.0,0.0,0.0,0,2026-07-29T20:27:17.000Z
Silver,silver-derivatives,Hyperliquid,hyperliquid,cash:SILVER/USDT,perpetual,59.75979721,0.0,0.0,0.0,0.0,0,2026-07-29T20:30:26.000Z
Silver,silver-derivatives,Bitget,bitget,XAG/USDT,perpetual,57.33576759,90845225.86962865,0.0,0.0,0.0,0,2026-07-29T20:30:15.000Z
Silver,silver-derivatives,Crypto.com Exchange,crypto-com-exchange,XAG/USD,perpetual,56.97892946,495494.53525033,0.0,0.0,0.0,0,2026-07-29T12:30:18.000Z
Silver,silver-derivatives,MEXC,mexc,SILVER/USDT,perpetual,57.32577878,261126349.48243225,0.0,0.0,0.0,0,2026-07-29T20:30:15.000Z
Silver,silver-derivatives,MEXC,mexc,SILVER/USDC,perpetual,57.32079928,328075.65726442,0.0,0.0,0.0,0,2026-07-29T20:30:15.000Z
Silver,silver-derivatives,Phemex,phemex,XAG/USDT,perpetual,57.36573402,291255.64503587,0.0,0.0,0.0,0,2026-07-29T20:30:16.000Z
Silver,silver-derivatives,MEXC,mexc,SILVER/USD1,perpetual,57.29501923,89744.24069061,0.0,0.0,0.0,0,2026-07-29T20:30:15.000Z
Silver,silver-derivatives,Biconomy.com,biconomy,XAG/USDT,perpetual,57.20781293,98979262.70189562,0.0,0.0,0.0,0,2026-07-29T20:27:15.000Z
Silver,silver-derivatives,BingX,bingx,SILVER(XAG)/USDT,perpetual,57.31013045,96984413.62749049,0.0,0.0,0.0,0,2026-07-29T20:30:18.000Z
Silver,silver-derivatives,XT.COM,xt,XAG/USDT,perpetual,57.21252973,65899266.58919077,0.0,0.0,0.0,0,2026-07-29T20:30:41.579Z
Silver,silver-derivatives,SunX,sunperp,XAG/USDT,perpetual,58.67426808,2049723.2948894,0.0,0.0,0.0,0,2026-07-29T20:30:16.000Z
Silver,silver-derivatives,OrangeX,orangex,XAG/USDT,perpetual,57.19782379,758848627.7590063,0.0,0.0,0.0,0,2026-07-29T20:27:15.000Z
Silver,silver-derivatives,CoinW,coinw,XAG/USDT,perpetual,57.31578997,652931991.4109175,0.0,0.0,0.0,0,2026-07-29T20:30:17.000Z
Silver,silver-derivatives,BiKing,biking,XAG/USDT,perpetual,57.19782379,295995449.81443864,0.0,0.0,0.0,0,2026-07-29T20:27:23.000Z
Silver,silver-derivatives,Deepcoin,deepcoin,XAG/USDT,perpetual,57.31013045,161527685.71737236,0.0,0.0,0.0,0,2026-07-29T20:30:15.000Z
Silver,silver-derivatives,Bitrue,bitrue,XAG/USDT,perpetual,57.31578997,107245664.53526409,0.0,0.0,0.0,0,2026-07-29T20:30:16.000Z
Silver,silver-derivatives,Toobit,toobit,XAG/USDT,perpetual,57.31560017,105713482.27570003,0.0,0.0,0.0,0,2026-07-29T20:30:16.000Z
Silver,silver-derivatives,WhiteBIT,whitebit,XAG/USDT,perpetual,57.30580116,93134392.2646921,0.0,0.0,0.0,0,2026-07-29T20:30:15.000Z
Silver,silver-derivatives,Bitunix,bitunix,XAG/USDT,perpetual,57.25315248,89250093.7911965,0.0,0.0,0.0,0,2026-07-29T20:24:16.000Z
Silver,silver-derivatives,Hotcoin,hotcoin-global,XAG/USDT,perpetual,57.29825429,87667786.23872425,0.0,0.0,0.0,0,2026-07-29T20:30:28.000Z
Silver,silver-derivatives,KCEX,kcex,XAG/USDT,perpetual,57.3457564,55653126.86847022,0.0,0.0,0.0,0,2026-07-29T20:30:15.000Z
Silver,silver-derivatives,YUBIT,yubit,XAG/USDT,perpetual,57.30580116,40740691.61536569,0.0,0.0,0.0,0,2026-07-29T20:30:15.000Z
Silver,silver-derivatives,Ondo Perps,ondoperps,XAG/USD,perpetual,57.3213396,26108626.88648952,0.0,0.0,0.0,0,2026-07-29T20:30:16.000Z
Silver,silver-derivatives,MGBX,mgbx,XAG/USDT,perpetual,57.00906241,16746175.66685892,0.0,0.0,0.0,0,2026-07-29T15:15:16.000Z
Silver,silver-derivatives,TruBit Pro Exchange,trubit-exchange,XAG/USDT,perpetual,57.32011828,12126820.60733355,0.0,0.0,0.0,0,2026-07-29T20:30:15.000Z
Silver,silver-derivatives,DigiFinex,digifinex,XAG/USDT,perpetual,57.30580116,10501613.67376414,0.0,0.0,0.0,0,2026-07-29T20:30:16.000Z
Silver,silver-derivatives,WEEX,weex,XAG/USDT,perpetual,57.30561313,5783126.87399929,0.0,0.0,0.0,0,2026-07-29T20:30:17.000Z
Silver,silver-derivatives,Pionex,pionex,XAG/USDT,perpetual,57.32577878,5411297.80305486,0.0,0.0,0.0,0,2026-07-29T20:30:16.000Z
Silver,silver-derivatives,Lighter,lighter,XAG/USDC,perpetual,57.35862063,5249109.96401342,0.0,0.0,0.0,0,2026-07-29T20:30:15.000Z
Silver,silver-derivatives,Coinbase International Exchange,coinbase-international-exchange,SILVER/USDC,perpetual,57.16158411,1738470.42446192,0.0,0.0,0.0,0,2026-07-29T20:30:15.000Z
Silver,silver-derivatives,BloFin,blofin,XAG/USDT,perpetual,57.15040613,1642195.33467638,0.0,0.0,0.0,0,2026-07-29T20:21:16.000Z
Silver,silver-derivatives,BitMart,bitmart,XAG/USDT,perpetual,57.34556127,1625499.04421702,0.0,0.0,0.0,0,2026-07-29T20:30:16.000Z
Silver,silver-derivatives,Pacifica,pacifica,XAG/USD,perpetual,57.28335986,1096363.58301916,0.0,0.0,0.0,0,2026-07-29T20:30:15.000Z
Silver,silver-derivatives,CoinEx,coinex,XAG/USDT,perpetual,57.09079828,163263.4843113,0.0,0.0,0.0,0,2026-07-28T22:39:15.000Z
Silver,silver-derivatives,ApeX Omni,apex-omni,XAG/USDT,perpetual,57.28582354,18865.24274739,0.0,0.0,0.0,0,2026-07-29T20:30:16.000Z
Silver,silver-derivatives,Paradex,paradex-trade,XAG/USD,perpetual,58.03417492,9719.74424749,0.0,0.0,0.0,0,2026-07-29T20:30:15.000Z
Silver,silver-derivatives,ADEN,aden-decentralized-derivatives-exchange,XAG/USDT,perpetual,57.20047905,7348.40573361,0.0,0.0,0.0,0,2026-07-29T20:27:57.000Z
Silver,silver-derivatives,ADEN,aden-decentralized-derivatives-exchange,XAG/USDC,perpetual,57.20534109,0.0,0.0,0.0,0.0,0,2026-07-29T20:27:57.000Z
Silver,silver-derivatives,BYDFi,bydfi,XAG/USDT,perpetual,57.18028875,9929291.05174432,0.0,0.0,0.0,0,2026-07-29T20:30:16.000Z
Tesla,tesla-derivatives,Binance,binance,TSLA/USDT,perpetual,294.41782416,107941631.62900674,0.0,0.0,0.0,0,2026-07-29T20:30:16.000Z
Tesla,tesla-derivatives,Aster,aster-pro,TSLA/USDT,perpetual,293.65199467,296344.89163065,0.0,0.0,0.0,0,2026-07-29T20:30:15.000Z
Tesla,tesla-derivatives,Aster,aster-pro,TSLA/USD,perpetual,293.65199467,0.0,0.0,0.0,0.0,0,2026-07-29T20:30:15.000Z
Tesla,tesla-derivatives,KuCoin,kucoin,TSLA/USDT,perpetual,294.77735746,551455.5921708,0.0,0.0,0.0,0,2026-07-29T20:30:19.000Z
Tesla,tesla-derivatives,Bybit,bybit,TSLA/USDT,perpetual,294.43015425,47660286.3791294,0.0,0.0,0.0,0,2026-07-29T20:30:16.000Z
Tesla,tesla-derivatives,Hyperliquid,hyperliquid,xyz:TSLA/USDC,perpetual,294.47539961,36871344.73923995,0.0,0.0,0.0,0,2026-07-29T20:30:26.000Z
Tesla,tesla-derivatives,OKX,okx,TSLA/USDT,perpetual,297.06689605,23383891.05371426,0.0,0.0,0.0,0,2026-07-29T20:28:28.000Z
Tesla,tesla-derivatives,Hyperliquid,hyperliquid,cash:TSLA/USDT,perpetual,399.733724,0.0,0.0,0.0,0.0,0,2026-07-29T20:30:26.000Z
Tesla,tesla-derivatives,Bitget,bitget,TSLA/USDT,perpetual,294.3802102,22679544.1245404,0.0,0.0,0.0,0,2026-07-29T20:30:15.000Z
Tesla,tesla-derivatives,Crypto.com Exchange,crypto-com-exchange,TSLA/USD,perpetual,308.92058083,52267.35536365,0.0,0.0,0.0,0,2026-07-29T12:30:18.000Z
Tesla,tesla-derivatives,Phemex,phemex,TSLA/USDT,perpetual,294.51006473,55287.0209676,0.0,0.0,0.0,0,2026-07-29T20:30:16.000Z
Tesla,tesla-derivatives,BingX,bingx,TSLA/USDT,perpetual,294.38110578,5154119.9734225,0.0,0.0,0.0,0,2026-07-29T20:30:18.000Z
Tesla,tesla-derivatives,Tapbit,tapbit,TSLA/USDT,perpetual,294.24127625,79634113.39683336,0.0,0.0,0.0,0,2026-07-29T20:30:15.000Z
Tesla,tesla-derivatives,CoinW,coinw,TSLA/USDT,perpetual,294.34025496,52312508.70971628,0.0,0.0,0.0,0,2026-07-29T20:30:17.000Z
Tesla,tesla-derivatives,Deepcoin,deepcoin,TSLA/USDT,perpetual,294.31119101,48863015.4879823,0.0,0.0,0.0,0,2026-07-29T20:30:15.000Z
Tesla,tesla-derivatives,BiKing,biking,TSLA/USDT,perpetual,293.9105081,34205372.53241514,0.0,0.0,0.0,0,2026-07-29T20:27:23.000Z
Tesla,tesla-derivatives,LBank,lbank,TSLA/USDT,perpetual,294.33792788,24144024.46390585,0.0,0.0,0.0,0,2026-07-29T20:30:16.000Z
Tesla,tesla-derivatives,TruBit Pro Exchange,trubit-exchange,TSLA/USDT,perpetual,294.34115448,16500426.53312639,0.0,0.0,0.0,0,2026-07-29T20:30:15.000Z
Tesla,tesla-derivatives,Zoomex,zoomex,TSLA/USDT,perpetual,296.31403028,14191621.05350926,0.0,0.0,0.0,0,2026-07-29T20:24:15.000Z
Tesla,tesla-derivatives,Toobit,toobit,TSLA/USDT,perpetual,294.28799269,12433022.53931085,0.0,0.0,0.0,0,2026-07-29T20:30:16.000Z
Tesla,tesla-derivatives,WhiteBIT,whitebit,TSLA/USDT,perpetual,294.2803221,12298728.10958459,0.0,0.0,0.0,0,2026-07-29T20:30:15.000Z
Tesla,tesla-derivatives,Ourbit,ourbit,TSLA/USDT,perpetual,294.44014306,11848591.09023395,0.0,0.0,0.0,0,2026-07-29T20:30:15.000Z
Tesla,tesla-derivatives,Hotcoin,hotcoin-global,TSLA/USDT,perpetual,294.40136686,10187325.99289368,0.0,0.0,0.0,0,2026-07-29T20:30:28.000Z
Tesla,tesla-derivatives,Bitunix,bitunix,TSLA/USDT,perpetual,296.52378538,10078597.34228592,0.0,0.0,0.0,0,2026-07-29T20:24:16.000Z
Tesla,tesla-derivatives,Echobit,echobit,TSLA/USDT,perpetual,294.43015425,9972994.12648951,0.0,0.0,0.0,0,2026-07-29T20:30:16.000Z
Tesla,tesla-derivatives,Bitrue,bitrue,TSLA/USDT,perpetual,294.4800983,7963214.7224396,0.0,0.0,0.0,0,2026-07-29T20:30:16.000Z
Tesla,tesla-derivatives,OrangeX,orangex,TSLA/USDT,perpetual,294.09031265,5693155.77321177,0.0,0.0,0.0,0,2026-07-29T20:27:15.000Z
Tesla,tesla-derivatives,Ondo Perps,ondoperps,TSLA/USD,perpetual,294.45825122,4681491.62030853,0.0,0.0,0.0,0,2026-07-29T20:30:16.000Z
Tesla,tesla-derivatives,YUBIT,yubit,TSLA/USDT,perpetual,294.36023258,4542653.27268293,0.0,0.0,0.0,0,2026-07-29T20:30:15.000Z
Tesla,tesla-derivatives,DigiFinex,digifinex,TSLA/USDT,perpetual,294.3802102,4249496.08634567,0.0,0.0,0.0,0,2026-07-29T20:30:16.000Z
Tesla,tesla-derivatives,MGBX,mgbx,TSLA/USDT,perpetual,302.3607288,2647427.39965533,0.0,0.0,0.0,0,2026-07-29T15:15:16.000Z
Tesla,tesla-derivatives,KCEX,kcex,TSLA/USDT,perpetual,294.47010949,2609432.67064873,0.0,0.0,0.0,0,2026-07-29T20:30:15.000Z
Tesla,tesla-derivatives,BitMart,bitmart,TSLA/USDT,perpetual,294.4278112,1623882.42262989,0.0,0.0,0.0,0,2026-07-29T20:30:16.000Z
Tesla,tesla-derivatives,Coinbase International Exchange,coinbase-international-exchange,TSLA/USDC,perpetual,294.30518297,1224220.4220635,0.0,0.0,0.0,0,2026-07-29T20:30:15.000Z
Tesla,tesla-derivatives,BTSE,btse,TSLA/USDT,perpetual,295.08922679,676772.95279069,0.0,0.0,0.0,0,2026-07-29T20:27:15.000Z
Tesla,tesla-derivatives,ApeX Omni,apex-omni,TSLA/USDT,perpetual,294.31028853,648260.43901202,0.0,0.0,0.0,0,2026-07-29T20:30:16.000Z
Tesla,tesla-derivatives,BloFin,blofin,TSLA/USDT,perpetual,296.79857892,596513.30336583,0.0,0.0,0.0,0,2026-07-29T20:21:16.000Z
Tesla,tesla-derivatives,Lighter,lighter,TSLA/USDC,perpetual,293.65539231,474911.11201253,0.0,0.0,0.0,0,2026-07-29T20:30:15.000Z
Tesla,tesla-derivatives,WEEX,weex,TSLA/USDT,perpetual,294.4278112,286457.07210162,0.0,0.0,0.0,0,2026-07-29T20:30:17.000Z
Tesla,tesla-derivatives,Pacifica,pacifica,TSLA/USD,perpetual,294.51675971,106383.54268302,0.0,0.0,0.0,0,2026-07-29T20:30:15.000Z
Tesla,tesla-derivatives,ADEN,aden-decentralized-derivatives-exchange,TSLA/USDC,perpetual,296.50402063,609.4238347,0.0,0.0,0.0,0,2026-07-29T20:27:57.000Z
Tesla,tesla-derivatives,ADEN,aden-decentralized-derivatives-exchange,TSLA/USDT,perpetual,294.39219836,0.0,0.0,0.0,0.0,0,2026-07-29T20:27:57.000Z
Tesla,tesla-derivatives,BYDFi,bydfi,TSLA/USDT,perpetual,297.09779373,1025865.08832673,0.0,0.0,0.0,0,2026-07-29T20:30:16.000Z
Tesla,tesla-derivatives,EasiCoin,easicoin,TSLA/USDT,perpetual,294.32117884,4228958.54240366,0.0,0.0,0.0,0,2026-07-29T20:30:16.000Z
Tesla,tesla-derivatives,DeriW,deriw,TSLA/USDT,perpetual,294.5731853153819,0.0,,,,0,2026-07-29T20:30:18.206Z
Tesla,tesla-derivatives,DeriW,deriw,TSLA/USDT,perpetual,294.5731853153819,0.0,,,,0,2026-07-29T20:30:18.206Z
NVIDIA,nvidia-derivatives,Binance,binance,NVDA/USDT,perpetual,189.00465815,176825064.98992696,0.0,0.0,0.0,0,2026-07-29T20:30:16.000Z
NVIDIA,nvidia-derivatives,Aster,aster-pro,NVDA/USDT,perpetual,190.01833947,142386.09024086,0.0,0.0,0.0,0,2026-07-29T20:30:15.000Z
NVIDIA,nvidia-derivatives,Aster,aster-pro,NVDA/USD,perpetual,190.01833947,0.0,0.0,0.0,0.0,0,2026-07-29T20:30:15.000Z
NVIDIA,nvidia-derivatives,KuCoin,kucoin,NVDA/USDT,perpetual,188.89480075,493976.57153704,0.0,0.0,0.0,0,2026-07-29T20:30:19.000Z
NVIDIA,nvidia-derivatives,Hyperliquid,hyperliquid,xyz:NVDA/USDC,perpetual,188.95854732,114985252.20755874,0.0,0.0,0.0,0,2026-07-29T20:30:26.000Z
NVIDIA,nvidia-derivatives,OKX,okx,NVDA/USDT,perpetual,189.80633638,23860366.63840108,0.0,0.0,0.0,0,2026-07-29T20:28:28.000Z
NVIDIA,nvidia-derivatives,Bybit,bybit,NVDA/USDT,perpetual,189.11813375,12016260.06236277,0.0,0.0,0.0,0,2026-07-29T20:30:16.000Z
NVIDIA,nvidia-derivatives,HTX,htx,NVDA/USDT,perpetual,189.15438199,418815.54797532,0.0,0.0,0.0,0,2026-07-29T20:27:17.000Z
NVIDIA,nvidia-derivatives,Hyperliquid,hyperliquid,cash:NVDA/USDT,perpetual,197.25497402,0.0,0.0,0.0,0.0,0,2026-07-29T20:30:26.000Z
NVIDIA,nvidia-derivatives,Bitget,bitget,NVDA/USDT,perpetual,188.99826803,20238953.0267732,0.0,0.0,0.0,0,2026-07-29T20:30:15.000Z
NVIDIA,nvidia-derivatives,Crypto.com Exchange,crypto-com-exchange,NVDA/USD,perpetual,196.56945308,66985.28306741,0.0,0.0,0.0,0,2026-07-29T12:30:18.000Z
NVIDIA,nvidia-derivatives,Phemex,phemex,NVDA/USDT,perpetual,188.9583128,35701.3884622,0.0,0.0,0.0,0,2026-07-29T20:30:16.000Z
NVIDIA,nvidia-derivatives,BingX,bingx,NVDA/USDT,perpetual,188.98959366,9929547.47912132,0.0,0.0,0.0,0,2026-07-29T20:30:18.000Z
NVIDIA,nvidia-derivatives,SunX,sunperp,NVDA/USDT,perpetual,197.32893531,2875031.99634993,0.0,0.0,0.0,0,2026-07-29T20:30:16.000Z
NVIDIA,nvidia-derivatives,Tapbit,tapbit,NVDA/USDT,perpetual,188.9196789,91294080.65003757,0.0,0.0,0.0,0,2026-07-29T20:30:15.000Z
NVIDIA,nvidia-derivatives,Toobit,toobit,NVDA/USDT,perpetual,188.97469704,72644629.94019544,0.0,0.0,0.0,0,2026-07-29T20:30:16.000Z
NVIDIA,nvidia-derivatives,CoinW,coinw,NVDA/USDT,perpetual,189.02823446,68294887.89654656,0.0,0.0,0.0,0,2026-07-29T20:30:17.000Z
NVIDIA,nvidia-derivatives,BiKing,biking,NVDA/USDT,perpetual,189.09444715,55956630.25035866,0.0,0.0,0.0,0,2026-07-29T20:27:23.000Z
NVIDIA,nvidia-derivatives,Ourbit,ourbit,NVDA/USDT,perpetual,188.9683016,52275020.80486198,0.0,0.0,0.0,0,2026-07-29T20:30:15.000Z
NVIDIA,nvidia-derivatives,Deepcoin,deepcoin,NVDA/USDT,perpetual,188.98959366,43615660.98927233,0.0,0.0,0.0,0,2026-07-29T20:30:15.000Z
NVIDIA,nvidia-derivatives,LBank,lbank,NVDA/USDT,perpetual,189.0446063,39881624.56651965,0.0,0.0,0.0,0,2026-07-29T20:30:16.000Z
NVIDIA,nvidia-derivatives,TruBit Pro Exchange,trubit-exchange,NVDA/USDT,perpetual,188.98959366,17074780.31069777,0.0,0.0,0.0,0,2026-07-29T20:30:15.000Z
NVIDIA,nvidia-derivatives,Hotcoin,hotcoin-global,NVDA/USDT,perpetual,189.00334045,15926693.47383817,0.0,0.0,0.0,0,2026-07-29T20:30:28.000Z
NVIDIA,nvidia-derivatives,WhiteBIT,whitebit,NVDA/USDT,perpetual,189.14810018,14396276.15271543,0.0,0.0,0.0,0,2026-07-29T20:30:15.000Z
NVIDIA,nvidia-derivatives,Echobit,echobit,NVDA/USDT,perpetual,189.02823446,14215412.81473965,0.0,0.0,0.0,0,2026-07-29T20:30:16.000Z
NVIDIA,nvidia-derivatives,Bitrue,bitrue,NVDA/USDT,perpetual,188.97829041,12891190.41691878,0.0,0.0,0.0,0,2026-07-29T20:30:16.000Z
NVIDIA,nvidia-derivatives,Bitunix,bitunix,NVDA/USDT,perpetual,189.81837226,7276374.09627283,0.0,0.0,0.0,0,2026-07-29T20:24:16.000Z
NVIDIA,nvidia-derivatives,DigiFinex,digifinex,NVDA/USDT,perpetual,188.98827922,6916630.8407029,0.0,0.0,0.0,0,2026-07-29T20:30:16.000Z
NVIDIA,nvidia-derivatives,Ondo Perps,ondoperps,NVDA/USD,perpetual,189.04739831,4648677.41493675,0.0,0.0,0.0,0,2026-07-29T20:30:16.000Z
NVIDIA,nvidia-derivatives,MGBX,mgbx,NVDA/USDT,perpetual,192.26703235,4367634.30956269,0.0,0.0,0.0,0,2026-07-29T15:15:16.000Z
NVIDIA,nvidia-derivatives,KCEX,kcex,NVDA/USDT,perpetual,189.11813375,4263242.4252254,0.0,0.0,0.0,0,2026-07-29T20:30:15.000Z
NVIDIA,nvidia-derivatives,Zoomex,zoomex,NVDA/USDT,perpetual,189.76843057,3597616.00236362,0.0,0.0,0.0,0,2026-07-29T20:24:15.000Z
NVIDIA,nvidia-derivatives,Coinbase International Exchange,coinbase-international-exchange,NVDA/USDC,perpetual,189.01910325,2991509.13666526,0.0,0.0,0.0,0,2026-07-29T20:30:15.000Z
NVIDIA,nvidia-derivatives,Lighter,lighter,NVDA/USDC,perpetual,189.02510131,1926901.78858995,0.0,0.0,0.0,0,2026-07-29T20:30:15.000Z
NVIDIA,nvidia-derivatives,BitMart,bitmart,NVDA/USDT,perpetual,189.0745674,1608928.44858024,0.0,0.0,0.0,0,2026-07-29T20:30:16.000Z
NVIDIA,nvidia-derivatives,YUBIT,yubit,NVDA/USDT,perpetual,188.98827922,561495.49489645,0.0,0.0,0.0,0,2026-07-29T20:30:15.000Z
NVIDIA,nvidia-derivatives,BloFin,blofin,NVDA/USDT,perpetual,189.74893668,559323.86832447,0.0,0.0,0.0,0,2026-07-29T20:21:16.000Z
NVIDIA,nvidia-derivatives,Pacifica,pacifica,NVDA/USD,perpetual,189.03938885,427423.0521816,0.0,0.0,0.0,0,2026-07-29T20:30:15.000Z
NVIDIA,nvidia-derivatives,OrangeX,orangex,NVDA/USDT,perpetual,189.17436028,337509.51432529,0.0,0.0,0.0,0,2026-07-29T20:27:15.000Z
NVIDIA,nvidia-derivatives,WEEX,weex,NVDA/USDT,perpetual,188.98468408,251935.77246949,0.0,0.0,0.0,0,2026-07-29T20:30:17.000Z
NVIDIA,nvidia-derivatives,ApeX Omni,apex-omni,NVDA/USDT,perpetual,189.02823446,64403.14950355,0.0,0.0,0.0,0,2026-07-29T20:30:16.000Z
NVIDIA,nvidia-derivatives,Fillx,fillx,NVDA/USDC,perpetual,190.13874253,0.0,0.0,0.0,0.0,0,2026-07-29T20:30:15.000Z
NVIDIA,nvidia-derivatives,BYDFi,bydfi,NVDA/USDT,perpetual,189.75865606,1681694.43509684,0.0,0.0,0.0,0,2026-07-29T20:30:16.000Z
NVIDIA,nvidia-derivatives,EasiCoin,easicoin,NVDA/USDT,perpetual,188.96961801,7779294.93584315,0.0,0.0,0.0,0,2026-07-29T20:30:16.000Z
NVIDIA,nvidia-derivatives,BTSE,btse,NVDA/USDT,perpetual,189.0738072266001,1088203.6825,,,,0,2026-07-29T20:27:15.447Z
NVIDIA,nvidia-derivatives,BTSE,btse,NVDA/USDT,perpetual,189.0738072266001,1088203.6825,,,,0,2026-07-29T20:27:15.447Z
NVIDIA,nvidia-derivatives,DeriW,deriw,NVDA/USDT,perpetual,189.0738072266001,0.0,,,,0,2026-07-29T20:30:18.206Z
NVIDIA,nvidia-derivatives,DeriW,deriw,NVDA/USDT,perpetual,189.0738072266001,0.0,,,,0,2026-07-29T20:30:18.206Z
NVIDIA,nvidia-derivatives,ADEN,aden-decentralized-derivatives-exchange,NVDA/USDC,perpetual,189.0738072266001,0.0,,,,0,2026-07-29T20:27:57.068Z
NVIDIA,nvidia-derivatives,ADEN,aden-decentralized-derivatives-exchange,NVDA/USDT,perpetual,189.0738072266001,0.0,,,,0,2026-07-29T20:27:57.068Z
NVIDIA,nvidia-derivatives,ADEN,aden-decentralized-derivatives-exchange,NVDA/USDT,perpetual,189.0738072266001,0.0,,,,0,2026-07-29T20:27:57.068Z
Circle Internet Group,circle-internet-group-derivatives,Binance,binance,CRCL/USDT,perpetual,61.25049239,104640033.29804264,0.0,0.0,0.0,0,2026-07-29T20:30:16.000Z
Circle Internet Group,circle-internet-group-derivatives,Aster,aster-pro,CRCL/USDT,perpetual,61.27529633,314112.22062181,0.0,0.0,0.0,0,2026-07-29T20:30:15.000Z
Circle Internet Group,circle-internet-group-derivatives,KuCoin,kucoin,CRCL/USDT,perpetual,61.20055721,1246937.39400381,0.0,0.0,0.0,0,2026-07-29T20:30:19.000Z
Circle Internet Group,circle-internet-group-derivatives,OKX,okx,CRCL/USDT,perpetual,61.74699817,27648305.17664723,0.0,0.0,0.0,0,2026-07-29T20:28:28.000Z
Circle Internet Group,circle-internet-group-derivatives,Hyperliquid,hyperliquid,xyz:CRCL/USDC,perpetual,61.16258249,16806387.51845862,0.0,0.0,0.0,0,2026-07-29T20:30:26.000Z
Circle Internet Group,circle-internet-group-derivatives,Bybit,bybit,CRCL/USDT,perpetual,61.24139217,4349991.64915207,0.0,0.0,0.0,0,2026-07-29T20:30:16.000Z
Circle Internet Group,circle-internet-group-derivatives,Bitget,bitget,CRCL/USDT,perpetual,61.21142574,6102885.16765256,0.0,0.0,0.0,0,2026-07-29T20:30:15.000Z
Circle Internet Group,circle-internet-group-derivatives,Crypto.com Exchange,crypto-com-exchange,CRCL/USD,perpetual,64.23923342,126376.75040864,0.0,0.0,0.0,0,2026-07-29T12:30:18.000Z
Circle Internet Group,circle-internet-group-derivatives,Phemex,phemex,CRCL/USDT,perpetual,61.34128027,48379.54321283,0.0,0.0,0.0,0,2026-07-29T20:30:16.000Z
Circle Internet Group,circle-internet-group-derivatives,BingX,bingx,CRCL/USDT,perpetual,61.23534503,6947195.87799075,0.0,0.0,0.0,0,2026-07-29T20:30:18.000Z
Circle Internet Group,circle-internet-group-derivatives,Tapbit,tapbit,CRCL/USDT,perpetual,61.28528415,46283332.98550668,0.0,0.0,0.0,0,2026-07-29T20:30:15.000Z
Circle Internet Group,circle-internet-group-derivatives,OrangeX,orangex,CRCL/USDT,perpetual,61.30336092,34346532.64310769,0.0,0.0,0.0,0,2026-07-29T20:27:15.000Z
Circle Internet Group,circle-internet-group-derivatives,LBank,lbank,CRCL/USDT,perpetual,61.23051832,26032607.07935549,0.0,0.0,0.0,0,2026-07-29T20:30:16.000Z
Circle Internet Group,circle-internet-group-derivatives,CoinW,coinw,CRCL/USDT,perpetual,61.2713586,26028746.78969871,0.0,0.0,0.0,0,2026-07-29T20:30:17.000Z
Circle Internet Group,circle-internet-group-derivatives,WhiteBIT,whitebit,CRCL/USDT,perpetual,61.25138098,15169420.42281737,0.0,0.0,0.0,0,2026-07-29T20:30:15.000Z
Circle Internet Group,circle-internet-group-derivatives,Deepcoin,deepcoin,CRCL/USDT,perpetual,61.23534503,15012040.78806968,0.0,0.0,0.0,0,2026-07-29T20:30:15.000Z
Circle Internet Group,circle-internet-group-derivatives,Hotcoin,hotcoin-global,CRCL/USDT,perpetual,61.2433145,10619537.80113236,0.0,0.0,0.0,0,2026-07-29T20:30:28.000Z
Circle Internet Group,circle-internet-group-derivatives,Ourbit,ourbit,CRCL/USDT,perpetual,61.23140336,10325312.93783273,0.0,0.0,0.0,0,2026-07-29T20:30:15.000Z
Circle Internet Group,circle-internet-group-derivatives,Toobit,toobit,CRCL/USDT,perpetual,61.23051832,9564143.29886754,0.0,0.0,0.0,0,2026-07-29T20:30:16.000Z
Circle Internet Group,circle-internet-group-derivatives,Bitunix,bitunix,CRCL/USDT,perpetual,61.67798615,8743768.59885276,0.0,0.0,0.0,0,2026-07-29T20:24:16.000Z
Circle Internet Group,circle-internet-group-derivatives,Bitrue,bitrue,CRCL/USDT,perpetual,61.22141455,7668130.50328872,0.0,0.0,0.0,0,2026-07-29T20:30:16.000Z
Circle Internet Group,circle-internet-group-derivatives,Ondo Perps,ondoperps,CRCL/USD,perpetual,61.26211918,5800493.48290668,0.0,0.0,0.0,0,2026-07-29T20:30:16.000Z
Circle Internet Group,circle-internet-group-derivatives,DigiFinex,digifinex,CRCL/USDT,perpetual,61.24139217,4152862.09158167,0.0,0.0,0.0,0,2026-07-29T20:30:16.000Z
Circle Internet Group,circle-internet-group-derivatives,YUBIT,yubit,CRCL/USDT,perpetual,61.22141455,4133872.38387053,0.0,0.0,0.0,0,2026-07-29T20:30:15.000Z
Circle Internet Group,circle-internet-group-derivatives,KCEX,kcex,CRCL/USDT,perpetual,61.24139217,3984078.94674407,0.0,0.0,0.0,0,2026-07-29T20:30:15.000Z
Circle Internet Group,circle-internet-group-derivatives,MGBX,mgbx,CRCL/USDT,perpetual,62.73093888,2552951.25705635,0.0,0.0,0.0,0,2026-07-29T15:15:16.000Z
Circle Internet Group,circle-internet-group-derivatives,Zoomex,zoomex,CRCL/USDT,perpetual,61.66799781,1301129.57255098,0.0,0.0,0.0,0,2026-07-29T20:24:15.000Z
Circle Internet Group,circle-internet-group-derivatives,WEEX,weex,CRCL/USDT,perpetual,61.22053128,415825.13011509,0.0,0.0,0.0,0,2026-07-29T20:30:17.000Z
Circle Internet Group,circle-internet-group-derivatives,Lighter,lighter,CRCL/USDC,perpetual,61.30524914,258102.77049885,0.0,0.0,0.0,0,2026-07-29T20:30:15.000Z
Circle Internet Group,circle-internet-group-derivatives,BloFin,blofin,CRCL/USDT,perpetual,61.67489652,107869.04662887,0.0,0.0,0.0,0,2026-07-29T20:21:16.000Z
Circle Internet Group,circle-internet-group-derivatives,Pacifica,pacifica,CRCL/USD,perpetual,61.20124526,56539.12963653,0.0,0.0,0.0,0,2026-07-29T20:30:15.000Z
Circle Internet Group,circle-internet-group-derivatives,Coinbase International Exchange,coinbase-international-exchange,CRCL/USDC,perpetual,61.73011226,49845.85873579,0.0,0.0,0.0,0,2026-07-29T20:30:15.000Z
Circle Internet Group,circle-internet-group-derivatives,ApeX Omni,apex-omni,CRCL/USDT,perpetual,61.07158241,4231.51949126,0.0,0.0,0.0,0,2026-07-29T20:30:16.000Z
Circle Internet Group,circle-internet-group-derivatives,BitMart,bitmart,CRCL/USDT,perpetual,62.03946824,0.0,0.0,0.0,0.0,0,2026-07-29T20:30:16.000Z
Circle Internet Group,circle-internet-group-derivatives,EasiCoin,easicoin,CRCL/USDT,perpetual,61.23534503,4260047.47039012,0.0,0.0,0.0,0,2026-07-29T20:30:16.000Z
Circle Internet Group,circle-internet-group-derivatives,BTSE,btse,CRCL/USDT,perpetual,61.32679075406211,1175096.86203,,,,0,2026-07-29T20:27:15.447Z
Circle Internet Group,circle-internet-group-derivatives,BTSE,btse,CRCL/USDT,perpetual,61.32679075406211,1175096.86203,,,,0,2026-07-29T20:27:15.447Z
Circle Internet Group,circle-internet-group-derivatives,Fillx,fillx,CRCL/USDC,perpetual,61.32679075406211,0.0,,,,0,2026-07-29T20:30:15.439Z
Circle Internet Group,circle-internet-group-derivatives,DeriW,deriw,CRCL/USDT,perpetual,61.32679075406211,0.0,,,,0,2026-07-29T20:30:18.206Z
Circle Internet Group,circle-internet-group-derivatives,DeriW,deriw,CRCL/USDT,perpetual,61.32679075406211,0.0,,,,0,2026-07-29T20:30:18.206Z
Circle Internet Group,circle-internet-group-derivatives,ADEN,aden-decentralized-derivatives-exchange,CRCL/USDC,perpetual,61.32679075406211,0.0,,,,0,2026-07-29T20:27:57.068Z
Circle Internet Group,circle-internet-group-derivatives,ADEN,aden-decentralized-derivatives-exchange,CRCL/USDT,perpetual,61.32679075406211,0.0,,,,0,2026-07-29T20:27:57.068Z
Circle Internet Group,circle-internet-group-derivatives,ADEN,aden-decentralized-derivatives-exchange,CRCL/USDT,perpetual,61.32679075406211,0.0,,,,0,2026-07-29T20:27:57.068Z
Platinum,platinum-derivatives,Binance,binance,XPT/USDT,perpetual,1613.65535751,7260525.71950938,0.0,0.0,0.0,0,2026-07-29T20:30:16.000Z
Platinum,platinum-derivatives,Aster,aster-pro,XPT/USDT,perpetual,1614.90119596,39473.01653919,0.0,0.0,0.0,0,2026-07-29T20:30:15.000Z
Platinum,platinum-derivatives,Bitfinex,bitfinex,XPT/USDT,perpetual,1749.3292429,0.00174933,0.0,0.0,0.0,0,2026-07-29T20:30:15.000Z
Platinum,platinum-derivatives,KuCoin,kucoin,XPT/USDT,perpetual,1616.83123499,127045.34104971,0.0,0.0,0.0,0,2026-07-29T20:30:19.000Z
Platinum,platinum-derivatives,Hyperliquid,hyperliquid,xyz:PLATINUM/USDC,perpetual,1612.74620465,1806248.65724932,0.0,0.0,0.0,0,2026-07-29T20:30:26.000Z
Platinum,platinum-derivatives,OKX,okx,XPT/USDT,perpetual,1613.25396118,1384633.28932663,0.0,0.0,0.0,0,2026-07-29T20:28:28.000Z
Platinum,platinum-derivatives,Gate,gate,XPT/USDT,perpetual,1614.63408704,972175.04579656,0.0,0.0,0.0,0,2026-07-29T20:30:19.000Z
Platinum,platinum-derivatives,HTX,htx,XPT/USDT,perpetual,1613.03656792,38930.83278455,0.0,0.0,0.0,0,2026-07-29T20:27:17.000Z
Platinum,platinum-derivatives,Bitget,bitget,XPT/USDT,perpetual,1614.24158901,1808917.76134932,0.0,0.0,0.0,0,2026-07-29T20:30:15.000Z
Platinum,platinum-derivatives,Crypto.com Exchange,crypto-com-exchange,XPT/USD,perpetual,1582.71024572,216015.92260663,0.0,0.0,0.0,0,2026-07-29T12:30:18.000Z
Platinum,platinum-derivatives,MEXC,mexc,XPT/USDT,perpetual,1614.27155544,937067.98504702,0.0,0.0,0.0,0,2026-07-29T20:30:15.000Z
Platinum,platinum-derivatives,Biconomy.com,biconomy,XPT/USDT,perpetual,1612.74688282,5624723.870412,0.0,0.0,0.0,0,2026-07-29T20:27:15.000Z
Platinum,platinum-derivatives,XT.COM,xt,XPT/USDT,perpetual,1614.48823861,760266.62709915,0.0,0.0,0.0,0,2026-07-29T20:30:41.579Z
Platinum,platinum-derivatives,CoinW,coinw,XPT/USDT,perpetual,1614.52127568,4768849.7680925,0.0,0.0,0.0,0,2026-07-29T20:30:17.000Z
Platinum,platinum-derivatives,Toobit,toobit,XPT/USDT,perpetual,1613.64537047,4092802.75346525,0.0,0.0,0.0,0,2026-07-29T20:30:16.000Z
Platinum,platinum-derivatives,Ourbit,ourbit,XPT/USDT,perpetual,1614.11173448,3834335.35138062,0.0,0.0,0.0,0,2026-07-29T20:30:15.000Z
Platinum,platinum-derivatives,WhiteBIT,whitebit,XPT/USDT,perpetual,1613.9219471,2521448.59239112,0.0,0.0,0.0,0,2026-07-29T20:30:15.000Z
Platinum,platinum-derivatives,YUBIT,yubit,XPT/USDT,perpetual,1614.10174567,1309952.0400917,0.0,0.0,0.0,0,2026-07-29T20:30:15.000Z
Platinum,platinum-derivatives,OrangeX,orangex,XPT/USDT,perpetual,1612.69693711,1263621.46542221,0.0,0.0,0.0,0,2026-07-29T20:27:15.000Z
Platinum,platinum-derivatives,LBank,lbank,XPT/USDT,perpetual,1613.65535751,1238196.17704176,0.0,0.0,0.0,0,2026-07-29T20:30:16.000Z
Platinum,platinum-derivatives,WEEX,weex,XPT/USDT,perpetual,1613.65535751,912911.61057325,0.0,0.0,0.0,0,2026-07-29T20:30:17.000Z
Platinum,platinum-derivatives,Hotcoin,hotcoin-global,XPT/USDT,perpetual,1613.97906453,901984.58470689,0.0,0.0,0.0,0,2026-07-29T20:30:28.000Z
Platinum,platinum-derivatives,Bitrue,bitrue,XPT/USDT,perpetual,1614.1317121,785071.57225164,0.0,0.0,0.0,0,2026-07-29T20:30:16.000Z
Platinum,platinum-derivatives,Bitunix,bitunix,XPT/USDT,perpetual,1613.41621086,379780.42675954,0.0,0.0,0.0,0,2026-07-29T20:24:16.000Z
Platinum,platinum-derivatives,MGBX,mgbx,XPT/USDT,perpetual,1587.69589736,300918.20007791,0.0,0.0,0.0,0,2026-07-29T15:15:16.000Z
Platinum,platinum-derivatives,Pionex,pionex,XPT/USDT,perpetual,1613.95191353,85818.32245183,0.0,0.0,0.0,0,2026-07-29T20:30:16.000Z
Platinum,platinum-derivatives,Lighter,lighter,XPT/USDC,perpetual,1613.1802777,66585.56914767,0.0,0.0,0.0,0,2026-07-29T20:30:15.000Z
Platinum,platinum-derivatives,BloFin,blofin,XPT/USDT,perpetual,1612.0968983,51418.90818904,0.0,0.0,0.0,0,2026-07-29T20:21:16.000Z
Platinum,platinum-derivatives,ADEN,aden-decentralized-derivatives-exchange,XPT/USDT,perpetual,1613.29921062,7134.42855955,0.0,0.0,0.0,0,2026-07-29T20:27:57.000Z
Platinum,platinum-derivatives,Paradex,paradex-trade,XPT/USD,perpetual,1583.55919288,7072.88714715,0.0,0.0,0.0,0,2026-07-29T20:30:15.000Z
Platinum,platinum-derivatives,BitMart,bitmart,XPT/USDT,perpetual,1593.6213631,0.0,0.0,0.0,0.0,0,2026-07-29T20:30:16.000Z
Copper,copper-derivatives,Binance,binance,COPPER/USDT,perpetual,6.34276663,8531953.97119146,0.0,0.0,0.0,0,2026-07-29T20:30:16.000Z
Copper,copper-derivatives,Aster,aster-pro,XCU/USDT,perpetual,6.34226783,11041.95821547,0.0,0.0,0.0,0,2026-07-29T20:30:15.000Z
Copper,copper-derivatives,KuCoin,kucoin,COPPER/USDT,perpetual,6.3367744,29463.78585434,0.0,0.0,0.0,0,2026-07-29T20:30:19.000Z
Copper,copper-derivatives,Hyperliquid,hyperliquid,xyz:COPPER/USDC,perpetual,6.3412089,2808542.49170972,0.0,0.0,0.0,0,2026-07-29T20:30:26.000Z
Copper,copper-derivatives,OKX,okx,XCU/USDT,perpetual,6.34832267,797019.21400821,0.0,0.0,0.0,0,2026-07-29T20:28:28.000Z
Copper,copper-derivatives,Gate,gate,XCU/USDT,perpetual,6.33377829,32907.28394236,0.0,0.0,0.0,0,2026-07-29T20:30:19.000Z
Copper,copper-derivatives,Bitget,bitget,COPPER/USDT,perpetual,6.34489191,508426.50280389,0.0,0.0,0.0,0,2026-07-29T20:30:15.000Z
Copper,copper-derivatives,Crypto.com Exchange,crypto-com-exchange,XCU/USD,perpetual,6.34018524,480.14850171,0.0,0.0,0.0,0,2026-07-29T12:30:18.000Z
Copper,copper-derivatives,BingX,bingx,Copper/USDT,perpetual,6.34226783,1959879.09674092,0.0,0.0,0.0,0,2026-07-29T20:30:18.000Z
Copper,copper-derivatives,OrangeX,orangex,XCU/USDT,perpetual,6.33711132,7149239.25810111,0.0,0.0,0.0,0,2026-07-29T20:27:15.000Z
Copper,copper-derivatives,WhiteBIT,whitebit,XCU/USDT,perpetual,6.34089639,2033225.84883437,0.0,0.0,0.0,0,2026-07-29T20:30:15.000Z
Copper,copper-derivatives,BitMart,bitmart,XCU/USDT,perpetual,6.34776014,1490795.47660463,0.0,0.0,0.0,0,2026-07-29T20:30:16.000Z
Copper,copper-derivatives,LBank,lbank,XCU/USDT,perpetual,6.34076922,1185757.13604639,0.0,0.0,0.0,0,2026-07-29T20:30:16.000Z
Copper,copper-derivatives,BloFin,blofin,XCU/USDT,perpetual,6.34886878,122363.722301,0.0,0.0,0.0,0,2026-07-29T20:21:16.000Z
Copper,copper-derivatives,Hotcoin,hotcoin-global,XCU/USDT,perpetual,6.34145957,113351.06805136,0.0,0.0,0.0,0,2026-07-29T20:30:28.000Z
Copper,copper-derivatives,Lighter,lighter,XCU/USDC,perpetual,6.35105387,54515.11595058,0.0,0.0,0.0,0,2026-07-29T20:30:15.000Z
Copper,copper-derivatives,Bitrue,bitrue,XCU/USDT,perpetual,6.33390422,8640.92160325,0.0,0.0,0.0,0,2026-07-29T20:30:16.000Z
Copper,copper-derivatives,WEEX,weex,XCU/USDT,perpetual,6.33377829,6089.73857462,0.0,0.0,0.0,0,2026-07-29T20:30:17.000Z
Copper,copper-derivatives,ADEN,aden-decentralized-derivatives-exchange,XCU/USDT,perpetual,6.32930742,309.15925062,0.0,0.0,0.0,0,2026-07-29T20:27:57.000Z
Copper,copper-derivatives,Paradex,paradex-trade,XCU/USD,perpetual,6.33525053,202.7280169,0.0,0.0,0.0,0,2026-07-29T05:36:16.000Z
Nasdaq index,nasdaq-index-derivatives,Hyperliquid,hyperliquid,xyz:XYZ100/USDC,perpetual,27101.05472035,753216764.1679952,0.0,0.0,0.0,0,2026-07-29T20:30:26.000Z
Nasdaq index,nasdaq-index-derivatives,BingX,bingx,NASDAQ100/USDT,perpetual,27074.4821912,100152850.20344129,0.0,0.0,0.0,0,2026-07-29T20:30:18.000Z
Micron Technology Inc,micron-technology-inc-derivatives,Binance,binance,MU/USDT,perpetual,721.89293026,3367152533.1603885,0.0,0.0,0.0,0,2026-07-29T20:30:16.000Z
Micron Technology Inc,micron-technology-inc-derivatives,Aster,aster-pro,MU/USDT,perpetual,723.68771735,3946121.71244266,0.0,0.0,0.0,0,2026-07-29T20:30:15.000Z
Micron Technology Inc,micron-technology-inc-derivatives,KuCoin,kucoin,MU/USDT,perpetual,723.87036341,9132758.91460057,0.0,0.0,0.0,0,2026-07-29T20:30:19.000Z
Micron Technology Inc,micron-technology-inc-derivatives,OKX,okx,MU/USDT,perpetual,730.36479259,1055102413.1883155,0.0,0.0,0.0,0,2026-07-29T20:28:28.000Z
Micron Technology Inc,micron-technology-inc-derivatives,Hyperliquid,hyperliquid,xyz:MU/USDC,perpetual,721.76166391,894501781.4952909,0.0,0.0,0.0,0,2026-07-29T20:30:26.000Z
Micron Technology Inc,micron-technology-inc-derivatives,Bybit,bybit,MU/USDT,perpetual,722.05109683,200258724.57065928,0.0,0.0,0.0,0,2026-07-29T20:30:16.000Z
Micron Technology Inc,micron-technology-inc-derivatives,Gate,gate,MU/USDT,perpetual,722.62198389,93509600.70965263,0.0,0.0,0.0,0,2026-07-29T20:30:19.000Z
Micron Technology Inc,micron-technology-inc-derivatives,HTX,htx,MU/USDT,perpetual,723.04402366,1389360.79049505,0.0,0.0,0.0,0,2026-07-29T20:27:17.000Z
Micron Technology Inc,micron-technology-inc-derivatives,Bitget,bitget,MU/USDT,perpetual,721.91125349,417515923.8820186,0.0,0.0,0.0,0,2026-07-29T20:30:15.000Z
Micron Technology Inc,micron-technology-inc-derivatives,Crypto.com Exchange,crypto-com-exchange,MU/USD,perpetual,817.3019305,3482315.07100003,0.0,0.0,0.0,0,2026-07-29T12:30:18.000Z
Micron Technology Inc,micron-technology-inc-derivatives,Biconomy.com,biconomy,MU/USDT,perpetual,722.90417568,208593653.9227368,0.0,0.0,0.0,0,2026-07-29T20:27:15.000Z
Micron Technology Inc,micron-technology-inc-derivatives,XT.COM,xt,MU/USDT,perpetual,722.58416065,23475842.13277105,0.0,0.0,0.0,0,2026-07-29T20:30:41.579Z
Micron Technology Inc,micron-technology-inc-derivatives,BingX,bingx,MU/USDT,perpetual,721.85994568,20375679.92456177,0.0,0.0,0.0,0,2026-07-29T20:30:18.000Z
Micron Technology Inc,micron-technology-inc-derivatives,SunX,sunperp,MU/USDT,perpetual,886.39698256,3776338.56510304,0.0,0.0,0.0,0,2026-07-29T20:30:16.000Z
Micron Technology Inc,micron-technology-inc-derivatives,CoinW,coinw,MU/USDT,perpetual,721.67152206,1157301253.4117086,0.0,0.0,0.0,0,2026-07-29T20:30:17.000Z
Micron Technology Inc,micron-technology-inc-derivatives,BiKing,biking,MU/USDT,perpetual,720.99624966,1070523104.3430051,0.0,0.0,0.0,0,2026-07-29T20:27:23.000Z
Micron Technology Inc,micron-technology-inc-derivatives,Deepcoin,deepcoin,MU/USDT,perpetual,721.84995785,458899457.62758535,0.0,0.0,0.0,0,2026-07-29T20:30:15.000Z
Micron Technology Inc,micron-technology-inc-derivatives,Hotcoin,hotcoin-global,MU/USDT,perpetual,721.26686945,288991637.6282842,0.0,0.0,0.0,0,2026-07-29T20:30:28.000Z
Micron Technology Inc,micron-technology-inc-derivatives,Toobit,toobit,MU/USDT,perpetual,721.83300804,258261585.4708645,0.0,0.0,0.0,0,2026-07-29T20:30:16.000Z
Micron Technology Inc,micron-technology-inc-derivatives,Bitrue,bitrue,MU/USDT,perpetual,721.94121992,231553163.47391462,0.0,0.0,0.0,0,2026-07-29T20:30:16.000Z
Micron Technology Inc,micron-technology-inc-derivatives,Echobit,echobit,MU/USDT,perpetual,721.69149968,206547005.18553263,0.0,0.0,0.0,0,2026-07-29T20:30:16.000Z
Micron Technology Inc,micron-technology-inc-derivatives,Ourbit,ourbit,MU/USDT,perpetual,721.78139897,136924508.36766744,0.0,0.0,0.0,0,2026-07-29T20:30:15.000Z
Micron Technology Inc,micron-technology-inc-derivatives,DigiFinex,digifinex,MU/USDT,perpetual,721.80137659,124287267.75500654,0.0,0.0,0.0,0,2026-07-29T20:30:16.000Z
Micron Technology Inc,micron-technology-inc-derivatives,WhiteBIT,whitebit,MU/USDT,perpetual,721.62157801,65828174.8889688,0.0,0.0,0.0,0,2026-07-29T20:30:15.000Z
Micron Technology Inc,micron-technology-inc-derivatives,Zoomex,zoomex,MU/USDT,perpetual,728.7990703,59894372.48237097,0.0,0.0,0.0,0,2026-07-29T20:24:15.000Z
Micron Technology Inc,micron-technology-inc-derivatives,Bitunix,bitunix,MU/USDT,perpetual,729.48826561,53007805.23705617,0.0,0.0,0.0,0,2026-07-29T20:24:16.000Z
Micron Technology Inc,micron-technology-inc-derivatives,MGBX,mgbx,MU/USDT,perpetual,785.16527575,32258707.99732475,0.0,0.0,0.0,0,2026-07-29T15:15:16.000Z
Micron Technology Inc,micron-technology-inc-derivatives,Lighter,lighter,MU/USDC,perpetual,722.9670799,19336935.88351236,0.0,0.0,0.0,0,2026-07-29T20:30:15.000Z
Micron Technology Inc,micron-technology-inc-derivatives,Tapbit,tapbit,MU/USDT,perpetual,721.65020139,18125128.10769197,0.0,0.0,0.0,0,2026-07-29T20:30:15.000Z
Micron Technology Inc,micron-technology-inc-derivatives,Ondo Perps,ondoperps,MU/USD,perpetual,721.55274121,13821479.85282722,0.0,0.0,0.0,0,2026-07-29T20:30:16.000Z
Micron Technology Inc,micron-technology-inc-derivatives,KCEX,kcex,MU/USDT,perpetual,722.91013446,13480330.70326399,0.0,0.0,0.0,0,2026-07-29T20:30:15.000Z
Micron Technology Inc,micron-technology-inc-derivatives,WEEX,weex,MU/USDT,perpetual,721.6832025,9787295.3758757,0.0,0.0,0.0,0,2026-07-29T20:30:17.000Z
Micron Technology Inc,micron-technology-inc-derivatives,BloFin,blofin,MU/USDT,perpetual,729.49167477,8919921.77506865,0.0,0.0,0.0,0,2026-07-29T20:21:16.000Z
Micron Technology Inc,micron-technology-inc-derivatives,YUBIT,yubit,MU/USDT,perpetual,722.16097374,6256856.61601479,0.0,0.0,0.0,0,2026-07-29T20:30:15.000Z
Micron Technology Inc,micron-technology-inc-derivatives,Coinbase International Exchange,coinbase-international-exchange,MU/USDC,perpetual,721.76746638,6174639.96969227,0.0,0.0,0.0,0,2026-07-29T20:30:15.000Z
Micron Technology Inc,micron-technology-inc-derivatives,BitMart,bitmart,MU/USDT,perpetual,723.70058379,1857884.32826816,0.0,0.0,0.0,0,2026-07-29T20:30:16.000Z
Micron Technology Inc,micron-technology-inc-derivatives,OrangeX,orangex,MU/USDT,perpetual,722.33479461,568368.74156764,0.0,0.0,0.0,0,2026-07-29T20:27:15.000Z
Micron Technology Inc,micron-technology-inc-derivatives,ApeX Omni,apex-omni,MU/USDT,perpetual,722.41069398,286993.60598523,0.0,0.0,0.0,0,2026-07-29T20:30:16.000Z
Micron Technology Inc,micron-technology-inc-derivatives,ADEN,aden-decentralized-derivatives-exchange,MU/USDT,perpetual,723.83026319,56787.77155205,0.0,0.0,0.0,0,2026-07-29T20:27:57.000Z
Micron Technology Inc,micron-technology-inc-derivatives,BYDFi,bydfi,MU/USDT,perpetual,730.63924241,30663605.20799403,0.0,0.0,0.0,0,2026-07-29T20:30:16.000Z
Micron Technology Inc,micron-technology-inc-derivatives,BTSE,btse,MU/USDT,perpetual,723.1594824356596,1248454.629,,,,0,2026-07-29T20:27:15.447Z
Micron Technology Inc,micron-technology-inc-derivatives,BTSE,btse,MU/USDT,perpetual,723.1594824356596,1248454.629,,,,0,2026-07-29T20:27:15.447Z
Micron Technology Inc,micron-technology-inc-derivatives,Fillx,fillx,MU/USDC,perpetual,723.1594824356596,0.0,,,,0,2026-07-29T20:30:15.439Z
Micron Technology Inc,micron-technology-inc-derivatives,ADEN,aden-decentralized-derivatives-exchange,MU/USDC,perpetual,723.1594824356596,0.0,,,,0,2026-07-29T20:27:57.068Z
Alphabet Inc,alphabet-inc-derivatives,Binance,binance,GOOGL/USDT,perpetual,332.89787425,85214857.2007586,0.0,0.0,0.0,0,2026-07-29T20:30:16.000Z
Alphabet Inc,alphabet-inc-derivatives,Aster,aster-pro,GOOGL/USDT,perpetual,333.33361689,153515.02242217,0.0,0.0,0.0,0,2026-07-29T20:30:15.000Z
Alphabet Inc,alphabet-inc-derivatives,Aster,aster-pro,GOOG/USD,perpetual,333.33361689,0.0,0.0,0.0,0.0,0,2026-07-29T20:30:15.000Z
Alphabet Inc,alphabet-inc-derivatives,KuCoin,kucoin,GOOGL/USDT,perpetual,332.84793907,591400.50176114,0.0,0.0,0.0,0,2026-07-29T20:30:19.000Z
Alphabet Inc,alphabet-inc-derivatives,Hyperliquid,hyperliquid,xyz:GOOGL/USDC,perpetual,333.00694678,57595056.87671235,0.0,0.0,0.0,0,2026-07-29T20:30:26.000Z
Alphabet Inc,alphabet-inc-derivatives,Bybit,bybit,GOOGL/USDT,perpetual,332.9569932,21610141.80025761,0.0,0.0,0.0,0,2026-07-29T20:30:16.000Z
Alphabet Inc,alphabet-inc-derivatives,OKX,okx,GOOGL/USDT,perpetual,334.74844873,11191383.78256348,0.0,0.0,0.0,0,2026-07-29T20:28:28.000Z
Alphabet Inc,alphabet-inc-derivatives,HTX,htx,GOOGL/USDT,perpetual,333.68726925,330445.50277443,0.0,0.0,0.0,0,2026-07-29T20:27:17.000Z
Alphabet Inc,alphabet-inc-derivatives,Hyperliquid,hyperliquid,cash:GOOGL/USDT,perpetual,359.10213585,0.0,0.0,0.0,0.0,0,2026-07-29T20:30:26.000Z
Alphabet Inc,alphabet-inc-derivatives,Crypto.com Exchange,crypto-com-exchange,GOOGL/USD,perpetual,336.29303725,18511.61410086,0.0,0.0,0.0,0,2026-07-29T12:30:18.000Z
Alphabet Inc,alphabet-inc-derivatives,Phemex,phemex,GOOGL/USDT,perpetual,333.62624345,13868.37486463,0.0,0.0,0.0,0,2026-07-29T20:30:16.000Z
Alphabet Inc,alphabet-inc-derivatives,BingX,bingx,GOOGL/USDT,perpetual,332.9940309,7911145.35063477,0.0,0.0,0.0,0,2026-07-29T20:30:18.000Z
Alphabet Inc,alphabet-inc-derivatives,SunX,sunperp,GOOGL/USDT,perpetual,327.1834612,1470929.27287719,0.0,0.0,0.0,0,2026-07-29T20:30:16.000Z
Alphabet Inc,alphabet-inc-derivatives,Tapbit,tapbit,GOOGL/USDT,perpetual,332.90414048,57578034.84499285,0.0,0.0,0.0,0,2026-07-29T20:30:15.000Z
Alphabet Inc,alphabet-inc-derivatives,LBank,lbank,GOOGL/USDT,perpetual,332.93782239,45509407.53804851,0.0,0.0,0.0,0,2026-07-29T20:30:16.000Z
Alphabet Inc,alphabet-inc-derivatives,CoinW,coinw,GOOGL/USDT,perpetual,332.92702677,43665734.92258326,0.0,0.0,0.0,0,2026-07-29T20:30:17.000Z
Alphabet Inc,alphabet-inc-derivatives,Ourbit,ourbit,GOOGL/USDT,perpetual,333.01692606,36131667.02948391,0.0,0.0,0.0,0,2026-07-29T20:30:15.000Z
Alphabet Inc,alphabet-inc-derivatives,BiKing,biking,GOOGL/USDT,perpetual,332.86815965,27688429.54942209,0.0,0.0,0.0,0,2026-07-29T20:27:23.000Z
Alphabet Inc,alphabet-inc-derivatives,Deepcoin,deepcoin,GOOGL/USDT,perpetual,332.93410395,15075985.35276267,0.0,0.0,0.0,0,2026-07-29T20:30:15.000Z
Alphabet Inc,alphabet-inc-derivatives,WhiteBIT,whitebit,GOOGL/USDT,perpetual,333.00693725,11780300.08543723,0.0,0.0,0.0,0,2026-07-29T20:30:15.000Z
Alphabet Inc,alphabet-inc-derivatives,Toobit,toobit,GOOGL/USDT,perpetual,332.87790018,10542225.88005177,0.0,0.0,0.0,0,2026-07-29T20:30:16.000Z
Alphabet Inc,alphabet-inc-derivatives,Hotcoin,hotcoin-global,GOOGL/USDT,perpetual,332.88318206,8530054.13720368,0.0,0.0,0.0,0,2026-07-29T20:30:28.000Z
Alphabet Inc,alphabet-inc-derivatives,Echobit,echobit,GOOGL/USDT,perpetual,332.97697082,7268367.82895394,0.0,0.0,0.0,0,2026-07-29T20:30:16.000Z
Alphabet Inc,alphabet-inc-derivatives,Zoomex,zoomex,GOOGL/USDT,perpetual,333.81025052,6473335.76875238,0.0,0.0,0.0,0,2026-07-29T20:24:15.000Z
Alphabet Inc,alphabet-inc-derivatives,Bitrue,bitrue,GOOGL/USDT,perpetual,332.94700439,6306455.08528278,0.0,0.0,0.0,0,2026-07-29T20:30:16.000Z
Alphabet Inc,alphabet-inc-derivatives,Ondo Perps,ondoperps,GOOGL/USD,perpetual,333.09589471,4282840.42351605,0.0,0.0,0.0,0,2026-07-29T20:30:16.000Z
Alphabet Inc,alphabet-inc-derivatives,DigiFinex,digifinex,GOOGL/USDT,perpetual,332.86709391,3420788.57871745,0.0,0.0,0.0,0,2026-07-29T20:30:16.000Z
Alphabet Inc,alphabet-inc-derivatives,Coinbase International Exchange,coinbase-international-exchange,GOOGL/USDC,perpetual,332.90274789,3415545.94537254,0.0,0.0,0.0,0,2026-07-29T20:30:15.000Z
Alphabet Inc,alphabet-inc-derivatives,Bitunix,bitunix,GOOGL/USDT,perpetual,334.14985401,3317429.7223075,0.0,0.0,0.0,0,2026-07-29T20:24:16.000Z
Alphabet Inc,alphabet-inc-derivatives,KCEX,kcex,GOOGL/USDT,perpetual,332.97697082,2374530.87985291,0.0,0.0,0.0,0,2026-07-29T20:30:15.000Z
Alphabet Inc,alphabet-inc-derivatives,MGBX,mgbx,GOOGL/USDT,perpetual,334.08568786,2156863.13503018,0.0,0.0,0.0,0,2026-07-29T15:15:16.000Z
Alphabet Inc,alphabet-inc-derivatives,BloFin,blofin,GOOGL/USDT,perpetual,334.55260465,633337.51834728,0.0,0.0,0.0,0,2026-07-29T20:21:16.000Z
Alphabet Inc,alphabet-inc-derivatives,Lighter,lighter,GOOGL/USDC,perpetual,334.58220682,499228.4124474,0.0,0.0,0.0,0,2026-07-29T20:30:15.000Z
Alphabet Inc,alphabet-inc-derivatives,YUBIT,yubit,GOOGL/USDT,perpetual,332.9569932,334424.8587738,0.0,0.0,0.0,0,2026-07-29T20:30:15.000Z
Alphabet Inc,alphabet-inc-derivatives,OrangeX,orangex,GOOGL/USDT,perpetual,333.20779046,270141.04641136,0.0,0.0,0.0,0,2026-07-29T20:27:15.000Z
Alphabet Inc,alphabet-inc-derivatives,WEEX,weex,GOOGL/USDT,perpetual,332.9677835,144596.47511601,0.0,0.0,0.0,0,2026-07-29T20:30:17.000Z
Alphabet Inc,alphabet-inc-derivatives,Pacifica,pacifica,GOOGL/USD,perpetual,332.7494124,41031.75292312,0.0,0.0,0.0,0,2026-07-29T20:30:15.000Z
Alphabet Inc,alphabet-inc-derivatives,ApeX Omni,apex-omni,GOOGL/USDT,perpetual,332.75721701,26216.23184296,0.0,0.0,0.0,0,2026-07-29T20:30:16.000Z
Alphabet Inc,alphabet-inc-derivatives,Paradex,paradex-trade,GOOGL/USD,perpetual,335.50898015,80.52215524,0.0,0.0,0.0,0,2026-07-29T20:30:15.000Z
Alphabet Inc,alphabet-inc-derivatives,ADEN,aden-decentralized-derivatives-exchange,GOOGL/USDC,perpetual,337.38354522,0.0,0.0,0.0,0.0,0,2026-07-29T20:27:57.000Z
Alphabet Inc,alphabet-inc-derivatives,BitMart,bitmart,GOOGL/USDT,perpetual,319.91472732,0.0,0.0,0.0,0.0,0,2026-07-29T20:30:16.000Z
Alphabet Inc,alphabet-inc-derivatives,BYDFi,bydfi,GOOGL/USDT,perpetual,334.56211916,814988.41825948,0.0,0.0,0.0,0,2026-07-29T20:30:16.000Z
Alphabet Inc,alphabet-inc-derivatives,EasiCoin,easicoin,GOOGL/USDT,perpetual,332.96406742,3190211.03965052,0.0,0.0,0.0,0,2026-07-29T20:30:16.000Z
Alphabet Inc,alphabet-inc-derivatives,BTSE,btse,GOOGL/USDT,perpetual,333.0964916463495,549375.537,,,,0,2026-07-29T20:27:15.447Z
Alphabet Inc,alphabet-inc-derivatives,BTSE,btse,GOOGL/USDT,perpetual,333.0964916463495,549375.537,,,,0,2026-07-29T20:27:15.447Z
Alphabet Inc,alphabet-inc-derivatives,Fillx,fillx,GOOGL/USDC,perpetual,333.0964916463495,0.0,,,,0,2026-07-29T20:30:15.439Z
Alphabet Inc,alphabet-inc-derivatives,ADEN,aden-decentralized-derivatives-exchange,GOOGL/USDT,perpetual,333.0964916463495,0.0,,,,0,2026-07-29T20:27:57.068Z
Alphabet Inc,alphabet-inc-derivatives,ADEN,aden-decentralized-derivatives-exchange,GOOGL/USDT,perpetual,333.0964916463495,0.0,,,,0,2026-07-29T20:27:57.068Z
Amazon.com Inc,amazon-com-inc-derivatives,Binance,binance,AMZN/USDT,perpetual,225.82686024,11377169.44463241,0.0,0.0,0.0,0,2026-07-29T20:30:16.000Z
Amazon.com Inc,amazon-com-inc-derivatives,Aster,aster-pro,AMZN/USDT,perpetual,225.90458881,109470.53917881,0.0,0.0,0.0,0,2026-07-29T20:30:15.000Z
Amazon.com Inc,amazon-com-inc-derivatives,Aster,aster-pro,AMZN/USD,perpetual,225.90458881,0.0,0.0,0.0,0.0,0,2026-07-29T20:30:15.000Z
Amazon.com Inc,amazon-com-inc-derivatives,KuCoin,kucoin,AMZN/USDT,perpetual,226.31622501,319527.22333034,0.0,0.0,0.0,0,2026-07-29T20:30:19.000Z
Amazon.com Inc,amazon-com-inc-derivatives,Bybit,bybit,AMZN/USDT,perpetual,226.02678553,15998824.18394308,0.0,0.0,0.0,0,2026-07-29T20:30:16.000Z
Amazon.com Inc,amazon-com-inc-derivatives,Hyperliquid,hyperliquid,xyz:AMZN/USDC,perpetual,225.8904454,14766745.70326575,0.0,0.0,0.0,0,2026-07-29T20:30:26.000Z
Amazon.com Inc,amazon-com-inc-derivatives,OKX,okx,AMZN/USDT,perpetual,226.72866371,2031067.11155192,0.0,0.0,0.0,0,2026-07-29T20:28:28.000Z
Amazon.com Inc,amazon-com-inc-derivatives,Hyperliquid,hyperliquid,cash:AMZN/USDT,perpetual,241.46230173,0.0,0.0,0.0,0.0,0,2026-07-29T20:30:26.000Z
Amazon.com Inc,amazon-com-inc-derivatives,Crypto.com Exchange,crypto-com-exchange,AMZN/USD,perpetual,231.8855244,1283.24396726,0.0,0.0,0.0,0,2026-07-29T12:30:18.000Z
Amazon.com Inc,amazon-com-inc-derivatives,Phemex,phemex,AMZN/USDT,perpetual,225.75708767,30814.7227216,0.0,0.0,0.0,0,2026-07-29T20:30:16.000Z
Amazon.com Inc,amazon-com-inc-derivatives,BingX,bingx,AMZN/USDT,perpetual,225.78473493,6735610.68172201,0.0,0.0,0.0,0,2026-07-29T20:30:18.000Z
Amazon.com Inc,amazon-com-inc-derivatives,Biconomy.com,biconomy,AMZN/USDT,perpetual,226.2440641,5376198.22631647,0.0,0.0,0.0,0,2026-07-29T20:27:15.000Z
Amazon.com Inc,amazon-com-inc-derivatives,Tapbit,tapbit,AMZN/USDT,perpetual,225.82468622,11718989.62498031,0.0,0.0,0.0,0,2026-07-29T20:30:15.000Z
Amazon.com Inc,amazon-com-inc-derivatives,LBank,lbank,AMZN/USDT,perpetual,225.85682135,5435335.0819432,0.0,0.0,0.0,0,2026-07-29T20:30:16.000Z
Amazon.com Inc,amazon-com-inc-derivatives,CoinW,coinw,AMZN/USDT,perpetual,225.81702053,5431352.23636964,0.0,0.0,0.0,0,2026-07-29T20:30:17.000Z
Amazon.com Inc,amazon-com-inc-derivatives,Toobit,toobit,AMZN/USDT,perpetual,225.86680839,5371763.83895894,0.0,0.0,0.0,0,2026-07-29T20:30:16.000Z
Amazon.com Inc,amazon-com-inc-derivatives,Ourbit,ourbit,AMZN/USDT,perpetual,225.84698696,5264995.34104058,0.0,0.0,0.0,0,2026-07-29T20:30:15.000Z
Amazon.com Inc,amazon-com-inc-derivatives,Zoomex,zoomex,AMZN/USDT,perpetual,226.83515228,4805427.80147634,0.0,0.0,0.0,0,2026-07-29T20:24:15.000Z
Amazon.com Inc,amazon-com-inc-derivatives,Deepcoin,deepcoin,AMZN/USDT,perpetual,225.85464969,2642815.59787002,0.0,0.0,0.0,0,2026-07-29T20:30:15.000Z
Amazon.com Inc,amazon-com-inc-derivatives,WhiteBIT,whitebit,AMZN/USDT,perpetual,225.81702053,2370148.33615184,0.0,0.0,0.0,0,2026-07-29T20:30:15.000Z
Amazon.com Inc,amazon-com-inc-derivatives,Coinbase International Exchange,coinbase-international-exchange,AMZN/USDC,perpetual,225.90721891,2001220.75203575,0.0,0.0,0.0,0,2026-07-29T20:30:15.000Z
Amazon.com Inc,amazon-com-inc-derivatives,Echobit,echobit,AMZN/USDT,perpetual,225.84698696,1897157.60138079,0.0,0.0,0.0,0,2026-07-29T20:30:16.000Z
Amazon.com Inc,amazon-com-inc-derivatives,Hotcoin,hotcoin-global,AMZN/USDT,perpetual,225.92710655,1262424.26204491,0.0,0.0,0.0,0,2026-07-29T20:30:28.000Z
Amazon.com Inc,amazon-com-inc-derivatives,Bitrue,bitrue,AMZN/USDT,perpetual,225.85697577,955644.60477452,0.0,0.0,0.0,0,2026-07-29T20:30:16.000Z
Amazon.com Inc,amazon-com-inc-derivatives,Bitunix,bitunix,AMZN/USDT,perpetual,226.73526891,953766.44336059,0.0,0.0,0.0,0,2026-07-29T20:24:16.000Z
Amazon.com Inc,amazon-com-inc-derivatives,OrangeX,orangex,AMZN/USDT,perpetual,226.26404238,914192.73773503,0.0,0.0,0.0,0,2026-07-29T20:27:15.000Z
Amazon.com Inc,amazon-com-inc-derivatives,Ondo Perps,ondoperps,AMZN/USD,perpetual,225.94469752,871056.25386,0.0,0.0,0.0,0,2026-07-29T20:30:16.000Z
Amazon.com Inc,amazon-com-inc-derivatives,WEEX,weex,AMZN/USDT,perpetual,225.74696396,824234.98829466,0.0,0.0,0.0,0,2026-07-29T20:30:17.000Z
Amazon.com Inc,amazon-com-inc-derivatives,YUBIT,yubit,AMZN/USDT,perpetual,225.84698696,637772.63274636,0.0,0.0,0.0,0,2026-07-29T20:30:15.000Z
Amazon.com Inc,amazon-com-inc-derivatives,KCEX,kcex,AMZN/USDT,perpetual,225.8869422,467527.97521983,0.0,0.0,0.0,0,2026-07-29T20:30:15.000Z
Amazon.com Inc,amazon-com-inc-derivatives,MGBX,mgbx,AMZN/USDT,perpetual,228.08617876,256595.77845733,0.0,0.0,0.0,0,2026-07-29T15:15:16.000Z
Amazon.com Inc,amazon-com-inc-derivatives,Lighter,lighter,AMZN/USDC,perpetual,225.91121762,95024.97843149,0.0,0.0,0.0,0,2026-07-29T20:30:15.000Z
Amazon.com Inc,amazon-com-inc-derivatives,ApeX Omni,apex-omni,AMZN/USDT,perpetual,225.7870541,92659.08949162,0.0,0.0,0.0,0,2026-07-29T20:30:16.000Z
Amazon.com Inc,amazon-com-inc-derivatives,BloFin,blofin,AMZN/USDT,perpetual,226.71392324,68027.02372817,0.0,0.0,0.0,0,2026-07-29T20:21:16.000Z
Amazon.com Inc,amazon-com-inc-derivatives,BitMart,bitmart,AMZN/USDT,perpetual,231.11998938,0.0,0.0,0.0,0.0,0,2026-07-29T20:30:16.000Z
Amazon.com Inc,amazon-com-inc-derivatives,BYDFi,bydfi,AMZN/USDT,perpetual,226.70361467,109020.72756588,0.0,0.0,0.0,0,2026-07-29T20:30:16.000Z
Amazon.com Inc,amazon-com-inc-derivatives,EasiCoin,easicoin,AMZN/USDT,perpetual,225.82468622,568588.2765721,0.0,0.0,0.0,0,2026-07-29T20:30:16.000Z
Amazon.com Inc,amazon-com-inc-derivatives,BTSE,btse,AMZN/USDT,perpetual,226.34945319098483,821905.8117,,,,0,2026-07-29T20:27:15.447Z
Amazon.com Inc,amazon-com-inc-derivatives,BTSE,btse,AMZN/USDT,perpetual,226.34945319098483,821905.8117,,,,0,2026-07-29T20:27:15.447Z
Amazon.com Inc,amazon-com-inc-derivatives,MemeMax,mememax,AMZN/USDC,perpetual,226.34945319098483,296.0853789923776,,,,0,2026-07-29T20:30:15.981Z
Amazon.com Inc,amazon-com-inc-derivatives,Orderly,orderly-network-evm,AMZN/USDC,perpetual,226.34945319098483,296.0853789923776,,,,0,2026-07-29T20:30:16.511Z
Amazon.com Inc,amazon-com-inc-derivatives,Fillx,fillx,AMZN/USDC,perpetual,226.34945319098483,0.0,,,,0,2026-07-29T20:30:15.439Z
Amazon.com Inc,amazon-com-inc-derivatives,DeriW,deriw,AMZN/USDT,perpetual,226.34945319098483,0.0,,,,0,2026-07-29T20:30:18.206Z
Amazon.com Inc,amazon-com-inc-derivatives,DeriW,deriw,AMZN/USDT,perpetual,226.34945319098483,0.0,,,,0,2026-07-29T20:30:18.206Z
Amazon.com Inc,amazon-com-inc-derivatives,ADEN,aden-decentralized-derivatives-exchange,AMZN/USDC,perpetual,226.34945319098483,0.0,,,,0,2026-07-29T20:27:57.068Z
Amazon.com Inc,amazon-com-inc-derivatives,ADEN,aden-decentralized-derivatives-exchange,AMZN/USDT,perpetual,226.34945319098483,0.0,,,,0,2026-07-29T20:27:57.068Z
Amazon.com Inc,amazon-com-inc-derivatives,ADEN,aden-decentralized-derivatives-exchange,AMZN/USDT,perpetual,226.34945319098483,0.0,,,,0,2026-07-29T20:27:57.068Z
Intel Corp,intel-corp-derivatives,Binance,binance,INTC/USDT,perpetual,80.27579615,247680282.00077826,0.0,0.0,0.0,0,2026-07-29T20:30:16.000Z
Intel Corp,intel-corp-derivatives,Aster,aster-pro,INTC/USDT,perpetual,81.00124747,407782.67245018,0.0,0.0,0.0,0,2026-07-29T20:30:15.000Z
Intel Corp,intel-corp-derivatives,KuCoin,kucoin,INTC/USDT,perpetual,80.30575726,949065.46232351,0.0,0.0,0.0,0,2026-07-29T20:30:19.000Z
Intel Corp,intel-corp-derivatives,Hyperliquid,hyperliquid,xyz:INTC/USDC,perpetual,80.25239467,70117924.10267077,0.0,0.0,0.0,0,2026-07-29T20:30:26.000Z
Intel Corp,intel-corp-derivatives,OKX,okx,INTC/USDT,perpetual,80.79756046,67044918.81344992,0.0,0.0,0.0,0,2026-07-29T20:28:28.000Z
Intel Corp,intel-corp-derivatives,Bybit,bybit,INTC/USDT,perpetual,80.29005224,17206504.2248438,0.0,0.0,0.0,0,2026-07-29T20:30:16.000Z
Intel Corp,intel-corp-derivatives,Gate,gate,INTC/USDT,perpetual,80.27579615,4858786.93973475,0.0,0.0,0.0,0,2026-07-29T20:30:19.000Z
Intel Corp,intel-corp-derivatives,Hyperliquid,hyperliquid,cash:INTC/USDT,perpetual,140.852177,0.0,0.0,0.0,0.0,0,2026-07-29T20:30:26.000Z
Intel Corp,intel-corp-derivatives,Crypto.com Exchange,crypto-com-exchange,INTC/USD,perpetual,87.05961832,525489.93529045,0.0,0.0,0.0,0,2026-07-29T12:30:18.000Z
Intel Corp,intel-corp-derivatives,Phemex,phemex,INTC/USDT,perpetual,80.30004105,60811.37401653,0.0,0.0,0.0,0,2026-07-29T20:30:16.000Z
Intel Corp,intel-corp-derivatives,Biconomy.com,biconomy,INTC/USDT,perpetual,80.4225776,24733402.98085688,0.0,0.0,0.0,0,2026-07-29T20:27:15.000Z
Intel Corp,intel-corp-derivatives,BingX,bingx,INTC/USDT,perpetual,80.27213636,7982051.94498117,0.0,0.0,0.0,0,2026-07-29T20:30:18.000Z
Intel Corp,intel-corp-derivatives,XT.COM,xt,INTC/USDT,perpetual,80.3892486,1992837.53688049,0.0,0.0,0.0,0,2026-07-29T20:30:41.579Z
Intel Corp,intel-corp-derivatives,Tapbit,tapbit,INTC/USDT,perpetual,80.27213636,126172424.64123045,0.0,0.0,0.0,0,2026-07-29T20:30:15.000Z
Intel Corp,intel-corp-derivatives,CoinW,coinw,INTC/USDT,perpetual,80.28006343,103028508.55471592,0.0,0.0,0.0,0,2026-07-29T20:30:17.000Z
Intel Corp,intel-corp-derivatives,Toobit,toobit,INTC/USDT,perpetual,80.27579615,97008784.07221688,0.0,0.0,0.0,0,2026-07-29T20:30:16.000Z
Intel Corp,intel-corp-derivatives,Ourbit,ourbit,INTC/USDT,perpetual,80.28006343,75088472.45677872,0.0,0.0,0.0,0,2026-07-29T20:30:15.000Z
Intel Corp,intel-corp-derivatives,LBank,lbank,INTC/USDT,perpetual,80.33571837,56759922.40037772,0.0,0.0,0.0,0,2026-07-29T20:30:16.000Z
Intel Corp,intel-corp-derivatives,OrangeX,orangex,INTC/USDT,perpetual,80.38262103,55035240.98052765,0.0,0.0,0.0,0,2026-07-29T20:27:15.000Z
Intel Corp,intel-corp-derivatives,Deepcoin,deepcoin,INTC/USDT,perpetual,80.29211201,34680127.12155153,0.0,0.0,0.0,0,2026-07-29T20:30:15.000Z
Intel Corp,intel-corp-derivatives,WhiteBIT,whitebit,INTC/USDT,perpetual,80.3499851,23830203.73998096,0.0,0.0,0.0,0,2026-07-29T20:30:15.000Z
Intel Corp,intel-corp-derivatives,Hotcoin,hotcoin-global,INTC/USDT,perpetual,80.25950348,22795419.83395268,0.0,0.0,0.0,0,2026-07-29T20:30:28.000Z
Intel Corp,intel-corp-derivatives,Echobit,echobit,INTC/USDT,perpetual,80.28006343,19356562.92016714,0.0,0.0,0.0,0,2026-07-29T20:30:16.000Z
Intel Corp,intel-corp-derivatives,Bitunix,bitunix,INTC/USDT,perpetual,80.81564144,19093284.43269002,0.0,0.0,0.0,0,2026-07-29T20:24:16.000Z
Intel Corp,intel-corp-derivatives,Bitrue,bitrue,INTC/USDT,perpetual,80.28006343,17425260.42812267,0.0,0.0,0.0,0,2026-07-29T20:30:16.000Z
Intel Corp,intel-corp-derivatives,Ondo Perps,ondoperps,INTC/USD,perpetual,80.25587662,12384942.41983935,0.0,0.0,0.0,0,2026-07-29T20:30:16.000Z
Intel Corp,intel-corp-derivatives,YUBIT,yubit,INTC/USDT,perpetual,80.26008581,12086898.8458777,0.0,0.0,0.0,0,2026-07-29T20:30:15.000Z
Intel Corp,intel-corp-derivatives,DigiFinex,digifinex,INTC/USDT,perpetual,80.30004105,9477570.53611502,0.0,0.0,0.0,0,2026-07-29T20:30:16.000Z
Intel Corp,intel-corp-derivatives,KCEX,kcex,INTC/USDT,perpetual,80.30004105,6778556.69013293,0.0,0.0,0.0,0,2026-07-29T20:30:15.000Z
Intel Corp,intel-corp-derivatives,WEEX,weex,INTC/USDT,perpetual,80.26580912,6752582.7235112,0.0,0.0,0.0,0,2026-07-29T20:30:17.000Z
Intel Corp,intel-corp-derivatives,MGBX,mgbx,INTC/USDT,perpetual,83.31171969,5530309.47477799,0.0,0.0,0.0,0,2026-07-29T15:15:16.000Z
Intel Corp,intel-corp-derivatives,Zoomex,zoomex,INTC/USDT,perpetual,80.89554814,5154931.21608673,0.0,0.0,0.0,0,2026-07-29T20:24:15.000Z
Intel Corp,intel-corp-derivatives,Coinbase International Exchange,coinbase-international-exchange,INTC/USDC,perpetual,80.37410567,2792155.01267893,0.0,0.0,0.0,0,2026-07-29T20:30:15.000Z
Intel Corp,intel-corp-derivatives,Lighter,lighter,INTC/USDC,perpetual,80.22915237,423323.54917588,0.0,0.0,0.0,0,2026-07-29T20:30:15.000Z
Intel Corp,intel-corp-derivatives,BloFin,blofin,INTC/USDT,perpetual,80.82158099,271078.18276949,0.0,0.0,0.0,0,2026-07-29T20:21:16.000Z
Intel Corp,intel-corp-derivatives,ApeX Omni,apex-omni,INTC/USDT,perpetual,80.3499851,266101.30414218,0.0,0.0,0.0,0,2026-07-29T20:30:16.000Z
Intel Corp,intel-corp-derivatives,ADEN,aden-decentralized-derivatives-exchange,INTC/USDT,perpetual,80.33236476,4088.31210216,0.0,0.0,0.0,0,2026-07-29T20:27:57.000Z
Intel Corp,intel-corp-derivatives,BitMart,bitmart,INTC/USDT,perpetual,92.39007094,0.0,0.0,0.0,0.0,0,2026-07-29T20:30:16.000Z
Intel Corp,intel-corp-derivatives,BYDFi,bydfi,INTC/USDT,perpetual,80.801491,2331662.43771469,0.0,0.0,0.0,0,2026-07-29T20:30:16.000Z
Intel Corp,intel-corp-derivatives,EasiCoin,easicoin,INTC/USDT,perpetual,80.28212419,11125287.29496365,0.0,0.0,0.0,0,2026-07-29T20:30:16.000Z
Intel Corp,intel-corp-derivatives,BTSE,btse,INTC/USDT,perpetual,80.40027424661253,1307700.984,,,,0,2026-07-29T20:27:15.447Z
Intel Corp,intel-corp-derivatives,BTSE,btse,INTC/USDT,perpetual,80.40027424661253,1307700.984,,,,0,2026-07-29T20:27:15.447Z
Intel Corp,intel-corp-derivatives,Fillx,fillx,INTC/USDC,perpetual,80.40027424661253,0.0,,,,0,2026-07-29T20:30:15.439Z
Intel Corp,intel-corp-derivatives,DeriW,deriw,INTC/USDT,perpetual,80.40027424661253,0.0,,,,0,2026-07-29T20:30:18.206Z
Intel Corp,intel-corp-derivatives,DeriW,deriw,INTC/USDT,perpetual,80.40027424661253,0.0,,,,0,2026-07-29T20:30:18.206Z
Intel Corp,intel-corp-derivatives,ADEN,aden-decentralized-derivatives-exchange,INTC/USDC,perpetual,80.40027424661253,0.0,,,,0,2026-07-29T20:27:57.068Z
MicroStrategy Inc,microstrategy-inc-derivatives,Binance,binance,MSTR/USDT,perpetual,92.53987648,121044709.28873987,0.0,0.0,0.0,0,2026-07-29T20:30:16.000Z
MicroStrategy Inc,microstrategy-inc-derivatives,Aster,aster-pro,MSTR/USDT,perpetual,92.29747569,327754.36882009,0.0,0.0,0.0,0,2026-07-29T20:30:15.000Z
MicroStrategy Inc,microstrategy-inc-derivatives,KuCoin,kucoin,MSTR/USDT,perpetual,92.54986352,987891.030301,0.0,0.0,0.0,0,2026-07-29T20:30:19.000Z
MicroStrategy Inc,microstrategy-inc-derivatives,OKX,okx,MSTR/USDT,perpetual,92.89521695,20473122.05512035,0.0,0.0,0.0,0,2026-07-29T20:28:28.000Z
MicroStrategy Inc,microstrategy-inc-derivatives,Hyperliquid,hyperliquid,xyz:MSTR/USDC,perpetual,92.55969477,15240285.36944416,0.0,0.0,0.0,0,2026-07-29T20:30:26.000Z
MicroStrategy Inc,microstrategy-inc-derivatives,Bybit,bybit,MSTR/USDT,perpetual,92.53633291,5536650.43825047,0.0,0.0,0.0,0,2026-07-29T20:30:16.000Z
MicroStrategy Inc,microstrategy-inc-derivatives,Crypto.com Exchange,crypto-com-exchange,MSTR/USD,perpetual,97.46435321,23496.85273896,0.0,0.0,0.0,0,2026-07-29T12:30:18.000Z
MicroStrategy Inc,microstrategy-inc-derivatives,Phemex,phemex,MSTR/USDT,perpetual,92.19671338,7991.663058,0.0,0.0,0.0,0,2026-07-29T20:30:16.000Z
MicroStrategy Inc,microstrategy-inc-derivatives,Biconomy.com,biconomy,MSTR/USDT,perpetual,92.49944958,14039608.87934012,0.0,0.0,0.0,0,2026-07-29T20:27:15.000Z
MicroStrategy Inc,microstrategy-inc-derivatives,BingX,bingx,MSTR/USDT,perpetual,92.5571591,8040922.77271192,0.0,0.0,0.0,0,2026-07-29T20:30:18.000Z
MicroStrategy Inc,microstrategy-inc-derivatives,Toobit,toobit,MSTR/USDT,perpetual,92.54986352,54423525.12645693,0.0,0.0,0.0,0,2026-07-29T20:30:16.000Z
MicroStrategy Inc,microstrategy-inc-derivatives,Tapbit,tapbit,MSTR/USDT,perpetual,92.52719563,45675850.26263247,0.0,0.0,0.0,0,2026-07-29T20:30:15.000Z
MicroStrategy Inc,microstrategy-inc-derivatives,LBank,lbank,MSTR/USDT,perpetual,92.54986352,27240577.346136,0.0,0.0,0.0,0,2026-07-29T20:30:16.000Z
MicroStrategy Inc,microstrategy-inc-derivatives,Ourbit,ourbit,MSTR/USDT,perpetual,92.57628815,23495237.00766008,0.0,0.0,0.0,0,2026-07-29T20:30:15.000Z
MicroStrategy Inc,microstrategy-inc-derivatives,CoinW,coinw,MSTR/USDT,perpetual,92.56629934,23224746.42985631,0.0,0.0,0.0,0,2026-07-29T20:30:17.000Z
MicroStrategy Inc,microstrategy-inc-derivatives,OrangeX,orangex,MSTR/USDT,perpetual,92.45949302,21218953.52074492,0.0,0.0,0.0,0,2026-07-29T20:27:15.000Z
MicroStrategy Inc,microstrategy-inc-derivatives,Deepcoin,deepcoin,MSTR/USDT,perpetual,92.5571591,16862600.07586928,0.0,0.0,0.0,0,2026-07-29T20:30:15.000Z
MicroStrategy Inc,microstrategy-inc-derivatives,Hotcoin,hotcoin-global,MSTR/USDT,perpetual,92.56409635,11716336.45042439,0.0,0.0,0.0,0,2026-07-29T20:30:28.000Z
MicroStrategy Inc,microstrategy-inc-derivatives,Bitunix,bitunix,MSTR/USDT,perpetual,92.91151856,10430502.57550594,0.0,0.0,0.0,0,2026-07-29T20:24:16.000Z
MicroStrategy Inc,microstrategy-inc-derivatives,Bitrue,bitrue,MSTR/USDT,perpetual,92.55631053,8772365.71425342,0.0,0.0,0.0,0,2026-07-29T20:30:16.000Z
MicroStrategy Inc,microstrategy-inc-derivatives,WhiteBIT,whitebit,MSTR/USDT,perpetual,92.58627696,5145827.32750474,0.0,0.0,0.0,0,2026-07-29T20:30:15.000Z
MicroStrategy Inc,microstrategy-inc-derivatives,DigiFinex,digifinex,MSTR/USDT,perpetual,92.53633291,4546552.4812572,0.0,0.0,0.0,0,2026-07-29T20:30:16.000Z
MicroStrategy Inc,microstrategy-inc-derivatives,KCEX,kcex,MSTR/USDT,perpetual,92.55631053,3614511.65621712,0.0,0.0,0.0,0,2026-07-29T20:30:15.000Z
MicroStrategy Inc,microstrategy-inc-derivatives,YUBIT,yubit,MSTR/USDT,perpetual,92.54632172,3606753.98681949,0.0,0.0,0.0,0,2026-07-29T20:30:15.000Z
MicroStrategy Inc,microstrategy-inc-derivatives,MGBX,mgbx,MSTR/USDT,perpetual,95.89385643,2167520.64319501,0.0,0.0,0.0,0,2026-07-29T15:15:16.000Z
MicroStrategy Inc,microstrategy-inc-derivatives,Ondo Perps,ondoperps,MSTR/USD,perpetual,92.56831233,1870192.78998006,0.0,0.0,0.0,0,2026-07-29T20:30:16.000Z
MicroStrategy Inc,microstrategy-inc-derivatives,Zoomex,zoomex,MSTR/USDT,perpetual,92.86157687,1650784.8367851,0.0,0.0,0.0,0,2026-07-29T20:24:15.000Z
MicroStrategy Inc,microstrategy-inc-derivatives,WEEX,weex,MSTR/USDT,perpetual,92.53987648,1012715.7297283,0.0,0.0,0.0,0,2026-07-29T20:30:17.000Z
MicroStrategy Inc,microstrategy-inc-derivatives,BloFin,blofin,MSTR/USDT,perpetual,92.866913,398993.64194381,0.0,0.0,0.0,0,2026-07-29T20:21:16.000Z
MicroStrategy Inc,microstrategy-inc-derivatives,Lighter,lighter,MSTR/USDC,perpetual,92.5401861,271853.75166006,0.0,0.0,0.0,0,2026-07-29T20:30:15.000Z
MicroStrategy Inc,microstrategy-inc-derivatives,Pacifica,pacifica,MSTR/USD,perpetual,92.58462637,111191.12617578,0.0,0.0,0.0,0,2026-07-29T20:30:15.000Z
MicroStrategy Inc,microstrategy-inc-derivatives,ApeX Omni,apex-omni,MSTR/USDT,perpetual,92.37651196,39189.53694102,0.0,0.0,0.0,0,2026-07-29T20:30:16.000Z
MicroStrategy Inc,microstrategy-inc-derivatives,Coinbase International Exchange,coinbase-international-exchange,MSTR/USDC,perpetual,92.47020864,37251.10651842,0.0,0.0,0.0,0,2026-07-29T20:30:15.000Z
MicroStrategy Inc,microstrategy-inc-derivatives,Paradex,paradex-trade,MSTR/USD,perpetual,98.18506929,9.81850693,0.0,0.0,0.0,0,2026-07-29T20:30:15.000Z
MicroStrategy Inc,microstrategy-inc-derivatives,BYDFi,bydfi,MSTR/USDT,perpetual,92.86678162,1134314.50240847,0.0,0.0,0.0,0,2026-07-29T20:30:16.000Z
MicroStrategy Inc,microstrategy-inc-derivatives,EasiCoin,easicoin,MSTR/USDT,perpetual,92.5571591,3690057.73240731,0.0,0.0,0.0,0,2026-07-29T20:30:16.000Z
MicroStrategy Inc,microstrategy-inc-derivatives,BTSE,btse,MSTR/USDT,perpetual,92.48252191059733,586212.3703,,,,0,2026-07-29T20:27:15.447Z
MicroStrategy Inc,microstrategy-inc-derivatives,BTSE,btse,MSTR/USDT,perpetual,92.48252191059733,586212.3703,,,,0,2026-07-29T20:27:15.447Z
MicroStrategy Inc,microstrategy-inc-derivatives,XT.COM,xt,MSTR/USDT,perpetual,92.48252191059733,26555.7804,,,,0,2026-07-29T20:30:41.579Z
MicroStrategy Inc,microstrategy-inc-derivatives,XT.COM,xt,MSTR/USDT,perpetual,92.48252191059733,26555.7804,,,,0,2026-07-29T20:30:41.579Z
MicroStrategy Inc,microstrategy-inc-derivatives,Fillx,fillx,MSTR/USDC,perpetual,92.48252191059733,0.0,,,,0,2026-07-29T20:30:15.439Z
MicroStrategy Inc,microstrategy-inc-derivatives,DeriW,deriw,MSTR/USDT,perpetual,92.48252191059733,0.0,,,,0,2026-07-29T20:30:18.206Z
MicroStrategy Inc,microstrategy-inc-derivatives,DeriW,deriw,MSTR/USDT,perpetual,92.48252191059733,0.0,,,,0,2026-07-29T20:30:18.206Z
MicroStrategy Inc,microstrategy-inc-derivatives,ADEN,aden-decentralized-derivatives-exchange,MSTR/USDC,perpetual,92.48252191059733,0.0,,,,0,2026-07-29T20:27:57.068Z
MicroStrategy Inc,microstrategy-inc-derivatives,ADEN,aden-decentralized-derivatives-exchange,MSTR/USDT,perpetual,92.48252191059733,0.0,,,,0,2026-07-29T20:27:57.068Z
MicroStrategy Inc,microstrategy-inc-derivatives,ADEN,aden-decentralized-derivatives-exchange,MSTR/USDT,perpetual,92.48252191059733,0.0,,,,0,2026-07-29T20:27:57.068Z
MicroStrategy Inc,microstrategy-inc-derivatives,BitMart,bitmart,MSTR/USDT,perpetual,92.48252191059733,0.0,,,,0,2026-07-29T20:30:16.117Z
MicroStrategy Inc,microstrategy-inc-derivatives,BitMart,bitmart,MSTR/USDT,perpetual,92.48252191059733,0.0,,,,0,2026-07-29T20:30:16.117Z
Standard and Poor's 500 index,standard-and-poors-500-index-derivatives,Hyperliquid,hyperliquid,xyz:SP500/USDC,perpetual,7296.49933429,677009201.1163207,0.0,0.0,0.0,0,2026-07-29T20:30:26.000Z
Standard and Poor's 500 index,standard-and-poors-500-index-derivatives,Hyperliquid,hyperliquid,cash:USA500/USDT,perpetual,7448.92473162,0.0,0.0,0.0,0.0,0,2026-07-29T20:30:26.000Z
Standard and Poor's 500 index,standard-and-poors-500-index-derivatives,BingX,bingx,SP500/USDT,perpetual,7289.28328271,22199300.67043882,0.0,0.0,0.0,0,2026-07-29T20:30:18.000Z
Palantir Technologies Inc,palantir-technologies-inc-derivatives,Binance,binance,PLTR/USDT,perpetual,120.72329235,10565698.38782258,0.0,0.0,0.0,0,2026-07-29T20:30:16.000Z
Palantir Technologies Inc,palantir-technologies-inc-derivatives,Aster,aster-pro,PLTR/USDT,perpetual,125.43707361,17398.64846739,0.0,0.0,0.0,0,2026-07-29T20:30:15.000Z
Palantir Technologies Inc,palantir-technologies-inc-derivatives,KuCoin,kucoin,PLTR/USDT,perpetual,120.93302011,177139.5685043,0.0,0.0,0.0,0,2026-07-29T20:30:19.000Z
Palantir Technologies Inc,palantir-technologies-inc-derivatives,Hyperliquid,hyperliquid,xyz:PLTR/USDC,perpetual,120.70352073,3294596.75078787,0.0,0.0,0.0,0,2026-07-29T20:30:26.000Z
Palantir Technologies Inc,palantir-technologies-inc-derivatives,OKX,okx,PLTR/USDT,perpetual,121.16637126,1696057.78500244,0.0,0.0,0.0,0,2026-07-29T20:28:28.000Z
Palantir Technologies Inc,palantir-technologies-inc-derivatives,Bybit,bybit,PLTR/USDT,perpetual,120.67480979,842421.02677541,0.0,0.0,0.0,0,2026-07-29T20:30:16.000Z
Palantir Technologies Inc,palantir-technologies-inc-derivatives,Crypto.com Exchange,crypto-com-exchange,PLTR/USD,perpetual,123.96641353,22031.21576991,0.0,0.0,0.0,0,2026-07-29T12:30:18.000Z
Palantir Technologies Inc,palantir-technologies-inc-derivatives,Biconomy.com,biconomy,PLTR/USDT,perpetual,120.75873067,5082151.11051149,0.0,0.0,0.0,0,2026-07-29T20:27:15.000Z
Palantir Technologies Inc,palantir-technologies-inc-derivatives,BingX,bingx,PLTR/USDT,perpetual,120.72282098,1276019.49301079,0.0,0.0,0.0,0,2026-07-29T20:30:18.000Z
Palantir Technologies Inc,palantir-technologies-inc-derivatives,XT.COM,xt,PLTR/USDT,perpetual,120.81863708,21134.81787137,0.0,0.0,0.0,0,2026-07-29T20:30:41.579Z
Palantir Technologies Inc,palantir-technologies-inc-derivatives,Tapbit,tapbit,PLTR/USDT,perpetual,120.7328088,6771704.27803561,0.0,0.0,0.0,0,2026-07-29T20:30:15.000Z
Palantir Technologies Inc,palantir-technologies-inc-derivatives,Ourbit,ourbit,PLTR/USDT,perpetual,120.76470908,5188861.59255369,0.0,0.0,0.0,0,2026-07-29T20:30:15.000Z
Palantir Technologies Inc,palantir-technologies-inc-derivatives,LBank,lbank,PLTR/USDT,perpetual,120.73327939,5144588.71336164,0.0,0.0,0.0,0,2026-07-29T20:30:16.000Z
Palantir Technologies Inc,palantir-technologies-inc-derivatives,CoinW,coinw,PLTR/USDT,perpetual,120.72475384,5036188.28270607,0.0,0.0,0.0,0,2026-07-29T20:30:17.000Z
Palantir Technologies Inc,palantir-technologies-inc-derivatives,Toobit,toobit,PLTR/USDT,perpetual,120.75325346,4650740.42350561,0.0,0.0,0.0,0,2026-07-29T20:30:16.000Z
Palantir Technologies Inc,palantir-technologies-inc-derivatives,WhiteBIT,whitebit,PLTR/USDT,perpetual,120.72475384,4139460.62784341,0.0,0.0,0.0,0,2026-07-29T20:30:15.000Z
Palantir Technologies Inc,palantir-technologies-inc-derivatives,Deepcoin,deepcoin,PLTR/USDT,perpetual,120.75278445,2233537.68833559,0.0,0.0,0.0,0,2026-07-29T20:30:15.000Z
Palantir Technologies Inc,palantir-technologies-inc-derivatives,Ondo Perps,ondoperps,PLTR/USD,perpetual,120.74388617,1827971.87862621,0.0,0.0,0.0,0,2026-07-29T20:30:16.000Z
Palantir Technologies Inc,palantir-technologies-inc-derivatives,Hotcoin,hotcoin-global,PLTR/USDT,perpetual,120.71884253,1439632.37183453,0.0,0.0,0.0,0,2026-07-29T20:30:28.000Z
Palantir Technologies Inc,palantir-technologies-inc-derivatives,OrangeX,orangex,PLTR/USDT,perpetual,120.68880668,1234913.42215676,0.0,0.0,0.0,0,2026-07-29T20:27:15.000Z
Palantir Technologies Inc,palantir-technologies-inc-derivatives,BTSE,btse,PLTR/USDT,perpetual,120.69879582,1001787.64098956,0.0,0.0,0.0,0,2026-07-29T20:27:15.000Z
Palantir Technologies Inc,palantir-technologies-inc-derivatives,Bitunix,bitunix,PLTR/USDT,perpetual,121.34831639,591990.47499298,0.0,0.0,0.0,0,2026-07-29T20:24:16.000Z
Palantir Technologies Inc,palantir-technologies-inc-derivatives,YUBIT,yubit,PLTR/USDT,perpetual,120.75472027,529389.61264179,0.0,0.0,0.0,0,2026-07-29T20:30:15.000Z
Palantir Technologies Inc,palantir-technologies-inc-derivatives,KCEX,kcex,PLTR/USDT,perpetual,120.74473146,427245.82281975,0.0,0.0,0.0,0,2026-07-29T20:30:15.000Z
Palantir Technologies Inc,palantir-technologies-inc-derivatives,MGBX,mgbx,PLTR/USDT,perpetual,124.07384839,301479.09698463,0.0,0.0,0.0,0,2026-07-29T15:15:16.000Z
Palantir Technologies Inc,palantir-technologies-inc-derivatives,Zoomex,zoomex,PLTR/USDT,perpetual,121.09860794,252117.05465391,0.0,0.0,0.0,0,2026-07-29T20:24:15.000Z
Palantir Technologies Inc,palantir-technologies-inc-derivatives,BloFin,blofin,PLTR/USDT,perpetual,121.04260257,62275.86779379,0.0,0.0,0.0,0,2026-07-29T20:21:16.000Z
Palantir Technologies Inc,palantir-technologies-inc-derivatives,Lighter,lighter,PLTR/USDC,perpetual,120.96102968,58142.9607638,0.0,0.0,0.0,0,2026-07-29T20:30:15.000Z
Palantir Technologies Inc,palantir-technologies-inc-derivatives,ApeX Omni,apex-omni,PLTR/USDT,perpetual,120.54495527,49794.1097948,0.0,0.0,0.0,0,2026-07-29T20:30:16.000Z
Palantir Technologies Inc,palantir-technologies-inc-derivatives,Pacifica,pacifica,PLTR/USD,perpetual,120.66853133,41300.09093053,0.0,0.0,0.0,0,2026-07-29T20:30:15.000Z
Palantir Technologies Inc,palantir-technologies-inc-derivatives,WEEX,weex,PLTR/USDT,perpetual,120.72329235,14946.22690601,0.0,0.0,0.0,0,2026-07-29T20:30:17.000Z
Palantir Technologies Inc,palantir-technologies-inc-derivatives,BitMart,bitmart,PLTR/USDT,perpetual,122.79060882,0.0,0.0,0.0,0.0,0,2026-07-29T20:30:16.000Z
Palantir Technologies Inc,palantir-technologies-inc-derivatives,BYDFi,bydfi,PLTR/USDT,perpetual,121.14230956,102626.74278152,0.0,0.0,0.0,0,2026-07-29T20:30:16.000Z
Palantir Technologies Inc,palantir-technologies-inc-derivatives,EasiCoin,easicoin,PLTR/USDT,perpetual,120.7328088,477201.39073814,0.0,0.0,0.0,0,2026-07-29T20:30:16.000Z
Palantir Technologies Inc,palantir-technologies-inc-derivatives,ADEN,aden-decentralized-derivatives-exchange,PLTR/USDT,perpetual,120.73839185360076,0.0,,,,0,2026-07-29T20:27:57.068Z
Palantir Technologies Inc,palantir-technologies-inc-derivatives,ADEN,aden-decentralized-derivatives-exchange,PLTR/USDT,perpetual,120.73839185360076,0.0,,,,0,2026-07-29T20:27:57.068Z
Robinhood Markets,robinhood-markets-derivatives,Binance,binance,HOOD/USDT,perpetual,85.85854933,35162690.05122512,0.0,0.0,0.0,0,2026-07-29T20:30:16.000Z
Robinhood Markets,robinhood-markets-derivatives,Aster,aster-pro,HOOD/USDT,perpetual,85.5457071,239280.31181584,0.0,0.0,0.0,0,2026-07-29T20:30:15.000Z
Robinhood Markets,robinhood-markets-derivatives,KuCoin,kucoin,HOOD/USDT,perpetual,85.97839377,534989.18057553,0.0,0.0,0.0,0,2026-07-29T20:30:19.000Z
Robinhood Markets,robinhood-markets-derivatives,Hyperliquid,hyperliquid,xyz:HOOD/USDC,perpetual,85.85816491,18451151.55121364,0.0,0.0,0.0,0,2026-07-29T20:30:26.000Z
Robinhood Markets,robinhood-markets-derivatives,OKX,okx,HOOD/USDT,perpetual,89.7684073,3552575.74213028,0.0,0.0,0.0,0,2026-07-29T20:28:28.000Z
Robinhood Markets,robinhood-markets-derivatives,Bybit,bybit,HOOD/USDT,perpetual,86.26336043,2588238.39438316,0.0,0.0,0.0,0,2026-07-29T20:30:16.000Z
Robinhood Markets,robinhood-markets-derivatives,Hyperliquid,hyperliquid,cash:HOOD/USDT,perpetual,113.13520131,0.0,0.0,0.0,0.0,0,2026-07-29T20:30:26.000Z
Robinhood Markets,robinhood-markets-derivatives,Bitget,bitget,HOOD/USDT,perpetual,85.9237409,5172497.80945802,0.0,0.0,0.0,0,2026-07-29T20:30:15.000Z
Robinhood Markets,robinhood-markets-derivatives,Crypto.com Exchange,crypto-com-exchange,HOOD/USD,perpetual,93.53256397,8939.92830314,0.0,0.0,0.0,0,2026-07-29T12:30:18.000Z
Robinhood Markets,robinhood-markets-derivatives,Phemex,phemex,HOOD/USDT,perpetual,85.98367376,24882.48891545,0.0,0.0,0.0,0,2026-07-29T20:30:16.000Z
Robinhood Markets,robinhood-markets-derivatives,BingX,bingx,HOOD/USDT,perpetual,85.86531744,6745251.54807624,0.0,0.0,0.0,0,2026-07-29T20:30:18.000Z
Robinhood Markets,robinhood-markets-derivatives,Tapbit,tapbit,HOOD/USDT,perpetual,85.79540268,14542636.48152964,0.0,0.0,0.0,0,2026-07-29T20:30:15.000Z
Robinhood Markets,robinhood-markets-derivatives,LBank,lbank,HOOD/USDT,perpetual,85.79862712,13597924.55272938,0.0,0.0,0.0,0,2026-07-29T20:30:16.000Z
Robinhood Markets,robinhood-markets-derivatives,CoinW,coinw,HOOD/USDT,perpetual,86.07357305,7052451.86241982,0.0,0.0,0.0,0,2026-07-29T20:30:17.000Z
Robinhood Markets,robinhood-markets-derivatives,Ourbit,ourbit,HOOD/USDT,perpetual,85.813864,6037009.02362301,0.0,0.0,0.0,0,2026-07-29T20:30:15.000Z
Robinhood Markets,robinhood-markets-derivatives,OrangeX,orangex,HOOD/USDT,perpetual,86.22626877,4178927.93644367,0.0,0.0,0.0,0,2026-07-29T20:27:15.000Z
Robinhood Markets,robinhood-markets-derivatives,WhiteBIT,whitebit,HOOD/USDT,perpetual,86.00365138,3836137.93597174,0.0,0.0,0.0,0,2026-07-29T20:30:15.000Z
Robinhood Markets,robinhood-markets-derivatives,Ondo Perps,ondoperps,HOOD/USD,perpetual,86.08703017,3602403.02975538,0.0,0.0,0.0,0,2026-07-29T20:30:16.000Z
Robinhood Markets,robinhood-markets-derivatives,Hotcoin,hotcoin-global,HOOD/USDT,perpetual,86.13215008,3405937.273408,0.0,0.0,0.0,0,2026-07-29T20:30:28.000Z
Robinhood Markets,robinhood-markets-derivatives,Deepcoin,deepcoin,HOOD/USDT,perpetual,85.86531744,3404027.47171194,0.0,0.0,0.0,0,2026-07-29T20:30:15.000Z
Robinhood Markets,robinhood-markets-derivatives,Bitunix,bitunix,HOOD/USDT,perpetual,87.40794441,2629687.23524953,0.0,0.0,0.0,0,2026-07-29T20:24:16.000Z
Robinhood Markets,robinhood-markets-derivatives,Bitrue,bitrue,HOOD/USDT,perpetual,85.82385281,2470439.47651967,0.0,0.0,0.0,0,2026-07-29T20:30:16.000Z
Robinhood Markets,robinhood-markets-derivatives,DigiFinex,digifinex,HOOD/USDT,perpetual,85.85381924,1352755.70278106,0.0,0.0,0.0,0,2026-07-29T20:30:16.000Z
Robinhood Markets,robinhood-markets-derivatives,MGBX,mgbx,HOOD/USDT,perpetual,89.86241945,1218427.8390313,0.0,0.0,0.0,0,2026-07-29T15:15:16.000Z
Robinhood Markets,robinhood-markets-derivatives,YUBIT,yubit,HOOD/USDT,perpetual,85.87379685,1118348.62057053,0.0,0.0,0.0,0,2026-07-29T20:30:15.000Z
Robinhood Markets,robinhood-markets-derivatives,Zoomex,zoomex,HOOD/USDT,perpetual,87.17821264,745127.37992416,0.0,0.0,0.0,0,2026-07-29T20:24:15.000Z
Robinhood Markets,robinhood-markets-derivatives,Lighter,lighter,HOOD/USDC,perpetual,85.87733269,703545.89389751,0.0,0.0,0.0,0,2026-07-29T20:30:15.000Z
Robinhood Markets,robinhood-markets-derivatives,BloFin,blofin,HOOD/USDT,perpetual,89.73073203,175767.75531037,0.0,0.0,0.0,0,2026-07-29T20:21:16.000Z
Robinhood Markets,robinhood-markets-derivatives,Pacifica,pacifica,HOOD/USD,perpetual,85.8931926,66525.24944531,0.0,0.0,0.0,0,2026-07-29T20:30:15.000Z
Robinhood Markets,robinhood-markets-derivatives,WEEX,weex,HOOD/USDT,perpetual,85.8485623,56187.38577013,0.0,0.0,0.0,0,2026-07-29T20:30:17.000Z
Robinhood Markets,robinhood-markets-derivatives,ApeX Omni,apex-omni,HOOD/USDT,perpetual,85.48423328,12012.47699957,0.0,0.0,0.0,0,2026-07-29T20:30:16.000Z
Robinhood Markets,robinhood-markets-derivatives,Coinbase International Exchange,coinbase-international-exchange,HOOD/USDC,perpetual,85.45246957,7542.05825634,0.0,0.0,0.0,0,2026-07-29T20:30:15.000Z
Robinhood Markets,robinhood-markets-derivatives,BitMart,bitmart,HOOD/USDT,perpetual,94.66711517,0.0,0.0,0.0,0.0,0,2026-07-29T20:30:16.000Z
Robinhood Markets,robinhood-markets-derivatives,BYDFi,bydfi,HOOD/USDT,perpetual,89.76056856,302902.17732698,0.0,0.0,0.0,0,2026-07-29T20:30:16.000Z
Robinhood Markets,robinhood-markets-derivatives,EasiCoin,easicoin,HOOD/USDT,perpetual,85.83535397,1078342.0910783,0.0,0.0,0.0,0,2026-07-29T20:30:16.000Z
Robinhood Markets,robinhood-markets-derivatives,BTSE,btse,HOOD/USDT,perpetual,86.2802556650206,712031.26315,,,,0,2026-07-29T20:27:15.447Z
Robinhood Markets,robinhood-markets-derivatives,BTSE,btse,HOOD/USDT,perpetual,86.2802556650206,712031.26315,,,,0,2026-07-29T20:27:15.447Z
Robinhood Markets,robinhood-markets-derivatives,Fillx,fillx,HOOD/USDC,perpetual,86.2802556650206,0.0,,,,0,2026-07-29T20:30:15.439Z
Robinhood Markets,robinhood-markets-derivatives,DeriW,deriw,HOOD/USDT,perpetual,86.2802556650206,0.0,,,,0,2026-07-29T20:30:18.206Z
Robinhood Markets,robinhood-markets-derivatives,DeriW,deriw,HOOD/USDT,perpetual,86.2802556650206,0.0,,,,0,2026-07-29T20:30:18.206Z
Robinhood Markets,robinhood-markets-derivatives,ADEN,aden-decentralized-derivatives-exchange,HOOD/USDC,perpetual,86.2802556650206,0.0,,,,0,2026-07-29T20:27:57.068Z
Robinhood Markets,robinhood-markets-derivatives,ADEN,aden-decentralized-derivatives-exchange,HOOD/USDT,perpetual,86.2802556650206,0.0,,,,0,2026-07-29T20:27:57.068Z
Robinhood Markets,robinhood-markets-derivatives,ADEN,aden-decentralized-derivatives-exchange,HOOD/USDT,perpetual,86.2802556650206,0.0,,,,0,2026-07-29T20:27:57.068Z
Netflix,netflix-derivatives,Binance,binance,NFLX/USDT,perpetual,72.89537648,2168175.75184104,0.0,0.0,0.0,0,2026-07-29T20:30:16.000Z
Netflix,netflix-derivatives,Aster,aster-pro,NFLX/USDT,perpetual,73.53035559,8912.24465213,0.0,0.0,0.0,0,2026-07-29T20:30:15.000Z
Netflix,netflix-derivatives,KuCoin,kucoin,NFLX/USDT,perpetual,72.79550612,290951.29916669,0.0,0.0,0.0,0,2026-07-29T20:30:19.000Z
Netflix,netflix-derivatives,Hyperliquid,hyperliquid,xyz:NFLX/USDC,perpetual,72.89900782,1955318.71031172,0.0,0.0,0.0,0,2026-07-29T20:30:26.000Z
Netflix,netflix-derivatives,OKX,okx,NFLX/USDT,perpetual,73.13537835,446612.88955739,0.0,0.0,0.0,0,2026-07-29T20:28:28.000Z
Netflix,netflix-derivatives,Gate,gate,NFLX/USDT,perpetual,72.96528573,112777.60643116,0.0,0.0,0.0,0,2026-07-29T20:30:19.000Z
Netflix,netflix-derivatives,Bybit,bybit,NFLX/USDT,perpetual,72.87835546,107190.65259627,0.0,0.0,0.0,0,2026-07-29T20:30:16.000Z
Netflix,netflix-derivatives,HTX,htx,NFLX/USDT,perpetual,72.90375085,40302.73435538,0.0,0.0,0.0,0,2026-07-29T20:27:17.000Z
Netflix,netflix-derivatives,Bitget,bitget,NFLX/USDT,perpetual,72.89833307,223914.14109737,0.0,0.0,0.0,0,2026-07-29T20:30:15.000Z
Netflix,netflix-derivatives,Crypto.com Exchange,crypto-com-exchange,NFLX/USD,perpetual,72.45297125,2407.09539959,0.0,0.0,0.0,0,2026-07-29T12:30:18.000Z
Netflix,netflix-derivatives,Phemex,phemex,NFLX/USDT,perpetual,72.84838903,159670.39631507,0.0,0.0,0.0,0,2026-07-29T20:30:16.000Z
Netflix,netflix-derivatives,BingX,bingx,NFLX/USDT,perpetual,72.88114707,1663868.27782609,0.0,0.0,0.0,0,2026-07-29T20:30:18.000Z
Netflix,netflix-derivatives,SunX,sunperp,NFLX/USDT,perpetual,70.5140042,1286845.43164361,0.0,0.0,0.0,0,2026-07-29T20:30:16.000Z
Netflix,netflix-derivatives,XT.COM,xt,NFLX/USDT,perpetual,72.91675476,3833.87121748,0.0,0.0,0.0,0,2026-07-29T20:30:41.579Z
Netflix,netflix-derivatives,CoinW,coinw,NFLX/USDT,perpetual,72.89833307,3392078.78427581,0.0,0.0,0.0,0,2026-07-29T20:30:17.000Z
Netflix,netflix-derivatives,BitMart,bitmart,NFLX/USDT,perpetual,72.85542833,1605871.39775545,0.0,0.0,0.0,0,2026-07-29T20:30:16.000Z
Netflix,netflix-derivatives,Ourbit,ourbit,NFLX/USDT,perpetual,72.89833307,1034552.26547855,0.0,0.0,0.0,0,2026-07-29T20:30:15.000Z
Netflix,netflix-derivatives,WhiteBIT,whitebit,NFLX/USDT,perpetual,72.96825474,696787.73909501,0.0,0.0,0.0,0,2026-07-29T20:30:15.000Z
Netflix,netflix-derivatives,OrangeX,orangex,NFLX/USDT,perpetual,72.87078668,451261.78128606,0.0,0.0,0.0,0,2026-07-29T20:27:15.000Z
Netflix,netflix-derivatives,Hotcoin,hotcoin-global,NFLX/USDT,perpetual,72.86875777,317503.439724,0.0,0.0,0.0,0,2026-07-29T20:30:28.000Z
Netflix,netflix-derivatives,Ondo Perps,ondoperps,NFLX/USD,perpetual,72.94443024,210568.68676075,0.0,0.0,0.0,0,2026-07-29T20:30:16.000Z
Netflix,netflix-derivatives,Toobit,toobit,NFLX/USDT,perpetual,72.89537648,190630.84294486,0.0,0.0,0.0,0,2026-07-29T20:30:16.000Z
Netflix,netflix-derivatives,Bitrue,bitrue,NFLX/USDT,perpetual,72.89833307,185847.78456394,0.0,0.0,0.0,0,2026-07-29T20:30:16.000Z
Netflix,netflix-derivatives,Bitunix,bitunix,NFLX/USDT,perpetual,73.02473793,150620.08930952,0.0,0.0,0.0,0,2026-07-29T20:24:16.000Z
Netflix,netflix-derivatives,KCEX,kcex,NFLX/USDT,perpetual,72.86836665,145252.12579043,0.0,0.0,0.0,0,2026-07-29T20:30:15.000Z
Netflix,netflix-derivatives,YUBIT,yubit,NFLX/USDT,perpetual,72.86836665,142374.89950451,0.0,0.0,0.0,0,2026-07-29T20:30:15.000Z
Netflix,netflix-derivatives,MGBX,mgbx,NFLX/USDT,perpetual,72.34728624,121042.7961713,0.0,0.0,0.0,0,2026-07-29T15:15:16.000Z
Netflix,netflix-derivatives,Zoomex,zoomex,NFLX/USDT,perpetual,72.99477291,32181.63148767,0.0,0.0,0.0,0,2026-07-29T20:24:15.000Z
Netflix,netflix-derivatives,WEEX,weex,NFLX/USDT,perpetual,72.83545426,20764.26546709,0.0,0.0,0.0,0,2026-07-29T20:30:17.000Z
Netflix,netflix-derivatives,BloFin,blofin,NFLX/USDT,perpetual,73.12095828,8252.97668763,0.0,0.0,0.0,0,2026-07-29T20:21:16.000Z
Netflix,netflix-derivatives,ADEN,aden-decentralized-derivatives-exchange,NFLX/USDT,perpetual,73.06120207,0.0,0.0,0.0,0.0,0,2026-07-29T20:27:57.000Z
Netflix,netflix-derivatives,BYDFi,bydfi,NFLX/USDT,perpetual,73.01098878,23247.28810834,0.0,0.0,0.0,0,2026-07-29T20:30:16.000Z
Netflix,netflix-derivatives,BTSE,btse,NFLX/USDT,perpetual,72.90480865109416,2354905.7159,,,,0,2026-07-29T20:27:15.447Z
Netflix,netflix-derivatives,BTSE,btse,NFLX/USDT,perpetual,72.90480865109416,2354905.7159,,,,0,2026-07-29T20:27:15.447Z
Netflix,netflix-derivatives,DeriW,deriw,NFLX/USDT,perpetual,72.90480865109416,0.0,,,,0,2026-07-29T20:30:18.206Z
Netflix,netflix-derivatives,DeriW,deriw,NFLX/USDT,perpetual,72.90480865109416,0.0,,,,0,2026-07-29T20:30:18.206Z
Netflix,netflix-derivatives,LBank,lbank,NFLX/USDT,perpetual,72.90480865109416,0.0,,,,0,2026-07-29T20:30:16.708Z
Netflix,netflix-derivatives,LBank,lbank,NFLX/USDT,perpetual,72.90480865109416,0.0,,,,0,2026-07-29T20:30:16.708Z
Palladium,palladium-derivatives,Binance,binance,XPD/USDT,perpetual,1265.76694208,5774722.86142133,0.0,0.0,0.0,0,2026-07-29T20:30:16.000Z
Palladium,palladium-derivatives,Aster,aster-pro,XPD/USDT,perpetual,1262.54077557,3997.15687301,0.0,0.0,0.0,0,2026-07-29T20:30:15.000Z
Palladium,palladium-derivatives,Bitfinex,bitfinex,XPD/USDT,perpetual,1256.56888183,9.98704612,0.0,0.0,0.0,0,2026-07-29T20:30:15.000Z
Palladium,palladium-derivatives,KuCoin,kucoin,XPD/USDT,perpetual,1259.83464263,6694.31373192,0.0,0.0,0.0,0,2026-07-29T20:30:19.000Z
Palladium,palladium-derivatives,OKX,okx,XPD/USDT,perpetual,1261.81254466,1737779.59281603,0.0,0.0,0.0,0,2026-07-29T20:28:28.000Z
Palladium,palladium-derivatives,Hyperliquid,hyperliquid,xyz:PALLADIUM/USDC,perpetual,1263.22288114,396701.08397802,0.0,0.0,0.0,0,2026-07-29T20:30:26.000Z
Palladium,palladium-derivatives,Gate,gate,XPD/USDT,perpetual,1263.77952189,174183.89658229,0.0,0.0,0.0,0,2026-07-29T20:30:19.000Z
Palladium,palladium-derivatives,HTX,htx,XPD/USDT,perpetual,1262.78730219,91099.14896135,0.0,0.0,0.0,0,2026-07-29T20:27:17.000Z
Palladium,palladium-derivatives,Bitget,bitget,XPD/USDT,perpetual,1261.72650644,732439.55364414,0.0,0.0,0.0,0,2026-07-29T20:30:15.000Z
Palladium,palladium-derivatives,Crypto.com Exchange,crypto-com-exchange,XPD/USD,perpetual,1243.60592914,334301.69104309,0.0,0.0,0.0,0,2026-07-29T12:30:18.000Z
Palladium,palladium-derivatives,MEXC,mexc,XPD/USDT,perpetual,1265.52225412,299607.72865005,0.0,0.0,0.0,0,2026-07-29T20:30:15.000Z
Palladium,palladium-derivatives,Phemex,phemex,XPD/USDT,perpetual,1266.79083295,24201.49357447,0.0,0.0,0.0,0,2026-07-29T20:30:16.000Z
Palladium,palladium-derivatives,BingX,bingx,Palladium(XPD)/USDT,perpetual,1264.32859595,6590743.13674247,0.0,0.0,0.0,0,2026-07-29T20:30:18.000Z
Palladium,palladium-derivatives,Biconomy.com,biconomy,XPD/USDT,perpetual,1263.1768787,4364059.18020272,0.0,0.0,0.0,0,2026-07-29T20:27:15.000Z
Palladium,palladium-derivatives,XT.COM,xt,XPD/USDT,perpetual,1264.17013487,610612.40940779,0.0,0.0,0.0,0,2026-07-29T20:30:41.579Z
Palladium,palladium-derivatives,CoinW,coinw,XPD/USDT,perpetual,1265.44234365,3548010.18663055,0.0,0.0,0.0,0,2026-07-29T20:30:17.000Z
Palladium,palladium-derivatives,Toobit,toobit,XPD/USDT,perpetual,1264.54852367,3360260.08464399,0.0,0.0,0.0,0,2026-07-29T20:30:16.000Z
Palladium,palladium-derivatives,YUBIT,yubit,XPD/USDT,perpetual,1265.28252269,2262680.51246624,0.0,0.0,0.0,0,2026-07-29T20:30:15.000Z
Palladium,palladium-derivatives,BitMart,bitmart,XPD/USDT,perpetual,1265.25760323,1601449.54066886,0.0,0.0,0.0,0,2026-07-29T20:30:16.000Z
Palladium,palladium-derivatives,Ourbit,ourbit,XPD/USDT,perpetual,1265.23257864,1557206.24819699,0.0,0.0,0.0,0,2026-07-29T20:30:15.000Z
Palladium,palladium-derivatives,LBank,lbank,XPD/USDT,perpetual,1264.61843292,1154472.71786576,0.0,0.0,0.0,0,2026-07-29T20:30:16.000Z
Palladium,palladium-derivatives,WhiteBIT,whitebit,XPD/USDT,perpetual,1264.32359696,1106152.54848981,0.0,0.0,0.0,0,2026-07-29T20:30:15.000Z
Palladium,palladium-derivatives,Hotcoin,hotcoin-global,XPD/USDT,perpetual,1263.9673299,702822.96389159,0.0,0.0,0.0,0,2026-07-29T20:30:28.000Z
Palladium,palladium-derivatives,Bitrue,bitrue,XPD/USDT,perpetual,1265.06276888,677221.97311344,0.0,0.0,0.0,0,2026-07-29T20:30:16.000Z
Palladium,palladium-derivatives,OrangeX,orangex,XPD/USDT,perpetual,1263.15690042,589755.74308383,0.0,0.0,0.0,0,2026-07-29T20:27:15.000Z
Palladium,palladium-derivatives,WEEX,weex,XPD/USDT,perpetual,1264.54852367,481968.80041084,0.0,0.0,0.0,0,2026-07-29T20:30:17.000Z
Palladium,palladium-derivatives,MGBX,mgbx,XPD/USDT,perpetual,1250.95398063,249710.67695612,0.0,0.0,0.0,0,2026-07-29T15:15:16.000Z
Palladium,palladium-derivatives,Bitunix,bitunix,XPD/USDT,perpetual,1263.60464312,222499.29473641,0.0,0.0,0.0,0,2026-07-29T20:24:16.000Z
Palladium,palladium-derivatives,Lighter,lighter,XPD/USDC,perpetual,1256.7950952,104908.86022772,0.0,0.0,0.0,0,2026-07-29T20:30:15.000Z
Palladium,palladium-derivatives,Pionex,pionex,XPD/USDT,perpetual,1265.6021646,61255.18975632,0.0,0.0,0.0,0,2026-07-29T20:30:16.000Z
Palladium,palladium-derivatives,BloFin,blofin,XPD/USDT,perpetual,1262.30285364,32861.7306747,0.0,0.0,0.0,0,2026-07-29T20:21:16.000Z
Palladium,palladium-derivatives,ADEN,aden-decentralized-derivatives-exchange,XPD/USDT,perpetual,1261.81639967,10037.19595211,0.0,0.0,0.0,0,2026-07-29T20:27:57.000Z
Palladium,palladium-derivatives,BYDFi,bydfi,XPD/USDT,perpetual,1262.31105563,58362.92693714,0.0,0.0,0.0,0,2026-07-29T20:30:16.000Z
Oracle Corp,oracle-corp-derivatives,Binance,binance,ORCL/USDT,perpetual,116.93820567,19452720.00837602,0.0,0.0,0.0,0,2026-07-29T20:30:16.000Z
Oracle Corp,oracle-corp-derivatives,Aster,aster-pro,ORCL/USDT,perpetual,117.40686362,8439.87054621,0.0,0.0,0.0,0,2026-07-29T20:30:15.000Z
Oracle Corp,oracle-corp-derivatives,KuCoin,kucoin,ORCL/USDT,perpetual,116.63859459,368579.5682046,0.0,0.0,0.0,0,2026-07-29T20:30:19.000Z
Oracle Corp,oracle-corp-derivatives,Hyperliquid,hyperliquid,xyz:ORCL/USDC,perpetual,116.96434101,9367373.17521874,0.0,0.0,0.0,0,2026-07-29T20:30:26.000Z
Oracle Corp,oracle-corp-derivatives,OKX,okx,ORCL/USDT,perpetual,117.55006106,5710010.67319155,0.0,0.0,0.0,0,2026-07-29T20:28:28.000Z
Oracle Corp,oracle-corp-derivatives,Bybit,bybit,ORCL/USDT,perpetual,117.14875998,2236272.35753188,0.0,0.0,0.0,0,2026-07-29T20:30:16.000Z
Oracle Corp,oracle-corp-derivatives,HTX,htx,ORCL/USDT,perpetual,117.51225971,7762.26652116,0.0,0.0,0.0,0,2026-07-29T20:27:17.000Z
Oracle Corp,oracle-corp-derivatives,Crypto.com Exchange,crypto-com-exchange,ORCL/USD,perpetual,119.82452868,28320.94804539,0.0,0.0,0.0,0,2026-07-29T12:30:18.000Z
Oracle Corp,oracle-corp-derivatives,Biconomy.com,biconomy,ORCL/USDT,perpetual,117.02279178,3147904.15169883,0.0,0.0,0.0,0,2026-07-29T20:27:15.000Z
Oracle Corp,oracle-corp-derivatives,BingX,bingx,ORCL/USDT,perpetual,116.93743592,1741707.34046559,0.0,0.0,0.0,0,2026-07-29T20:30:18.000Z
Oracle Corp,oracle-corp-derivatives,SunX,sunperp,ORCL/USDT,perpetual,119.6459624,1310140.30338312,0.0,0.0,0.0,0,2026-07-29T20:30:16.000Z
Oracle Corp,oracle-corp-derivatives,XT.COM,xt,ORCL/USDT,perpetual,117.0424303,64650.37128368,0.0,0.0,0.0,0,2026-07-29T20:30:41.579Z
Oracle Corp,oracle-corp-derivatives,Ourbit,ourbit,ORCL/USDT,perpetual,116.98893902,8849624.05607502,0.0,0.0,0.0,0,2026-07-29T20:30:15.000Z
Oracle Corp,oracle-corp-derivatives,Tapbit,tapbit,ORCL/USDT,perpetual,116.95741157,8725447.69252309,0.0,0.0,0.0,0,2026-07-29T20:30:15.000Z
Oracle Corp,oracle-corp-derivatives,WhiteBIT,whitebit,ORCL/USDT,perpetual,117.15874879,5048913.88550135,0.0,0.0,0.0,0,2026-07-29T20:30:15.000Z
Oracle Corp,oracle-corp-derivatives,LBank,lbank,ORCL/USDT,perpetual,116.97815381,5048390.2270219,0.0,0.0,0.0,0,2026-07-29T20:30:16.000Z
Oracle Corp,oracle-corp-derivatives,Ondo Perps,ondoperps,ORCL/USD,perpetual,116.7931046,2556710.84524789,0.0,0.0,0.0,0,2026-07-29T20:30:16.000Z
Oracle Corp,oracle-corp-derivatives,Hotcoin,hotcoin-global,ORCL/USDT,perpetual,117.03345717,2266660.81248624,0.0,0.0,0.0,0,2026-07-29T20:30:28.000Z
Oracle Corp,oracle-corp-derivatives,KCEX,kcex,ORCL/USDT,perpetual,116.99892783,1056887.79732237,0.0,0.0,0.0,0,2026-07-29T20:30:15.000Z
Oracle Corp,oracle-corp-derivatives,Zoomex,zoomex,ORCL/USDT,perpetual,117.46285297,668631.35327578,0.0,0.0,0.0,0,2026-07-29T20:24:15.000Z
Oracle Corp,oracle-corp-derivatives,MGBX,mgbx,ORCL/USDT,perpetual,117.74283673,506695.47890435,0.0,0.0,0.0,0,2026-07-29T15:15:16.000Z
Oracle Corp,oracle-corp-derivatives,OrangeX,orangex,ORCL/USDT,perpetual,116.99282435,395487.09049559,0.0,0.0,0.0,0,2026-07-29T20:27:15.000Z
Oracle Corp,oracle-corp-derivatives,Bitunix,bitunix,ORCL/USDT,perpetual,117.41291128,383006.77974104,0.0,0.0,0.0,0,2026-07-29T20:24:16.000Z
Oracle Corp,oracle-corp-derivatives,Toobit,toobit,ORCL/USDT,perpetual,117.01810196,232093.30224486,0.0,0.0,0.0,0,2026-07-29T20:30:16.000Z
Oracle Corp,oracle-corp-derivatives,YUBIT,yubit,ORCL/USDT,perpetual,117.00891664,91315.56052726,0.0,0.0,0.0,0,2026-07-29T20:30:15.000Z
Oracle Corp,oracle-corp-derivatives,BloFin,blofin,ORCL/USDT,perpetual,117.61677431,56715.60220616,0.0,0.0,0.0,0,2026-07-29T20:21:16.000Z
Oracle Corp,oracle-corp-derivatives,Lighter,lighter,ORCL/USDC,perpetual,117.82204098,46295.76422156,0.0,0.0,0.0,0,2026-07-29T20:30:15.000Z
Oracle Corp,oracle-corp-derivatives,WEEX,weex,ORCL/USDT,perpetual,116.94819271,35098.20107193,0.0,0.0,0.0,0,2026-07-29T20:30:17.000Z
Oracle Corp,oracle-corp-derivatives,ApeX Omni,apex-omni,ORCL/USDT,perpetual,170.21930583,28326.47716632,0.0,0.0,0.0,0,2026-07-29T20:30:16.000Z
Oracle Corp,oracle-corp-derivatives,BitMart,bitmart,ORCL/USDT,perpetual,115.22043546,0.0,0.0,0.0,0.0,0,2026-07-29T20:30:16.000Z
Oracle Corp,oracle-corp-derivatives,BYDFi,bydfi,ORCL/USDT,perpetual,117.51672968,190312.27111916,0.0,0.0,0.0,0,2026-07-29T20:30:16.000Z
Oracle Corp,oracle-corp-derivatives,EasiCoin,easicoin,ORCL/USDT,perpetual,116.96739939,851959.13547263,0.0,0.0,0.0,0,2026-07-29T20:30:16.000Z
Oracle Corp,oracle-corp-derivatives,BTSE,btse,ORCL/USDT,perpetual,117.02089303515595,638552.4805,,,,0,2026-07-29T20:27:15.447Z
Oracle Corp,oracle-corp-derivatives,BTSE,btse,ORCL/USDT,perpetual,117.02089303515595,638552.4805,,,,0,2026-07-29T20:27:15.447Z
Oracle Corp,oracle-corp-derivatives,DeriW,deriw,ORCL/USDT,perpetual,117.02089303515595,0.0,,,,0,2026-07-29T20:30:18.206Z
Oracle Corp,oracle-corp-derivatives,DeriW,deriw,ORCL/USDT,perpetual,117.02089303515595,0.0,,,,0,2026-07-29T20:30:18.206Z
Oracle Corp,oracle-corp-derivatives,ADEN,aden-decentralized-derivatives-exchange,ORCL/USDT,perpetual,117.02089303515595,0.0,,,,0,2026-07-29T20:27:57.068Z
Oracle Corp,oracle-corp-derivatives,ADEN,aden-decentralized-derivatives-exchange,ORCL/USDT,perpetual,117.02089303515595,0.0,,,,0,2026-07-29T20:27:57.068Z
Coinbase Global Inc,coinbase-global-inc-derivatives,Binance,binance,COIN/USDT,perpetual,158.5841462,28815355.29396011,0.0,0.0,0.0,0,2026-07-29T20:30:16.000Z
Coinbase Global Inc,coinbase-global-inc-derivatives,Aster,aster-pro,COIN/USDT,perpetual,158.81637928,29749.39108059,0.0,0.0,0.0,0,2026-07-29T20:30:15.000Z
Coinbase Global Inc,coinbase-global-inc-derivatives,KuCoin,kucoin,COIN/USDT,perpetual,158.92370542,333698.73027943,0.0,0.0,0.0,0,2026-07-29T20:30:19.000Z
Coinbase Global Inc,coinbase-global-inc-derivatives,Hyperliquid,hyperliquid,xyz:COIN/USDC,perpetual,158.66519291,6597891.4941382,0.0,0.0,0.0,0,2026-07-29T20:30:26.000Z
Coinbase Global Inc,coinbase-global-inc-derivatives,OKX,okx,COIN/USDT,perpetual,160.07667022,3932781.24242068,0.0,0.0,0.0,0,2026-07-29T20:28:28.000Z
Coinbase Global Inc,coinbase-global-inc-derivatives,Bybit,bybit,COIN/USDT,perpetual,158.6422754,2359998.38369355,0.0,0.0,0.0,0,2026-07-29T20:30:16.000Z
Coinbase Global Inc,coinbase-global-inc-derivatives,Bitget,bitget,COIN/USDT,perpetual,158.71219707,2939602.7251169,0.0,0.0,0.0,0,2026-07-29T20:30:15.000Z
Coinbase Global Inc,coinbase-global-inc-derivatives,Crypto.com Exchange,crypto-com-exchange,COIN/USD,perpetual,166.67584936,87924.08170985,0.0,0.0,0.0,0,2026-07-29T12:30:18.000Z
Coinbase Global Inc,coinbase-global-inc-derivatives,Phemex,phemex,COIN/USDT,perpetual,158.75215231,24842.1318269,0.0,0.0,0.0,0,2026-07-29T20:30:16.000Z
Coinbase Global Inc,coinbase-global-inc-derivatives,BingX,bingx,COIN/USDT,perpetual,158.5267324,6682713.69099806,0.0,0.0,0.0,0,2026-07-29T20:30:18.000Z
Coinbase Global Inc,coinbase-global-inc-derivatives,Toobit,toobit,COIN/USDT,perpetual,158.57415916,12551006.72881697,0.0,0.0,0.0,0,2026-07-29T20:30:16.000Z
Coinbase Global Inc,coinbase-global-inc-derivatives,CoinW,coinw,COIN/USDT,perpetual,158.65226421,10616787.43995625,0.0,0.0,0.0,0,2026-07-29T20:30:17.000Z
Coinbase Global Inc,coinbase-global-inc-derivatives,WhiteBIT,whitebit,COIN/USDT,perpetual,158.73217469,5091603.30827201,0.0,0.0,0.0,0,2026-07-29T20:30:15.000Z
Coinbase Global Inc,coinbase-global-inc-derivatives,Hotcoin,hotcoin-global,COIN/USDT,perpetual,158.69129552,4114667.84012553,0.0,0.0,0.0,0,2026-07-29T20:30:28.000Z
Coinbase Global Inc,coinbase-global-inc-derivatives,Ondo Perps,ondoperps,COIN/USD,perpetual,158.69139313,3684595.15441646,0.0,0.0,0.0,0,2026-07-29T20:30:16.000Z
Coinbase Global Inc,coinbase-global-inc-derivatives,OrangeX,orangex,COIN/USDT,perpetual,158.56763096,2315171.64040041,0.0,0.0,0.0,0,2026-07-29T20:27:15.000Z
Coinbase Global Inc,coinbase-global-inc-derivatives,Bitunix,bitunix,COIN/USDT,perpetual,159.683557,2310363.9700431,0.0,0.0,0.0,0,2026-07-29T20:24:16.000Z
Coinbase Global Inc,coinbase-global-inc-derivatives,Bitrue,bitrue,COIN/USDT,perpetual,158.66225302,2047880.70861158,0.0,0.0,0.0,0,2026-07-29T20:30:16.000Z
Coinbase Global Inc,coinbase-global-inc-derivatives,DigiFinex,digifinex,COIN/USDT,perpetual,158.54238731,1116680.62160511,0.0,0.0,0.0,0,2026-07-29T20:30:16.000Z
Coinbase Global Inc,coinbase-global-inc-derivatives,BTSE,btse,COIN/USDT,perpetual,158.60758752,1072734.97637961,0.0,0.0,0.0,0,2026-07-29T20:27:15.000Z
Coinbase Global Inc,coinbase-global-inc-derivatives,YUBIT,yubit,COIN/USDT,perpetual,158.65226421,897092.72028526,0.0,0.0,0.0,0,2026-07-29T20:30:15.000Z
Coinbase Global Inc,coinbase-global-inc-derivatives,KCEX,kcex,COIN/USDT,perpetual,158.60232016,854285.96865639,0.0,0.0,0.0,0,2026-07-29T20:30:15.000Z
Coinbase Global Inc,coinbase-global-inc-derivatives,Zoomex,zoomex,COIN/USDT,perpetual,159.8134054,701738.28415431,0.0,0.0,0.0,0,2026-07-29T20:24:15.000Z
Coinbase Global Inc,coinbase-global-inc-derivatives,MGBX,mgbx,COIN/USDT,perpetual,165.04567937,615267.46761981,0.0,0.0,0.0,0,2026-07-29T15:15:16.000Z
Coinbase Global Inc,coinbase-global-inc-derivatives,BloFin,blofin,COIN/USDT,perpetual,159.98518095,217648.85705986,0.0,0.0,0.0,0,2026-07-29T20:21:16.000Z
Coinbase Global Inc,coinbase-global-inc-derivatives,ApeX Omni,apex-omni,COIN/USDT,perpetual,158.56236493,89337.99136876,0.0,0.0,0.0,0,2026-07-29T20:30:16.000Z
Coinbase Global Inc,coinbase-global-inc-derivatives,Lighter,lighter,COIN/USDC,perpetual,158.93179655,40310.8967282,0.0,0.0,0.0,0,2026-07-29T20:30:15.000Z
Coinbase Global Inc,coinbase-global-inc-derivatives,BitMart,bitmart,COIN/USDT,perpetual,157.45561112,0.0,0.0,0.0,0.0,0,2026-07-29T20:30:16.000Z
Coinbase Global Inc,coinbase-global-inc-derivatives,BYDFi,bydfi,COIN/USDT,perpetual,160.13477197,263169.57725861,0.0,0.0,0.0,0,2026-07-29T20:30:16.000Z
Coinbase Global Inc,coinbase-global-inc-derivatives,Fillx,fillx,COIN/USDC,perpetual,158.72137404458982,0.0,,,,0,2026-07-29T20:30:15.439Z
Coinbase Global Inc,coinbase-global-inc-derivatives,DeriW,deriw,COIN/USDT,perpetual,158.72137404458982,0.0,,,,0,2026-07-29T20:30:18.206Z
Coinbase Global Inc,coinbase-global-inc-derivatives,DeriW,deriw,COIN/USDT,perpetual,158.72137404458982,0.0,,,,0,2026-07-29T20:30:18.206Z
Coinbase Global Inc,coinbase-global-inc-derivatives,ADEN,aden-decentralized-derivatives-exchange,COIN/USDC,perpetual,158.72137404458982,0.0,,,,0,2026-07-29T20:27:57.068Z
Coinbase Global Inc,coinbase-global-inc-derivatives,ADEN,aden-decentralized-derivatives-exchange,COIN/USDT,perpetual,158.72137404458982,0.0,,,,0,2026-07-29T20:27:57.068Z
Coinbase Global Inc,coinbase-global-inc-derivatives,ADEN,aden-decentralized-derivatives-exchange,COIN/USDT,perpetual,158.72137404458982,0.0,,,,0,2026-07-29T20:27:57.068Z
OpenAI,openai-derivatives,Binance,binance,OPENAI/USDT,perpetual,1082.3450371,5588797.80132668,0.0,0.0,0.0,0,2026-07-29T20:30:16.000Z
OpenAI,openai-derivatives,Aster,aster-pro,OPENAI/USDT,perpetual,1084.7475319,30724.01287209,0.0,0.0,0.0,0,2026-07-29T20:30:15.000Z
OpenAI,openai-derivatives,KuCoin,kucoin,OPENAI/USDT,perpetual,1069.98108641,230726.09028582,0.0,0.0,0.0,0,2026-07-29T20:30:19.000Z
OpenAI,openai-derivatives,OKX,okx,OPENAI/USDT,perpetual,110.41733874,334127.28371735,0.0,0.0,0.0,0,2026-07-29T20:28:28.000Z
OpenAI,openai-derivatives,Gate,gate,OPENAI/USDT,perpetual,1083.86306659,110141.02890133,0.0,0.0,0.0,0,2026-07-29T20:30:19.000Z
OpenAI,openai-derivatives,HTX,htx,OPENAI/USDT,perpetual,1084.61098662,34915.8196365,0.0,0.0,0.0,0,2026-07-29T20:27:17.000Z
OpenAI,openai-derivatives,Hyperliquid,hyperliquid,vntl:ANTHROPIC/USDC,perpetual,1618.94484482,0.0,0.0,0.0,0.0,0,2026-07-29T20:30:26.000Z
OpenAI,openai-derivatives,Bitget,bitget,OPENAI/USDT,perpetual,1083.55610811,82358.92157749,0.0,0.0,0.0,0,2026-07-29T20:30:15.000Z
OpenAI,openai-derivatives,MEXC,mexc,OPENAI/USDT,perpetual,1082.28752928,623522.21667685,0.0,0.0,0.0,0,2026-07-29T20:30:15.000Z
OpenAI,openai-derivatives,Phemex,phemex,OPENAI/USDT,perpetual,1083.60605216,383362.69184276,0.0,0.0,0.0,0,2026-07-29T20:30:16.000Z
OpenAI,openai-derivatives,BingX,bingx,OPENAI(Pre-IPO)/USDT,perpetual,1082.59016205,1706023.62420742,0.0,0.0,0.0,0,2026-07-29T20:30:18.000Z
OpenAI,openai-derivatives,SunX,sunperp,OPENAI/USDT,perpetual,1086.68260554,915797.51498024,0.0,0.0,0.0,0,2026-07-29T20:30:16.000Z
OpenAI,openai-derivatives,XT.COM,xt,OPENAI/USDT,perpetual,1083.20191834,607028.71194954,0.0,0.0,0.0,0,2026-07-29T20:30:41.579Z
OpenAI,openai-derivatives,Tapbit,tapbit,OPENAI/USDT,perpetual,1082.52024729,7187446.00884536,0.0,0.0,0.0,0,2026-07-29T20:30:15.000Z
OpenAI,openai-derivatives,CoinW,coinw,OPENAI/USDT,perpetual,1082.34746214,2882900.39929441,0.0,0.0,0.0,0,2026-07-29T20:30:17.000Z
OpenAI,openai-derivatives,Ourbit,ourbit,OPENAI/USDT,perpetual,1082.76699214,2822948.43183741,0.0,0.0,0.0,0,2026-07-29T20:30:15.000Z
OpenAI,openai-derivatives,WEEX,weex,OPENAI/USDT,perpetual,1082.14529638,2232585.57898183,0.0,0.0,0.0,0,2026-07-29T20:30:17.000Z
OpenAI,openai-derivatives,LBank,lbank,OPENAI/USDT,perpetual,1082.62467411,1608363.68288735,0.0,0.0,0.0,0,2026-07-29T20:30:16.000Z
OpenAI,openai-derivatives,Bitrue,bitrue,OPENAI/USDT,perpetual,1082.68708167,849400.51040306,0.0,0.0,0.0,0,2026-07-29T20:30:16.000Z
OpenAI,openai-derivatives,Hotcoin,hotcoin-global,OPENAI/USDT,perpetual,1082.67433498,586942.06355653,0.0,0.0,0.0,0,2026-07-29T20:30:28.000Z
OpenAI,openai-derivatives,KCEX,kcex,OPENAI/USDT,perpetual,1082.67709286,445299.0861357,0.0,0.0,0.0,0,2026-07-29T20:30:15.000Z
OpenAI,openai-derivatives,Pionex,pionex,OPENAI/USDT,perpetual,1082.36743976,360181.08035946,0.0,0.0,0.0,0,2026-07-29T20:30:16.000Z
OpenAI,openai-derivatives,Bitunix,bitunix,OPENAI/USDT,perpetual,1082.12653295,339408.98356519,0.0,0.0,0.0,0,2026-07-29T20:24:16.000Z
OpenAI,openai-derivatives,DigiFinex,digifinex,OPENAI/USDT,perpetual,1082.27754047,227137.5874181,0.0,0.0,0.0,0,2026-07-29T20:30:16.000Z
OpenAI,openai-derivatives,OrangeX,orangex,OPENAI/USDT,perpetual,1082.29350581,140355.57815001,0.0,0.0,0.0,0,2026-07-29T20:27:15.000Z
OpenAI,openai-derivatives,BloFin,blofin,OPENAI/USDT,perpetual,1083.05113416,96849.13163009,0.0,0.0,0.0,0,2026-07-29T20:21:16.000Z
OpenAI,openai-derivatives,Coinbase International Exchange,coinbase-international-exchange,OPENAI/USDC,perpetual,1089.94884847,81211.67085413,0.0,0.0,0.0,0,2026-07-29T20:30:15.000Z
OpenAI,openai-derivatives,YUBIT,yubit,OPENAI/USDT,perpetual,1083.62602978,16359.70246714,0.0,0.0,0.0,0,2026-07-29T20:30:15.000Z
OpenAI,openai-derivatives,Lighter,lighter,OPENAI/USDC,perpetual,1087.65958601,11434.5400878,0.0,0.0,0.0,0,2026-07-29T20:30:15.000Z
OpenAI,openai-derivatives,EasiCoin,easicoin,OPENAI/USDT,perpetual,1082.28053953,315474.32002065,0.0,0.0,0.0,0,2026-07-29T20:30:16.000Z
OpenAI,openai-derivatives,BTCC,btcc,OPENAI/USDT,perpetual,1082.6632011619597,26533520.558143124,,,,0,2026-07-29T20:30:15.463Z
OpenAI,openai-derivatives,BTCC,btcc,OPENAI/USDT,perpetual,1082.6632011619597,26533520.558143124,,,,0,2026-07-29T20:30:15.463Z
OpenAI,openai-derivatives,DeriW,deriw,OPENAI/USDT,perpetual,1082.6632011619597,0.0,,,,0,2026-07-29T20:30:18.206Z
OpenAI,openai-derivatives,DeriW,deriw,OPENAI/USDT,perpetual,1082.6632011619597,0.0,,,,0,2026-07-29T20:30:18.206Z
OpenAI,openai-derivatives,ADEN,aden-decentralized-derivatives-exchange,OPENAI/USDT,perpetual,1082.6632011619597,0.0,,,,0,2026-07-29T20:27:57.068Z
OpenAI,openai-derivatives,ADEN,aden-decentralized-derivatives-exchange,OPENAI/USDT,perpetual,1082.6632011619597,0.0,,,,0,2026-07-29T20:27:57.068Z
Alibaba Group Holding Limited,alibaba-group-holding-limited-derivatives,Binance,binance,BABA/USDT,perpetual,114.4014985,14497163.4998083,0.0,0.0,0.0,0,2026-07-29T20:30:16.000Z
Alibaba Group Holding Limited,alibaba-group-holding-limited-derivatives,Aster,aster-pro,BABA/USDT,perpetual,114.6202609,11561.91431188,0.0,0.0,0.0,0,2026-07-29T20:30:15.000Z
Alibaba Group Holding Limited,alibaba-group-holding-limited-derivatives,KuCoin,kucoin,BABA/USDT,perpetual,114.56129108,543693.63575705,0.0,0.0,0.0,0,2026-07-29T20:30:19.000Z
Alibaba Group Holding Limited,alibaba-group-holding-limited-derivatives,Hyperliquid,hyperliquid,xyz:BABA/USDC,perpetual,114.38490687,2790245.30198211,0.0,0.0,0.0,0,2026-07-29T20:30:26.000Z
Alibaba Group Holding Limited,alibaba-group-holding-limited-derivatives,Gate,gate,BABA/USDT,perpetual,114.41148554,214579.46019081,0.0,0.0,0.0,0,2026-07-29T20:30:19.000Z
Alibaba Group Holding Limited,alibaba-group-holding-limited-derivatives,Bybit,bybit,BABA/USDT,perpetual,114.40183731,149922.48385732,0.0,0.0,0.0,0,2026-07-29T20:30:16.000Z
Alibaba Group Holding Limited,alibaba-group-holding-limited-derivatives,HTX,htx,BABA/USDT,perpetual,114.5454847,30970.8323277,0.0,0.0,0.0,0,2026-07-29T20:27:17.000Z
Alibaba Group Holding Limited,alibaba-group-holding-limited-derivatives,Crypto.com Exchange,crypto-com-exchange,BABA/USD,perpetual,115.5825983,4227.21368284,0.0,0.0,0.0,0,2026-07-29T12:30:18.000Z
Alibaba Group Holding Limited,alibaba-group-holding-limited-derivatives,Phemex,phemex,BABA/USDT,perpetual,114.42181493,19200.92159135,0.0,0.0,0.0,0,2026-07-29T20:30:16.000Z
Alibaba Group Holding Limited,alibaba-group-holding-limited-derivatives,SunX,sunperp,BABA/USDT,perpetual,114.54168065,3437305.14305456,0.0,0.0,0.0,0,2026-07-29T20:30:16.000Z
Alibaba Group Holding Limited,alibaba-group-holding-limited-derivatives,Biconomy.com,biconomy,BABA/USDT,perpetual,114.33571273,2338191.45958171,0.0,0.0,0.0,0,2026-07-29T20:27:15.000Z
Alibaba Group Holding Limited,alibaba-group-holding-limited-derivatives,Ourbit,ourbit,BABA/USDT,perpetual,114.40183731,10266694.26526518,0.0,0.0,0.0,0,2026-07-29T20:30:15.000Z
Alibaba Group Holding Limited,alibaba-group-holding-limited-derivatives,LBank,lbank,BABA/USDT,perpetual,114.35156332,8854614.37252794,0.0,0.0,0.0,0,2026-07-29T20:30:16.000Z
Alibaba Group Holding Limited,alibaba-group-holding-limited-derivatives,CoinW,coinw,BABA/USDT,perpetual,114.36188207,7837858.93248821,0.0,0.0,0.0,0,2026-07-29T20:30:17.000Z
Alibaba Group Holding Limited,alibaba-group-holding-limited-derivatives,WhiteBIT,whitebit,BABA/USDT,perpetual,114.46177017,3278154.89422594,0.0,0.0,0.0,0,2026-07-29T20:30:15.000Z
Alibaba Group Holding Limited,alibaba-group-holding-limited-derivatives,Bitrue,bitrue,BABA/USDT,perpetual,114.43180374,2196132.14052369,0.0,0.0,0.0,0,2026-07-29T20:30:16.000Z
Alibaba Group Holding Limited,alibaba-group-holding-limited-derivatives,OrangeX,orangex,BABA/USDT,perpetual,114.45558243,2005359.75769645,0.0,0.0,0.0,0,2026-07-29T20:27:15.000Z
Alibaba Group Holding Limited,alibaba-group-holding-limited-derivatives,Hotcoin,hotcoin-global,BABA/USDT,perpetual,114.40674619,1698737.93415613,0.0,0.0,0.0,0,2026-07-29T20:30:28.000Z
Alibaba Group Holding Limited,alibaba-group-holding-limited-derivatives,KCEX,kcex,BABA/USDT,perpetual,114.44179255,593174.20890139,0.0,0.0,0.0,0,2026-07-29T20:30:15.000Z
Alibaba Group Holding Limited,alibaba-group-holding-limited-derivatives,Bitunix,bitunix,BABA/USDT,perpetual,114.73603674,477485.48848687,0.0,0.0,0.0,0,2026-07-29T20:24:16.000Z
Alibaba Group Holding Limited,alibaba-group-holding-limited-derivatives,WEEX,weex,BABA/USDT,perpetual,114.34157628,288040.78662451,0.0,0.0,0.0,0,2026-07-29T20:30:17.000Z
Alibaba Group Holding Limited,alibaba-group-holding-limited-derivatives,Toobit,toobit,BABA/USDT,perpetual,114.48139479,281876.49742205,0.0,0.0,0.0,0,2026-07-29T20:30:16.000Z
Alibaba Group Holding Limited,alibaba-group-holding-limited-derivatives,Zoomex,zoomex,BABA/USDT,perpetual,114.61617668,44733.31123355,0.0,0.0,0.0,0,2026-07-29T20:24:15.000Z
Alibaba Group Holding Limited,alibaba-group-holding-limited-derivatives,YUBIT,yubit,BABA/USDT,perpetual,114.56165827,30151.13213233,0.0,0.0,0.0,0,2026-07-29T20:30:15.000Z
Alibaba Group Holding Limited,alibaba-group-holding-limited-derivatives,Lighter,lighter,BABA/USDC,perpetual,114.93297176,25699.31734105,0.0,0.0,0.0,0,2026-07-29T20:30:15.000Z
Alibaba Group Holding Limited,alibaba-group-holding-limited-derivatives,ADEN,aden-decentralized-derivatives-exchange,BABA/USDT,perpetual,114.57075174,0.0,0.0,0.0,0.0,0,2026-07-29T20:27:57.000Z
Alibaba Group Holding Limited,alibaba-group-holding-limited-derivatives,BitMart,bitmart,BABA/USDT,perpetual,112.09449316,0.0,0.0,0.0,0.0,0,2026-07-29T20:30:16.000Z
Alibaba Group Holding Limited,alibaba-group-holding-limited-derivatives,EasiCoin,easicoin,BABA/USDT,perpetual,114.34060185,578410.16223693,0.0,0.0,0.0,0,2026-07-29T20:30:16.000Z
Alibaba Group Holding Limited,alibaba-group-holding-limited-derivatives,Fillx,fillx,BABA/USDC,perpetual,114.47911701749989,0.0,,,,0,2026-07-29T20:30:15.439Z
Alibaba Group Holding Limited,alibaba-group-holding-limited-derivatives,DeriW,deriw,BABA/USDT,perpetual,114.47911701749989,0.0,,,,0,2026-07-29T20:30:18.206Z
Alibaba Group Holding Limited,alibaba-group-holding-limited-derivatives,DeriW,deriw,BABA/USDT,perpetual,114.47911701749989,0.0,,,,0,2026-07-29T20:30:18.206Z
Alibaba Group Holding Limited,alibaba-group-holding-limited-derivatives,ADEN,aden-decentralized-derivatives-exchange,BABA/USDC,perpetual,114.47911701749989,0.0,,,,0,2026-07-29T20:27:57.068Z
Advanced Micro Devices Inc,advanced-micro-devices-inc-derivatives,Binance,binance,AMD/USDT,perpetual,424.14942307,95307469.70920016,0.0,0.0,0.0,0,2026-07-29T20:30:16.000Z
Advanced Micro Devices Inc,advanced-micro-devices-inc-derivatives,Aster,aster-pro,AMD/USDT,perpetual,439.234508,31480.55054048,0.0,0.0,0.0,0,2026-07-29T20:30:15.000Z
Advanced Micro Devices Inc,advanced-micro-devices-inc-derivatives,KuCoin,kucoin,AMD/USDT,perpetual,424.86848967,594605.1163374,0.0,0.0,0.0,0,2026-07-29T20:30:19.000Z
Advanced Micro Devices Inc,advanced-micro-devices-inc-derivatives,Hyperliquid,hyperliquid,xyz:AMD/USDC,perpetual,424.17694641,43412958.27661538,0.0,0.0,0.0,0,2026-07-29T20:30:26.000Z
Advanced Micro Devices Inc,advanced-micro-devices-inc-derivatives,OKX,okx,AMD/USDT,perpetual,425.35599983,18719317.80072216,0.0,0.0,0.0,0,2026-07-29T20:28:28.000Z
Advanced Micro Devices Inc,advanced-micro-devices-inc-derivatives,Gate,gate,AMD/USDT,perpetual,423.6300972,2389002.89977691,0.0,0.0,0.0,0,2026-07-29T20:30:19.000Z
Advanced Micro Devices Inc,advanced-micro-devices-inc-derivatives,Bybit,bybit,AMDSTOCK/USDT,perpetual,424.30465776,2341299.31418473,0.0,0.0,0.0,0,2026-07-29T20:30:16.000Z
Advanced Micro Devices Inc,advanced-micro-devices-inc-derivatives,HTX,htx,AMD/USDT,perpetual,423.84925974,464624.92344245,0.0,0.0,0.0,0,2026-07-29T20:27:17.000Z
Advanced Micro Devices Inc,advanced-micro-devices-inc-derivatives,Bitget,bitget,AMD/USDT,perpetual,424.17480324,9845917.14805014,0.0,0.0,0.0,0,2026-07-29T20:30:15.000Z
Advanced Micro Devices Inc,advanced-micro-devices-inc-derivatives,Crypto.com Exchange,crypto-com-exchange,AMD/USD,perpetual,452.67599977,376303.79498734,0.0,0.0,0.0,0,2026-07-29T12:30:18.000Z
Advanced Micro Devices Inc,advanced-micro-devices-inc-derivatives,Phemex,phemex,AMD/USDT,perpetual,424.39455705,492332.82900876,0.0,0.0,0.0,0,2026-07-29T20:30:16.000Z
Advanced Micro Devices Inc,advanced-micro-devices-inc-derivatives,XT.COM,xt,AMD/USDT,perpetual,423.64444707,57162984.38208956,0.0,0.0,0.0,0,2026-07-29T20:30:41.579Z
Advanced Micro Devices Inc,advanced-micro-devices-inc-derivatives,Biconomy.com,biconomy,AMD/USDT,perpetual,423.55957464,26898838.09515439,0.0,0.0,0.0,0,2026-07-29T20:27:15.000Z
Advanced Micro Devices Inc,advanced-micro-devices-inc-derivatives,SunX,sunperp,AMD/USDT,perpetual,492.418351,4066479.94402477,0.0,0.0,0.0,0,2026-07-29T20:30:16.000Z
Advanced Micro Devices Inc,advanced-micro-devices-inc-derivatives,CoinW,coinw,AMD/USDT,perpetual,424.24472491,37504191.9780711,0.0,0.0,0.0,0,2026-07-29T20:30:17.000Z
Advanced Micro Devices Inc,advanced-micro-devices-inc-derivatives,Ourbit,ourbit,AMD/USDT,perpetual,424.25471372,33516409.47007197,0.0,0.0,0.0,0,2026-07-29T20:30:15.000Z
Advanced Micro Devices Inc,advanced-micro-devices-inc-derivatives,Deepcoin,deepcoin,AMD/USDT,perpetual,424.25277296,22698028.21390456,0.0,0.0,0.0,0,2026-07-29T20:30:15.000Z
Advanced Micro Devices Inc,advanced-micro-devices-inc-derivatives,LBank,lbank,AMD/USDT,perpetual,424.05953975,18281773.1653877,0.0,0.0,0.0,0,2026-07-29T20:30:16.000Z
Advanced Micro Devices Inc,advanced-micro-devices-inc-derivatives,Tapbit,tapbit,AMD/USDT,perpetual,424.15289472,13306823.21684414,0.0,0.0,0.0,0,2026-07-29T20:30:15.000Z
Advanced Micro Devices Inc,advanced-micro-devices-inc-derivatives,Bitrue,bitrue,AMD/USDT,perpetual,424.4445011,13091039.95935034,0.0,0.0,0.0,0,2026-07-29T20:30:16.000Z
Advanced Micro Devices Inc,advanced-micro-devices-inc-derivatives,Hotcoin,hotcoin-global,AMD/USDT,perpetual,423.92917929,11409768.31811225,0.0,0.0,0.0,0,2026-07-29T20:30:28.000Z
Advanced Micro Devices Inc,advanced-micro-devices-inc-derivatives,WhiteBIT,whitebit,AMD/USDT,perpetual,424.35460181,8941381.86435866,0.0,0.0,0.0,0,2026-07-29T20:30:15.000Z
Advanced Micro Devices Inc,advanced-micro-devices-inc-derivatives,Echobit,echobit,AMD/USDT,perpetual,424.32463538,7655919.66635884,0.0,0.0,0.0,0,2026-07-29T20:30:16.000Z
Advanced Micro Devices Inc,advanced-micro-devices-inc-derivatives,Ondo Perps,ondoperps,AMD/USD,perpetual,424.74402501,6366785.51165493,0.0,0.0,0.0,0,2026-07-29T20:30:16.000Z
Advanced Micro Devices Inc,advanced-micro-devices-inc-derivatives,WEEX,weex,AMD/USDT,perpetual,424.14942307,3726784.91562755,0.0,0.0,0.0,0,2026-07-29T20:30:17.000Z
Advanced Micro Devices Inc,advanced-micro-devices-inc-derivatives,DigiFinex,digifinex,AMD/USDT,perpetual,424.32463538,3678813.9670887,0.0,0.0,0.0,0,2026-07-29T20:30:16.000Z
Advanced Micro Devices Inc,advanced-micro-devices-inc-derivatives,YUBIT,yubit,AMD/USDT,perpetual,424.22474729,2821536.35452675,0.0,0.0,0.0,0,2026-07-29T20:30:15.000Z
Advanced Micro Devices Inc,advanced-micro-devices-inc-derivatives,MGBX,mgbx,AMD/USDT,perpetual,431.05801315,2346468.20937252,0.0,0.0,0.0,0,2026-07-29T15:15:16.000Z
Advanced Micro Devices Inc,advanced-micro-devices-inc-derivatives,Bitunix,bitunix,AMD/USDT,perpetual,425.77287699,1742782.0461648,0.0,0.0,0.0,0,2026-07-29T20:24:16.000Z
Advanced Micro Devices Inc,advanced-micro-devices-inc-derivatives,KCEX,kcex,AMD/USDT,perpetual,424.27469133,1421598.74244129,0.0,0.0,0.0,0,2026-07-29T20:30:15.000Z
Advanced Micro Devices Inc,advanced-micro-devices-inc-derivatives,Coinbase International Exchange,coinbase-international-exchange,AMD/USDC,perpetual,425.25299519,1417563.594613,0.0,0.0,0.0,0,2026-07-29T20:30:15.000Z
Advanced Micro Devices Inc,advanced-micro-devices-inc-derivatives,Toobit,toobit,AMD/USDT,perpetual,423.56018795,1325628.10421549,0.0,0.0,0.0,0,2026-07-29T20:30:16.000Z
Advanced Micro Devices Inc,advanced-micro-devices-inc-derivatives,BloFin,blofin,AMD/USDT,perpetual,425.29210826,1111711.54956471,0.0,0.0,0.0,0,2026-07-29T20:21:16.000Z
Advanced Micro Devices Inc,advanced-micro-devices-inc-derivatives,Lighter,lighter,AMD/USDC,perpetual,424.77314978,909298.32588005,0.0,0.0,0.0,0,2026-07-29T20:30:15.000Z
Advanced Micro Devices Inc,advanced-micro-devices-inc-derivatives,OrangeX,orangex,AMD/USDT,perpetual,423.57955292,588099.45353354,0.0,0.0,0.0,0,2026-07-29T20:27:15.000Z
Advanced Micro Devices Inc,advanced-micro-devices-inc-derivatives,BTSE,btse,AMD/USDT,perpetual,423.51961807,489441.66927161,0.0,0.0,0.0,0,2026-07-29T20:27:15.000Z
Advanced Micro Devices Inc,advanced-micro-devices-inc-derivatives,ApeX Omni,apex-omni,AMD/USDT,perpetual,424.01498228,284061.31600635,0.0,0.0,0.0,0,2026-07-29T20:30:16.000Z
Advanced Micro Devices Inc,advanced-micro-devices-inc-derivatives,BitMart,bitmart,AMD/USDT,perpetual,525.30811171,0.0,0.0,0.0,0.0,0,2026-07-29T20:30:16.000Z
Advanced Micro Devices Inc,advanced-micro-devices-inc-derivatives,ADEN,aden-decentralized-derivatives-exchange,AMD/USDT,perpetual,423.23560325,0.0,0.0,0.0,0.0,0,2026-07-29T20:27:57.000Z
Advanced Micro Devices Inc,advanced-micro-devices-inc-derivatives,BYDFi,bydfi,AMD/USDT,perpetual,425.39138482,911735.40933028,0.0,0.0,0.0,0,2026-07-29T20:30:16.000Z
Advanced Micro Devices Inc,advanced-micro-devices-inc-derivatives,Fillx,fillx,AMD/USDC,perpetual,423.67741831814897,0.0,,,,0,2026-07-29T20:30:15.439Z
Advanced Micro Devices Inc,advanced-micro-devices-inc-derivatives,DeriW,deriw,AMD/USDT,perpetual,423.67741831814897,0.0,,,,0,2026-07-29T20:30:18.206Z
Advanced Micro Devices Inc,advanced-micro-devices-inc-derivatives,DeriW,deriw,AMD/USDT,perpetual,423.67741831814897,0.0,,,,0,2026-07-29T20:30:18.206Z
Advanced Micro Devices Inc,advanced-micro-devices-inc-derivatives,ADEN,aden-decentralized-derivatives-exchange,AMD/USDC,perpetual,423.67741831814897,0.0,,,,0,2026-07-29T20:27:57.068Z
Taiwan Semiconductor Manufacturing,taiwan-semiconductor-manufacturing-derivatives,Binance,binance,TSM/USDT,perpetual,371.85730207,37671018.95543438,0.0,0.0,0.0,0,2026-07-29T20:30:16.000Z
Taiwan Semiconductor Manufacturing,taiwan-semiconductor-manufacturing-derivatives,Aster,aster-pro,TSM/USDT,perpetual,373.30488598,6318.6765962,0.0,0.0,0.0,0,2026-07-29T20:30:15.000Z
Taiwan Semiconductor Manufacturing,taiwan-semiconductor-manufacturing-derivatives,KuCoin,kucoin,TSM/USDT,perpetual,371.06832621,569771.24811187,0.0,0.0,0.0,0,2026-07-29T20:30:19.000Z
Taiwan Semiconductor Manufacturing,taiwan-semiconductor-manufacturing-derivatives,Hyperliquid,hyperliquid,xyz:TSM/USDC,perpetual,372.19834918,9740614.8077916,0.0,0.0,0.0,0,2026-07-29T20:30:26.000Z
Taiwan Semiconductor Manufacturing,taiwan-semiconductor-manufacturing-derivatives,OKX,okx,TSM/USDT,perpetual,374.68769783,8916761.62972524,0.0,0.0,0.0,0,2026-07-29T20:28:28.000Z
Taiwan Semiconductor Manufacturing,taiwan-semiconductor-manufacturing-derivatives,Gate,gate,TSM/USDT,perpetual,372.19686129,1190069.20326824,0.0,0.0,0.0,0,2026-07-29T20:30:19.000Z
Taiwan Semiconductor Manufacturing,taiwan-semiconductor-manufacturing-derivatives,Bybit,bybit,TSM/USDT,perpetual,372.05319431,848844.01589564,0.0,0.0,0.0,0,2026-07-29T20:30:16.000Z
Taiwan Semiconductor Manufacturing,taiwan-semiconductor-manufacturing-derivatives,HTX,htx,TSM/USDT,perpetual,373.72374808,50510.59308482,0.0,0.0,0.0,0,2026-07-29T20:27:17.000Z
Taiwan Semiconductor Manufacturing,taiwan-semiconductor-manufacturing-derivatives,Bitget,bitget,TSM/USDT,perpetual,372.33288098,4496452.37326765,0.0,0.0,0.0,0,2026-07-29T20:30:15.000Z
Taiwan Semiconductor Manufacturing,taiwan-semiconductor-manufacturing-derivatives,Crypto.com Exchange,crypto-com-exchange,TSM/USD,perpetual,388.07660245,74560.72043014,0.0,0.0,0.0,0,2026-07-29T12:30:18.000Z
Taiwan Semiconductor Manufacturing,taiwan-semiconductor-manufacturing-derivatives,MEXC,mexc,TSMSTOCK/USDT,perpetual,372.05319431,1934940.79792417,0.0,0.0,0.0,0,2026-07-29T20:30:15.000Z
Taiwan Semiconductor Manufacturing,taiwan-semiconductor-manufacturing-derivatives,Phemex,phemex,TSM/USDT,perpetual,371.64365311,1482412.14278776,0.0,0.0,0.0,0,2026-07-29T20:30:16.000Z
Taiwan Semiconductor Manufacturing,taiwan-semiconductor-manufacturing-derivatives,SunX,sunperp,TSM/USDT,perpetual,398.06405472,3340994.95029995,0.0,0.0,0.0,0,2026-07-29T20:30:16.000Z
Taiwan Semiconductor Manufacturing,taiwan-semiconductor-manufacturing-derivatives,BingX,bingx,TSMU/USDT,perpetual,371.72680989,2070377.7225297,0.0,0.0,0.0,0,2026-07-29T20:30:18.000Z
Taiwan Semiconductor Manufacturing,taiwan-semiconductor-manufacturing-derivatives,XT.COM,xt,TSM/USDT,perpetual,372.82549495,405136.16932283,0.0,0.0,0.0,0,2026-07-29T20:30:41.579Z
Taiwan Semiconductor Manufacturing,taiwan-semiconductor-manufacturing-derivatives,Ourbit,ourbit,TSM/USDT,perpetual,371.99326145,31898207.23864342,0.0,0.0,0.0,0,2026-07-29T20:30:15.000Z
Taiwan Semiconductor Manufacturing,taiwan-semiconductor-manufacturing-derivatives,CoinW,coinw,TSM/USDT,perpetual,371.7335524,22143453.84595563,0.0,0.0,0.0,0,2026-07-29T20:30:17.000Z
Taiwan Semiconductor Manufacturing,taiwan-semiconductor-manufacturing-derivatives,Tapbit,tapbit,TSM/USDT,perpetual,371.83667595,18818047.33240064,0.0,0.0,0.0,0,2026-07-29T20:30:15.000Z
Taiwan Semiconductor Manufacturing,taiwan-semiconductor-manufacturing-derivatives,Deepcoin,deepcoin,TSM/USDT,perpetual,371.87662724,10913344.37920802,0.0,0.0,0.0,0,2026-07-29T20:30:15.000Z
Taiwan Semiconductor Manufacturing,taiwan-semiconductor-manufacturing-derivatives,Hotcoin,hotcoin-global,TSM/USDT,perpetual,371.74452204,4566688.84438273,0.0,0.0,0.0,0,2026-07-29T20:30:28.000Z
Taiwan Semiconductor Manufacturing,taiwan-semiconductor-manufacturing-derivatives,WhiteBIT,whitebit,TSM/USDT,perpetual,371.82345168,4282107.13646823,0.0,0.0,0.0,0,2026-07-29T20:30:15.000Z
Taiwan Semiconductor Manufacturing,taiwan-semiconductor-manufacturing-derivatives,Toobit,toobit,TSM/USDT,perpetual,371.90723725,3045239.44302149,0.0,0.0,0.0,0,2026-07-29T20:30:16.000Z
Taiwan Semiconductor Manufacturing,taiwan-semiconductor-manufacturing-derivatives,Bitrue,bitrue,TSM/USDT,perpetual,371.97328383,2884825.23782626,0.0,0.0,0.0,0,2026-07-29T20:30:16.000Z
Taiwan Semiconductor Manufacturing,taiwan-semiconductor-manufacturing-derivatives,WEEX,weex,TSM/USDT,perpetual,371.77740578,2508650.0376546,0.0,0.0,0.0,0,2026-07-29T20:30:17.000Z
Taiwan Semiconductor Manufacturing,taiwan-semiconductor-manufacturing-derivatives,KCEX,kcex,TSM/USDT,perpetual,371.97328383,1093289.06232323,0.0,0.0,0.0,0,2026-07-29T20:30:15.000Z
Taiwan Semiconductor Manufacturing,taiwan-semiconductor-manufacturing-derivatives,MGBX,mgbx,TSM/USDT,perpetual,377.55397455,832378.88874197,0.0,0.0,0.0,0,2026-07-29T15:15:16.000Z
Taiwan Semiconductor Manufacturing,taiwan-semiconductor-manufacturing-derivatives,Coinbase International Exchange,coinbase-international-exchange,TSM/USDC,perpetual,371.83020654,661460.60379304,0.0,0.0,0.0,0,2026-07-29T20:30:15.000Z
Taiwan Semiconductor Manufacturing,taiwan-semiconductor-manufacturing-derivatives,Bitunix,bitunix,TSM/USDT,perpetual,374.68252895,411622.47868281,0.0,0.0,0.0,0,2026-07-29T20:24:16.000Z
Taiwan Semiconductor Manufacturing,taiwan-semiconductor-manufacturing-derivatives,BloFin,blofin,TSM/USDT,perpetual,374.32417354,340343.27606096,0.0,0.0,0.0,0,2026-07-29T20:21:16.000Z
Taiwan Semiconductor Manufacturing,taiwan-semiconductor-manufacturing-derivatives,OrangeX,orangex,TSM/USDT,perpetual,372.33525742,290128.9987472,0.0,0.0,0.0,0,2026-07-29T20:27:15.000Z
Taiwan Semiconductor Manufacturing,taiwan-semiconductor-manufacturing-derivatives,Zoomex,zoomex,TSM/USDT,perpetual,374.00332198,252130.71986871,0.0,0.0,0.0,0,2026-07-29T20:24:15.000Z
Taiwan Semiconductor Manufacturing,taiwan-semiconductor-manufacturing-derivatives,YUBIT,yubit,TSM/USDT,perpetual,372.19303764,170519.29974891,0.0,0.0,0.0,0,2026-07-29T20:30:15.000Z
Taiwan Semiconductor Manufacturing,taiwan-semiconductor-manufacturing-derivatives,Lighter,lighter,TSM/USDC,perpetual,371.88019043,69901.50544623,0.0,0.0,0.0,0,2026-07-29T20:30:15.000Z
Taiwan Semiconductor Manufacturing,taiwan-semiconductor-manufacturing-derivatives,ADEN,aden-decentralized-derivatives-exchange,TSM/USDT,perpetual,372.96669962,0.0,0.0,0.0,0.0,0,2026-07-29T20:27:57.000Z
Taiwan Semiconductor Manufacturing,taiwan-semiconductor-manufacturing-derivatives,BitMart,bitmart,TSM/USDT,perpetual,403.67599907,0.0,0.0,0.0,0.0,0,2026-07-29T20:30:16.000Z
Taiwan Semiconductor Manufacturing,taiwan-semiconductor-manufacturing-derivatives,BYDFi,bydfi,TSM/USDT,perpetual,374.63326649,363603.94287301,0.0,0.0,0.0,0,2026-07-29T20:30:16.000Z
Taiwan Semiconductor Manufacturing,taiwan-semiconductor-manufacturing-derivatives,BitTap,bittap,TSM/USDT,perpetual,372.55274360199485,1742303.3359946331,,,,0,2026-07-29T20:30:17.805Z
Taiwan Semiconductor Manufacturing,taiwan-semiconductor-manufacturing-derivatives,BitTap,bittap,TSM/USDT,perpetual,372.55274360199485,1728417.801880216,,,,0,2026-07-29T20:30:17.805Z
Taiwan Semiconductor Manufacturing,taiwan-semiconductor-manufacturing-derivatives,BTSE,btse,TSM/USDT,perpetual,372.55274360199485,517590.182,,,,0,2026-07-29T20:27:15.447Z
Taiwan Semiconductor Manufacturing,taiwan-semiconductor-manufacturing-derivatives,BTSE,btse,TSM/USDT,perpetual,372.55274360199485,517590.182,,,,0,2026-07-29T20:27:15.447Z
Taiwan Semiconductor Manufacturing,taiwan-semiconductor-manufacturing-derivatives,DeriW,deriw,TSM/USDT,perpetual,372.55274360199485,0.0,,,,0,2026-07-29T20:30:18.206Z
Taiwan Semiconductor Manufacturing,taiwan-semiconductor-manufacturing-derivatives,DeriW,deriw,TSM/USDT,perpetual,372.55274360199485,0.0,,,,0,2026-07-29T20:30:18.206Z
Apple Inc,apple-inc-derivatives,Binance,binance,AAPL/USDT,perpetual,338.56052372,57942764.54929034,0.0,0.0,0.0,0,2026-07-29T20:30:16.000Z
Apple Inc,apple-inc-derivatives,Aster,aster-pro,AAPL/USDT,perpetual,337.87807652,499012.44982265,0.0,0.0,0.0,0,2026-07-29T20:30:15.000Z
Apple Inc,apple-inc-derivatives,Aster,aster-pro,AAPL/USD,perpetual,337.87807652,0.0,0.0,0.0,0.0,0,2026-07-29T20:30:15.000Z
Apple Inc,apple-inc-derivatives,KuCoin,kucoin,AAPL/USDT,perpetual,338.02122377,1135661.99140238,0.0,0.0,0.0,0,2026-07-29T20:30:19.000Z
Apple Inc,apple-inc-derivatives,Hyperliquid,hyperliquid,xyz:AAPL/USDC,perpetual,338.41576022,56886775.08448859,0.0,0.0,0.0,0,2026-07-29T20:30:26.000Z
Apple Inc,apple-inc-derivatives,Bybit,bybit,AAPL/USDT,perpetual,338.44084972,14920605.62485783,0.0,0.0,0.0,0,2026-07-29T20:30:16.000Z
Apple Inc,apple-inc-derivatives,OKX,okx,AAPL/USDT,perpetual,338.13499336,12153373.04137391,0.0,0.0,0.0,0,2026-07-29T20:28:28.000Z
Apple Inc,apple-inc-derivatives,HTX,htx,AAPL/USDT,perpetual,338.12244804,375746.72502342,0.0,0.0,0.0,0,2026-07-29T20:27:17.000Z
Apple Inc,apple-inc-derivatives,Crypto.com Exchange,crypto-com-exchange,AAPL/USD,perpetual,339.32441674,8640.97225687,0.0,0.0,0.0,0,2026-07-29T12:30:18.000Z
Apple Inc,apple-inc-derivatives,Phemex,phemex,AAPL/USDT,perpetual,338.62064829,8171.98055098,0.0,0.0,0.0,0,2026-07-29T20:30:16.000Z
Apple Inc,apple-inc-derivatives,BingX,bingx,AAPL/USDT,perpetual,338.53727286,8559404.76627351,0.0,0.0,0.0,0,2026-07-29T20:30:18.000Z
Apple Inc,apple-inc-derivatives,SunX,sunperp,AAPL/USDT,perpetual,336.3631773,1779747.45463277,0.0,0.0,0.0,0,2026-07-29T20:30:16.000Z
Apple Inc,apple-inc-derivatives,Deepcoin,deepcoin,AAPL/USDT,perpetual,337.17892888,40315675.29720214,0.0,0.0,0.0,0,2026-07-29T20:30:15.000Z
Apple Inc,apple-inc-derivatives,LBank,lbank,AAPL/USDT,perpetual,338.53056261,31590907.63673187,0.0,0.0,0.0,0,2026-07-29T20:30:16.000Z
Apple Inc,apple-inc-derivatives,Ourbit,ourbit,AAPL/USDT,perpetual,338.6306371,31252830.72787921,0.0,0.0,0.0,0,2026-07-29T20:30:15.000Z
Apple Inc,apple-inc-derivatives,CoinW,coinw,AAPL/USDT,perpetual,338.56071543,30076735.4977818,0.0,0.0,0.0,0,2026-07-29T20:30:17.000Z
Apple Inc,apple-inc-derivatives,Tapbit,tapbit,AAPL/USDT,perpetual,338.5971998,24515699.55596713,0.0,0.0,0.0,0,2026-07-29T20:30:15.000Z
Apple Inc,apple-inc-derivatives,Toobit,toobit,AAPL/USDT,perpetual,338.52057557,23408694.49500363,0.0,0.0,0.0,0,2026-07-29T20:30:16.000Z
Apple Inc,apple-inc-derivatives,KCEX,kcex,AAPL/USDT,perpetual,338.59068186,19258379.36225583,0.0,0.0,0.0,0,2026-07-29T20:30:15.000Z
Apple Inc,apple-inc-derivatives,ApeX Omni,apex-omni,AAPL/USDT,perpetual,338.15117424,11328150.21245677,0.0,0.0,0.0,0,2026-07-29T20:30:16.000Z
Apple Inc,apple-inc-derivatives,Ondo Perps,ondoperps,AAPL/USD,perpetual,338.64699286,6488842.12190982,0.0,0.0,0.0,0,2026-07-29T20:30:16.000Z
Apple Inc,apple-inc-derivatives,Hotcoin,hotcoin-global,AAPL/USDT,perpetual,338.47617882,5814341.60248925,0.0,0.0,0.0,0,2026-07-29T20:30:28.000Z
Apple Inc,apple-inc-derivatives,Echobit,echobit,AAPL/USDT,perpetual,338.60067067,4967986.28619468,0.0,0.0,0.0,0,2026-07-29T20:30:16.000Z
Apple Inc,apple-inc-derivatives,Zoomex,zoomex,AAPL/USDT,perpetual,337.99536408,4475866.38125364,0.0,0.0,0.0,0,2026-07-29T20:24:15.000Z
Apple Inc,apple-inc-derivatives,WhiteBIT,whitebit,AAPL/USDT,perpetual,338.49079377,3478290.46520395,0.0,0.0,0.0,0,2026-07-29T20:30:15.000Z
Apple Inc,apple-inc-derivatives,Coinbase International Exchange,coinbase-international-exchange,AAPL/USDC,perpetual,338.4109733,3154735.1689287,0.0,0.0,0.0,0,2026-07-29T20:30:15.000Z
Apple Inc,apple-inc-derivatives,DigiFinex,digifinex,AAPL/USDT,perpetual,338.66060353,2360261.21025284,0.0,0.0,0.0,0,2026-07-29T20:30:16.000Z
Apple Inc,apple-inc-derivatives,BitMart,bitmart,AAPL/USDT,perpetual,338.57051075,1605469.55927115,0.0,0.0,0.0,0,2026-07-29T20:30:16.000Z
Apple Inc,apple-inc-derivatives,Bitunix,bitunix,AAPL/USDT,perpetual,338.00535241,1556835.75295092,0.0,0.0,0.0,0,2026-07-29T20:24:16.000Z
Apple Inc,apple-inc-derivatives,MGBX,mgbx,AAPL/USDT,perpetual,339.57789041,1537907.19941634,0.0,0.0,0.0,0,2026-07-29T15:15:16.000Z
Apple Inc,apple-inc-derivatives,Lighter,lighter,AAPL/USDC,perpetual,338.37098618,986531.94230486,0.0,0.0,0.0,0,2026-07-29T20:30:15.000Z
Apple Inc,apple-inc-derivatives,BloFin,blofin,AAPL/USDT,perpetual,338.28805587,477723.41139789,0.0,0.0,0.0,0,2026-07-29T20:21:16.000Z
Apple Inc,apple-inc-derivatives,YUBIT,yubit,AAPL/USDT,perpetual,338.33097281,371436.59507269,0.0,0.0,0.0,0,2026-07-29T20:30:15.000Z
Apple Inc,apple-inc-derivatives,OrangeX,orangex,AAPL/USDT,perpetual,338.1124589,267910.50109893,0.0,0.0,0.0,0,2026-07-29T20:27:15.000Z
Apple Inc,apple-inc-derivatives,WEEX,weex,AAPL/USDT,perpetual,338.54054964,103996.45870217,0.0,0.0,0.0,0,2026-07-29T20:30:17.000Z
Apple Inc,apple-inc-derivatives,EasiCoin,easicoin,AAPL/USDT,perpetual,338.53727286,2405386.09764039,0.0,0.0,0.0,0,2026-07-29T20:30:16.000Z
Apple Inc,apple-inc-derivatives,BTSE,btse,AAPL/USDT,perpetual,338.1745767833492,397733.8934,,,,0,2026-07-29T20:27:15.447Z
Apple Inc,apple-inc-derivatives,BTSE,btse,AAPL/USDT,perpetual,338.1745767833492,397733.8934,,,,0,2026-07-29T20:27:15.447Z
Apple Inc,apple-inc-derivatives,Fillx,fillx,AAPL/USDC,perpetual,338.1745767833492,0.0,,,,0,2026-07-29T20:30:15.439Z
Apple Inc,apple-inc-derivatives,ADEN,aden-decentralized-derivatives-exchange,AAPL/USDC,perpetual,338.1745767833492,0.0,,,,0,2026-07-29T20:27:57.068Z
Apple Inc,apple-inc-derivatives,ADEN,aden-decentralized-derivatives-exchange,AAPL/USDT,perpetual,338.1745767833492,0.0,,,,0,2026-07-29T20:27:57.068Z
Apple Inc,apple-inc-derivatives,ADEN,aden-decentralized-derivatives-exchange,AAPL/USDT,perpetual,338.1745767833492,0.0,,,,0,2026-07-29T20:27:57.068Z
iShares Russell 2000 ETF,ishares-russell-2000-etf-derivatives,Binance,binance,IWM/USDT,perpetual,287.54674333,304102.30230425,0.0,0.0,0.0,0,2026-07-29T20:30:16.000Z
iShares Russell 2000 ETF,ishares-russell-2000-etf-derivatives,Aster,aster-pro,IWM/USDT,perpetual,287.64931283,4080.22559992,0.0,0.0,0.0,0,2026-07-29T20:30:15.000Z
iShares Russell 2000 ETF,ishares-russell-2000-etf-derivatives,KuCoin,kucoin,IWM/USDT,perpetual,287.75647109,458181.1334297,0.0,0.0,0.0,0,2026-07-29T20:30:19.000Z
iShares Russell 2000 ETF,ishares-russell-2000-etf-derivatives,OKX,okx,IWM/USDT,perpetual,287.86628364,439655.29634415,0.0,0.0,0.0,0,2026-07-29T20:28:28.000Z
iShares Russell 2000 ETF,ishares-russell-2000-etf-derivatives,Gate,gate,IWM/USDT,perpetual,286.99745634,100226.89816702,0.0,0.0,0.0,0,2026-07-29T20:30:19.000Z
iShares Russell 2000 ETF,ishares-russell-2000-etf-derivatives,HTX,htx,IWM/USDT,perpetual,287.5674033,33095.24940556,0.0,0.0,0.0,0,2026-07-29T20:27:17.000Z
iShares Russell 2000 ETF,ishares-russell-2000-etf-derivatives,Bitget,bitget,IWM/USDT,perpetual,287.65774128,63893.3153632,0.0,0.0,0.0,0,2026-07-29T20:30:15.000Z
iShares Russell 2000 ETF,ishares-russell-2000-etf-derivatives,MEXC,mexc,IWM/USDT,perpetual,287.48793152,95003.7064519,0.0,0.0,0.0,0,2026-07-29T20:30:15.000Z
iShares Russell 2000 ETF,ishares-russell-2000-etf-derivatives,Phemex,phemex,IWM/USDT,perpetual,287.65774128,33305.03426239,0.0,0.0,0.0,0,2026-07-29T20:30:16.000Z
iShares Russell 2000 ETF,ishares-russell-2000-etf-derivatives,BingX,bingx,IWM/USDT,perpetual,287.3796416,1634966.55331425,0.0,0.0,0.0,0,2026-07-29T20:30:18.000Z
iShares Russell 2000 ETF,ishares-russell-2000-etf-derivatives,XT.COM,xt,IWM/USDT,perpetual,287.70100293,669046.53096493,0.0,0.0,0.0,0,2026-07-29T20:30:41.579Z
iShares Russell 2000 ETF,ishares-russell-2000-etf-derivatives,SunX,sunperp,IWM/USDT,perpetual,292.76202303,96285.72432622,0.0,0.0,0.0,0,2026-07-29T20:30:16.000Z
iShares Russell 2000 ETF,ishares-russell-2000-etf-derivatives,CoinW,coinw,IWM/USDT,perpetual,287.50790914,689213.33448854,0.0,0.0,0.0,0,2026-07-29T20:30:17.000Z
iShares Russell 2000 ETF,ishares-russell-2000-etf-derivatives,Ourbit,ourbit,IWM/USDT,perpetual,287.41800985,365575.51445468,0.0,0.0,0.0,0,2026-07-29T20:30:15.000Z
iShares Russell 2000 ETF,ishares-russell-2000-etf-derivatives,WEEX,weex,IWM/USDT,perpetual,287.43688593,315201.26424115,0.0,0.0,0.0,0,2026-07-29T20:30:17.000Z
iShares Russell 2000 ETF,ishares-russell-2000-etf-derivatives,OrangeX,orangex,IWM/USDT,perpetual,287.4475336,150290.1289156,0.0,0.0,0.0,0,2026-07-29T20:27:15.000Z
iShares Russell 2000 ETF,ishares-russell-2000-etf-derivatives,LBank,lbank,IWM/USDT,perpetual,287.54674333,123452.80843939,0.0,0.0,0.0,0,2026-07-29T20:30:16.000Z
iShares Russell 2000 ETF,ishares-russell-2000-etf-derivatives,Toobit,toobit,IWM/USDT,perpetual,287.33701557,89045.64554944,0.0,0.0,0.0,0,2026-07-29T20:30:16.000Z
iShares Russell 2000 ETF,ishares-russell-2000-etf-derivatives,Bitunix,bitunix,IWM/USDT,perpetual,287.67411805,87864.30158158,0.0,0.0,0.0,0,2026-07-29T20:24:16.000Z
iShares Russell 2000 ETF,ishares-russell-2000-etf-derivatives,Hotcoin,hotcoin-global,IWM/USDT,perpetual,287.64982078,62036.32154355,0.0,0.0,0.0,0,2026-07-29T20:30:28.000Z
iShares Russell 2000 ETF,ishares-russell-2000-etf-derivatives,YUBIT,yubit,IWM/USDT,perpetual,287.51789795,54412.89204132,0.0,0.0,0.0,0,2026-07-29T20:30:15.000Z
iShares Russell 2000 ETF,ishares-russell-2000-etf-derivatives,ApeX Omni,apex-omni,IWM/USDT,perpetual,276.50024087,34925.86766669,0.0,0.0,0.0,0,2026-07-29T20:30:16.000Z
iShares Russell 2000 ETF,ishares-russell-2000-etf-derivatives,KCEX,kcex,IWM/USDT,perpetual,287.49792033,30934.83655985,0.0,0.0,0.0,0,2026-07-29T20:30:15.000Z
iShares Russell 2000 ETF,ishares-russell-2000-etf-derivatives,BloFin,blofin,IWM/USDT,perpetual,287.79953734,23860.70006614,0.0,0.0,0.0,0,2026-07-29T20:21:16.000Z
iShares Russell 2000 ETF,ishares-russell-2000-etf-derivatives,Zoomex,zoomex,IWM/USDT,perpetual,287.554258,23363.15104072,0.0,0.0,0.0,0,2026-07-29T20:24:15.000Z
iShares Russell 2000 ETF,ishares-russell-2000-etf-derivatives,Lighter,lighter,IWM/USDC,perpetual,288.15716369,4404.46947312,0.0,0.0,0.0,0,2026-07-29T20:30:15.000Z
iShares Russell 2000 ETF,ishares-russell-2000-etf-derivatives,BitMart,bitmart,IWM/USDT,perpetual,290.64272452,0.0,0.0,0.0,0.0,0,2026-07-29T20:30:16.000Z
iShares Russell 2000 ETF,ishares-russell-2000-etf-derivatives,ADEN,aden-decentralized-derivatives-exchange,IWM/USDT,perpetual,287.62042871,0.0,0.0,0.0,0.0,0,2026-07-29T20:27:57.000Z
Microsoft Corporation,microsoft-corporation-derivatives,Binance,binance,MSFT/USDT,perpetual,398.04331072,59826537.22978678,0.0,0.0,0.0,0,2026-07-29T20:30:16.000Z
Microsoft Corporation,microsoft-corporation-derivatives,Aster,aster-pro,MSFT/USDT,perpetual,399.10343373,185933.75917453,0.0,0.0,0.0,0,2026-07-29T20:30:15.000Z
Microsoft Corporation,microsoft-corporation-derivatives,KuCoin,kucoin,MSFT/USDT,perpetual,397.10452932,396401.16553956,0.0,0.0,0.0,0,2026-07-29T20:30:19.000Z
Microsoft Corporation,microsoft-corporation-derivatives,Hyperliquid,hyperliquid,xyz:MSFT/USDC,perpetual,398.26263134,54988977.53658909,0.0,0.0,0.0,0,2026-07-29T20:30:26.000Z
Microsoft Corporation,microsoft-corporation-derivatives,OKX,okx,MSFT/USDT,perpetual,398.75314332,14822463.80603331,0.0,0.0,0.0,0,2026-07-29T20:28:28.000Z
Microsoft Corporation,microsoft-corporation-derivatives,Bybit,bybit,MSFT/USDT,perpetual,398.12398758,5098244.86882989,0.0,0.0,0.0,0,2026-07-29T20:30:16.000Z
Microsoft Corporation,microsoft-corporation-derivatives,Gate,gate,MSFT/USDT,perpetual,397.53397187,1819184.56558621,0.0,0.0,0.0,0,2026-07-29T20:30:19.000Z
Microsoft Corporation,microsoft-corporation-derivatives,HTX,htx,MSFT/USDT,perpetual,397.49790466,365085.58768506,0.0,0.0,0.0,0,2026-07-29T20:27:17.000Z
Microsoft Corporation,microsoft-corporation-derivatives,Hyperliquid,hyperliquid,cash:MSFT/USDT,perpetual,371.03791457,0.0,0.0,0.0,0.0,0,2026-07-29T20:30:26.000Z
Microsoft Corporation,microsoft-corporation-derivatives,Crypto.com Exchange,crypto-com-exchange,MSFT/USD,perpetual,394.02931136,5678.1639684,0.0,0.0,0.0,0,2026-07-29T12:30:18.000Z
Microsoft Corporation,microsoft-corporation-derivatives,Phemex,phemex,MSFT/USDT,perpetual,398.38369663,1007731.39371476,0.0,0.0,0.0,0,2026-07-29T20:30:16.000Z
Microsoft Corporation,microsoft-corporation-derivatives,Biconomy.com,biconomy,MSFT/USDT,perpetual,397.11831729,38109961.76785758,0.0,0.0,0.0,0,2026-07-29T20:27:15.000Z
Microsoft Corporation,microsoft-corporation-derivatives,BingX,bingx,MSFT/USDT,perpetual,397.90489493,2116805.11065862,0.0,0.0,0.0,0,2026-07-29T20:30:18.000Z
Microsoft Corporation,microsoft-corporation-derivatives,SunX,sunperp,MSFT/USDT,perpetual,390.2028615,1058831.56664633,0.0,0.0,0.0,0,2026-07-29T20:30:16.000Z
Microsoft Corporation,microsoft-corporation-derivatives,XT.COM,xt,MSFT/USDT,perpetual,397.16104977,358525.73093772,0.0,0.0,0.0,0,2026-07-29T20:30:41.579Z
Microsoft Corporation,microsoft-corporation-derivatives,Bitrue,bitrue,MSFT/USDT,perpetual,398.12398758,31678091.88429141,0.0,0.0,0.0,0,2026-07-29T20:30:16.000Z
Microsoft Corporation,microsoft-corporation-derivatives,CoinW,coinw,MSFT/USDT,perpetual,398.19390925,29855147.15992143,0.0,0.0,0.0,0,2026-07-29T20:30:17.000Z
Microsoft Corporation,microsoft-corporation-derivatives,LBank,lbank,MSFT/USDT,perpetual,398.40284401,25177803.94105177,0.0,0.0,0.0,0,2026-07-29T20:30:16.000Z
Microsoft Corporation,microsoft-corporation-derivatives,Ourbit,ourbit,MSFT/USDT,perpetual,398.11399877,24273870.71994109,0.0,0.0,0.0,0,2026-07-29T20:30:15.000Z
Microsoft Corporation,microsoft-corporation-derivatives,Tapbit,tapbit,MSFT/USDT,perpetual,398.03473663,16807185.52090948,0.0,0.0,0.0,0,2026-07-29T20:30:15.000Z
Microsoft Corporation,microsoft-corporation-derivatives,Deepcoin,deepcoin,MSFT/USDT,perpetual,398.20452963,7945813.00462352,0.0,0.0,0.0,0,2026-07-29T20:30:15.000Z
Microsoft Corporation,microsoft-corporation-derivatives,WhiteBIT,whitebit,MSFT/USDT,perpetual,398.23386449,7215600.97508039,0.0,0.0,0.0,0,2026-07-29T20:30:15.000Z
Microsoft Corporation,microsoft-corporation-derivatives,Echobit,echobit,MSFT/USDT,perpetual,398.16394282,5695368.89121361,0.0,0.0,0.0,0,2026-07-29T20:30:16.000Z
Microsoft Corporation,microsoft-corporation-derivatives,Ondo Perps,ondoperps,MSFT/USD,perpetual,398.29879348,5579548.73350083,0.0,0.0,0.0,0,2026-07-29T20:30:16.000Z
Microsoft Corporation,microsoft-corporation-derivatives,Coinbase International Exchange,coinbase-international-exchange,MSFT/USDC,perpetual,398.34166528,5202116.8015988,0.0,0.0,0.0,0,2026-07-29T20:30:15.000Z
Microsoft Corporation,microsoft-corporation-derivatives,WEEX,weex,MSFT/USDT,perpetual,398.0932459,2064721.70784498,0.0,0.0,0.0,0,2026-07-29T20:30:17.000Z
Microsoft Corporation,microsoft-corporation-derivatives,Toobit,toobit,MSFT/USDT,perpetual,398.18312922,1816297.3334244,0.0,0.0,0.0,0,2026-07-29T20:30:16.000Z
Microsoft Corporation,microsoft-corporation-derivatives,Zoomex,zoomex,MSFT/USDT,perpetual,401.04175251,1524115.09123305,0.0,0.0,0.0,0,2026-07-29T20:24:15.000Z
Microsoft Corporation,microsoft-corporation-derivatives,KCEX,kcex,MSFT/USDT,perpetual,398.34374139,1346695.52820507,0.0,0.0,0.0,0,2026-07-29T20:30:15.000Z
Microsoft Corporation,microsoft-corporation-derivatives,Bitunix,bitunix,MSFT/USDT,perpetual,401.74093615,1338829.78190898,0.0,0.0,0.0,0,2026-07-29T20:24:16.000Z
Microsoft Corporation,microsoft-corporation-derivatives,MGBX,mgbx,MSFT/USDT,perpetual,394.76953307,659853.04199402,0.0,0.0,0.0,0,2026-07-29T15:15:16.000Z
Microsoft Corporation,microsoft-corporation-derivatives,Lighter,lighter,MSFT/USDC,perpetual,398.67155899,347054.69265297,0.0,0.0,0.0,0,2026-07-29T20:30:15.000Z
Microsoft Corporation,microsoft-corporation-derivatives,BloFin,blofin,MSFT/USDT,perpetual,398.50472811,344945.40819819,0.0,0.0,0.0,0,2026-07-29T20:21:16.000Z
Microsoft Corporation,microsoft-corporation-derivatives,YUBIT,yubit,MSFT/USDT,perpetual,398.23386449,334702.5277054,0.0,0.0,0.0,0,2026-07-29T20:30:15.000Z
Microsoft Corporation,microsoft-corporation-derivatives,OrangeX,orangex,MSFT/USDT,perpetual,397.0483933,255594.66887682,0.0,0.0,0.0,0,2026-07-29T20:27:15.000Z
Microsoft Corporation,microsoft-corporation-derivatives,ApeX Omni,apex-omni,MSFT/USDT,perpetual,397.04519614,25771.66967939,0.0,0.0,0.0,0,2026-07-29T20:30:16.000Z
Microsoft Corporation,microsoft-corporation-derivatives,Paradex,paradex-trade,MSFT/USD,perpetual,394.02008254,3094.89436865,0.0,0.0,0.0,0,2026-07-29T20:30:15.000Z
Microsoft Corporation,microsoft-corporation-derivatives,ADEN,aden-decentralized-derivatives-exchange,MSFT/USDT,perpetual,396.87763848,2243.98687848,0.0,0.0,0.0,0,2026-07-29T20:27:57.000Z
Microsoft Corporation,microsoft-corporation-derivatives,BitMart,bitmart,MSFT/USDT,perpetual,380.43616607,0.0,0.0,0.0,0.0,0,2026-07-29T20:30:16.000Z
Microsoft Corporation,microsoft-corporation-derivatives,BYDFi,bydfi,MSFT/USDT,perpetual,398.55410344,582118.87077125,0.0,0.0,0.0,0,2026-07-29T20:30:16.000Z
Microsoft Corporation,microsoft-corporation-derivatives,BTSE,btse,MSFT/USDT,perpetual,396.85417911896235,1207976.8946,,,,0,2026-07-29T20:27:15.447Z
Microsoft Corporation,microsoft-corporation-derivatives,BTSE,btse,MSFT/USDT,perpetual,396.85417911896235,1207976.8946,,,,0,2026-07-29T20:27:15.447Z
Microsoft Corporation,microsoft-corporation-derivatives,Fillx,fillx,MSFT/USDC,perpetual,396.85417911896235,0.0,,,,0,2026-07-29T20:30:15.439Z
Microsoft Corporation,microsoft-corporation-derivatives,ADEN,aden-decentralized-derivatives-exchange,MSFT/USDC,perpetual,396.85417911896235,0.0,,,,0,2026-07-29T20:27:57.068Z
Anthropic,anthropic-derivatives,Binance,binance,ANTHROPIC/USDT,perpetual,1412.27676163,1911446.79487506,0.0,0.0,0.0,0,2026-07-29T20:30:16.000Z
Anthropic,anthropic-derivatives,Aster,aster-pro,ANTHROPIC/USDT,perpetual,1429.08773013,3028.66760505,0.0,0.0,0.0,0,2026-07-29T20:30:15.000Z
Anthropic,anthropic-derivatives,KuCoin,kucoin,ANTHROPIC/USDT,perpetual,1412.33668385,311010.50609126,0.0,0.0,0.0,0,2026-07-29T20:30:19.000Z
Anthropic,anthropic-derivatives,OKX,okx,ANTHROPIC/USDT,perpetual,148.81815753,292100.7260568,0.0,0.0,0.0,0,2026-07-29T20:28:28.000Z
Anthropic,anthropic-derivatives,Bitget,bitget,ANTHROPIC/USDT,perpetual,1457.99662793,1508083.8429615,0.0,0.0,0.0,0,2026-07-29T20:30:15.000Z
Anthropic,anthropic-derivatives,BingX,bingx,ANTHROPIC(Pre-IPO)/USDT,perpetual,1412.46799206,1662047.27789505,0.0,0.0,0.0,0,2026-07-29T20:30:18.000Z
Anthropic,anthropic-derivatives,XT.COM,xt,ANTHROPIC/USDT,perpetual,1413.08055363,217834.85511531,0.0,0.0,0.0,0,2026-07-29T20:30:41.579Z
Anthropic,anthropic-derivatives,Tapbit,tapbit,ANTHROPIC/USDT,perpetual,1412.81756587,1655134.99273971,0.0,0.0,0.0,0,2026-07-29T20:30:15.000Z
Anthropic,anthropic-derivatives,CoinW,coinw,ANTHROPIC/USDT,perpetual,1412.84720816,1029423.90161879,0.0,0.0,0.0,0,2026-07-29T20:30:17.000Z
Anthropic,anthropic-derivatives,Pionex,pionex,ANTHROPIC/USDT,perpetual,1412.63744315,416496.66544188,0.0,0.0,0.0,0,2026-07-29T20:30:16.000Z
Anthropic,anthropic-derivatives,Bitrue,bitrue,ANTHROPIC/USDT,perpetual,1412.96707387,339503.48952883,0.0,0.0,0.0,0,2026-07-29T20:30:16.000Z
Anthropic,anthropic-derivatives,Bitunix,bitunix,ANTHROPIC/USDT,perpetual,1413.42971068,234346.6420353,0.0,0.0,0.0,0,2026-07-29T20:24:16.000Z
Anthropic,anthropic-derivatives,YUBIT,yubit,ANTHROPIC/USDT,perpetual,1412.90714101,188323.54391733,0.0,0.0,0.0,0,2026-07-29T20:30:15.000Z
Anthropic,anthropic-derivatives,KCEX,kcex,ANTHROPIC/USDT,perpetual,1412.91712982,144794.64497942,0.0,0.0,0.0,0,2026-07-29T20:30:15.000Z
Anthropic,anthropic-derivatives,BloFin,blofin,ANTHROPIC/USDT,perpetual,1412.44002683,78245.38290699,0.0,0.0,0.0,0,2026-07-29T20:21:16.000Z
Anthropic,anthropic-derivatives,DigiFinex,digifinex,ANTHROPIC/USDT,perpetual,1411.57862933,72399.86789813,0.0,0.0,0.0,0,2026-07-29T20:30:16.000Z
Anthropic,anthropic-derivatives,Lighter,lighter,ANTHROPIC/USDC,perpetual,1414.54427276,21513.48482412,0.0,0.0,0.0,0,2026-07-29T20:30:15.000Z
Anthropic,anthropic-derivatives,Coinbase International Exchange,coinbase-international-exchange,ANTHROPIC/USDC,perpetual,1424.74098765,10053.89542152,0.0,0.0,0.0,0,2026-07-29T20:30:15.000Z
Anthropic,anthropic-derivatives,DeriW,deriw,ANTHROPIC/USDT,perpetual,1412.5487523836287,0.0,,,,0,2026-07-29T20:30:18.206Z
Anthropic,anthropic-derivatives,DeriW,deriw,ANTHROPIC/USDT,perpetual,1412.5487523836287,0.0,,,,0,2026-07-29T20:30:18.206Z
Anthropic,anthropic-derivatives,ADEN,aden-decentralized-derivatives-exchange,ANTHROPIC/USDT,perpetual,1412.5487523836287,0.0,,,,0,2026-07-29T20:27:57.068Z
Anthropic,anthropic-derivatives,ADEN,aden-decentralized-derivatives-exchange,ANTHROPIC/USDT,perpetual,1412.5487523836287,0.0,,,,0,2026-07-29T20:27:57.068Z
VanEck Semiconductor ETF,vaneck-semiconductor-etf-derivatives,Binance,binance,SMH/USDT,perpetual,501.02962696,639488.51021449,0.0,0.0,0.0,0,2026-07-29T20:30:16.000Z
VanEck Semiconductor ETF,vaneck-semiconductor-etf-derivatives,Hyperliquid,hyperliquid,xyz:SMH/USDC,perpetual,502.05986088,3113444.01040517,0.0,0.0,0.0,0,2026-07-29T20:30:26.000Z
VanEck Semiconductor ETF,vaneck-semiconductor-etf-derivatives,Bybit,bybit,SMH/USDT,perpetual,500.92881685,548907.69941767,0.0,0.0,0.0,0,2026-07-29T20:30:16.000Z
VanEck Semiconductor ETF,vaneck-semiconductor-etf-derivatives,OKX,okx,SMH/USDT,perpetual,504.2255275,330141.66413346,0.0,0.0,0.0,0,2026-07-29T20:28:28.000Z
VanEck Semiconductor ETF,vaneck-semiconductor-etf-derivatives,HTX,htx,SMH/USDT,perpetual,503.70245628,40035.65831719,0.0,0.0,0.0,0,2026-07-29T20:27:17.000Z
VanEck Semiconductor ETF,vaneck-semiconductor-etf-derivatives,Gate,gate,SMH/USDT,perpetual,501.14947139,23656.29240494,0.0,0.0,0.0,0,2026-07-29T20:30:19.000Z
VanEck Semiconductor ETF,vaneck-semiconductor-etf-derivatives,Bitget,bitget,SMH/USDT,perpetual,501.64801115,271086.73204099,0.0,0.0,0.0,0,2026-07-29T20:30:15.000Z
VanEck Semiconductor ETF,vaneck-semiconductor-etf-derivatives,MEXC,mexc,SMH/USDT,perpetual,501.15855947,163150.6870568,0.0,0.0,0.0,0,2026-07-29T20:30:15.000Z
VanEck Semiconductor ETF,vaneck-semiconductor-etf-derivatives,Ourbit,ourbit,SMH/USDT,perpetual,502.58695926,1066071.8229542,0.0,0.0,0.0,0,2026-07-29T20:30:15.000Z
VanEck Semiconductor ETF,vaneck-semiconductor-etf-derivatives,LBank,lbank,SMH/USDT,perpetual,501.03961399,732958.8001524,0.0,0.0,0.0,0,2026-07-29T20:30:16.000Z
VanEck Semiconductor ETF,vaneck-semiconductor-etf-derivatives,WEEX,weex,SMH/USDT,perpetual,501.03961399,259015.40449013,0.0,0.0,0.0,0,2026-07-29T20:30:17.000Z
VanEck Semiconductor ETF,vaneck-semiconductor-etf-derivatives,KCEX,kcex,SMH/USDT,perpetual,502.1174852,256552.20845293,0.0,0.0,0.0,0,2026-07-29T20:30:15.000Z
VanEck Semiconductor ETF,vaneck-semiconductor-etf-derivatives,OrangeX,orangex,SMH/USDT,perpetual,502.56369416,246691.65678946,0.0,0.0,0.0,0,2026-07-29T20:27:15.000Z
VanEck Semiconductor ETF,vaneck-semiconductor-etf-derivatives,Hotcoin,hotcoin-global,SMH/USDT,perpetual,501.24237198,95668.2095504,0.0,0.0,0.0,0,2026-07-29T20:30:28.000Z
VanEck Semiconductor ETF,vaneck-semiconductor-etf-derivatives,BitMart,bitmart,SMH/USDT,perpetual,561.2714287,0.0,0.0,0.0,0.0,0,2026-07-29T20:30:16.000Z
VanEck Semiconductor ETF,vaneck-semiconductor-etf-derivatives,ADEN,aden-decentralized-derivatives-exchange,SMH/USDT,perpetual,502.58915765,0.0,0.0,0.0,0.0,0,2026-07-29T20:27:57.000Z
VanEck Semiconductor ETF,vaneck-semiconductor-etf-derivatives,XT.COM,xt,SMH/USDT,perpetual,502.3171392351376,200292.2104,,,,0,2026-07-29T20:30:41.579Z
VanEck Semiconductor ETF,vaneck-semiconductor-etf-derivatives,XT.COM,xt,SMH/USDT,perpetual,502.3171392351376,200292.2104,,,,0,2026-07-29T20:30:41.579Z
VanEck Semiconductor ETF,vaneck-semiconductor-etf-derivatives,BTSE,btse,SMH/USDT,perpetual,502.3171392351376,81273.6047,,,,0,2026-07-29T20:27:15.447Z
VanEck Semiconductor ETF,vaneck-semiconductor-etf-derivatives,BTSE,btse,SMH/USDT,perpetual,502.3171392351376,81273.6047,,,,0,2026-07-29T20:27:15.447Z
Rivian Automotive Inc,rivian-automotive-inc-derivatives,Binance,binance,RIVN/USDT,perpetual,16.2389207,1456534.18716029,0.0,0.0,0.0,0,2026-07-29T20:30:16.000Z
Rivian Automotive Inc,rivian-automotive-inc-derivatives,Aster,aster-pro,RIVN/USDT,perpetual,16.44994508,5273.45088135,0.0,0.0,0.0,0,2026-07-29T20:30:15.000Z
Rivian Automotive Inc,rivian-automotive-inc-derivatives,KuCoin,kucoin,RIVN/USDT,perpetual,16.22893366,571201.14120622,0.0,0.0,0.0,0,2026-07-29T20:30:19.000Z
Rivian Automotive Inc,rivian-automotive-inc-derivatives,Hyperliquid,hyperliquid,xyz:RIVN/USDC,perpetual,16.24043726,952851.31056411,0.0,0.0,0.0,0,2026-07-29T20:30:26.000Z
Rivian Automotive Inc,rivian-automotive-inc-derivatives,Bybit,bybit,RIVN/USDT,perpetual,16.24180455,166363.31413816,0.0,0.0,0.0,0,2026-07-29T20:30:16.000Z
Rivian Automotive Inc,rivian-automotive-inc-derivatives,OKX,okx,RIVN/USDT,perpetual,16.25341628,88550.23722782,0.0,0.0,0.0,0,2026-07-29T20:28:28.000Z
Rivian Automotive Inc,rivian-automotive-inc-derivatives,Gate,gate,RIVN/USDT,perpetual,16.24191681,20257.70402084,0.0,0.0,0.0,0,2026-07-29T20:30:19.000Z
Rivian Automotive Inc,rivian-automotive-inc-derivatives,HTX,htx,RIVN/USDT,perpetual,16.26232224,2812.64454843,0.0,0.0,0.0,0,2026-07-29T20:27:17.000Z
Rivian Automotive Inc,rivian-automotive-inc-derivatives,MEXC,mexc,RIVNSTOCK/USDT,perpetual,16.25179336,118434.04608872,0.0,0.0,0.0,0,2026-07-29T20:30:15.000Z
Rivian Automotive Inc,rivian-automotive-inc-derivatives,Phemex,phemex,RIVN/USDT,perpetual,16.22182693,89128.15324731,0.0,0.0,0.0,0,2026-07-29T20:30:16.000Z
Rivian Automotive Inc,rivian-automotive-inc-derivatives,BingX,bingx,RIVN/USDT,perpetual,16.23021296,1228517.95443056,0.0,0.0,0.0,0,2026-07-29T20:30:18.000Z
Rivian Automotive Inc,rivian-automotive-inc-derivatives,SunX,sunperp,RIVN/USDT,perpetual,16.55145765,1079854.83059447,0.0,0.0,0.0,0,2026-07-29T20:30:16.000Z
Rivian Automotive Inc,rivian-automotive-inc-derivatives,XT.COM,xt,RIVN/USDT,perpetual,16.25367311,658752.6316375,0.0,0.0,0.0,0,2026-07-29T20:30:41.579Z
Rivian Automotive Inc,rivian-automotive-inc-derivatives,OrangeX,orangex,RIVN/USDT,perpetual,16.23235481,1365413.08406247,0.0,0.0,0.0,0,2026-07-29T20:27:15.000Z
Rivian Automotive Inc,rivian-automotive-inc-derivatives,Ourbit,ourbit,RIVN/USDT,perpetual,16.23181574,1026443.74024952,0.0,0.0,0.0,0,2026-07-29T20:30:15.000Z
Rivian Automotive Inc,rivian-automotive-inc-derivatives,LBank,lbank,RIVN/USDT,perpetual,16.2389207,720642.22177057,0.0,0.0,0.0,0,2026-07-29T20:30:16.000Z
Rivian Automotive Inc,rivian-automotive-inc-derivatives,CoinW,coinw,RIVN/USDT,perpetual,16.23181574,652892.32437931,0.0,0.0,0.0,0,2026-07-29T20:30:17.000Z
Rivian Automotive Inc,rivian-automotive-inc-derivatives,Bitrue,bitrue,RIVN/USDT,perpetual,16.22182693,248850.89901606,0.0,0.0,0.0,0,2026-07-29T20:30:16.000Z
Rivian Automotive Inc,rivian-automotive-inc-derivatives,WhiteBIT,whitebit,RIVN/USDT,perpetual,16.26178217,190126.59658408,0.0,0.0,0.0,0,2026-07-29T20:30:15.000Z
Rivian Automotive Inc,rivian-automotive-inc-derivatives,Hotcoin,hotcoin-global,RIVN/USDT,perpetual,16.22967809,175691.00941894,0.0,0.0,0.0,0,2026-07-29T20:30:28.000Z
Rivian Automotive Inc,rivian-automotive-inc-derivatives,Toobit,toobit,RIVN/USDT,perpetual,16.2389207,152373.14712784,0.0,0.0,0.0,0,2026-07-29T20:30:16.000Z
Rivian Automotive Inc,rivian-automotive-inc-derivatives,Bitunix,bitunix,RIVN/USDT,perpetual,16.25102566,108609.82956119,0.0,0.0,0.0,0,2026-07-29T20:24:16.000Z
Rivian Automotive Inc,rivian-automotive-inc-derivatives,KCEX,kcex,RIVN/USDT,perpetual,16.22182693,101693.78795248,0.0,0.0,0.0,0,2026-07-29T20:30:15.000Z
Rivian Automotive Inc,rivian-automotive-inc-derivatives,YUBIT,yubit,RIVN/USDT,perpetual,16.22182693,83256.03948956,0.0,0.0,0.0,0,2026-07-29T20:30:15.000Z
Rivian Automotive Inc,rivian-automotive-inc-derivatives,Zoomex,zoomex,RIVN/USDT,perpetual,16.29097901,49897.56739209,0.0,0.0,0.0,0,2026-07-29T20:24:15.000Z
Rivian Automotive Inc,rivian-automotive-inc-derivatives,WEEX,weex,RIVN/USDT,perpetual,16.22893366,8698.07626183,0.0,0.0,0.0,0,2026-07-29T20:30:17.000Z
Rivian Automotive Inc,rivian-automotive-inc-derivatives,BitMart,bitmart,RIVN/USDT,perpetual,15.84942629,0.0,0.0,0.0,0.0,0,2026-07-29T20:30:16.000Z
Rivian Automotive Inc,rivian-automotive-inc-derivatives,ADEN,aden-decentralized-derivatives-exchange,RIVN/USDT,perpetual,16.241754101216603,0.0,,,,0,2026-07-29T20:27:57.068Z
Rivian Automotive Inc,rivian-automotive-inc-derivatives,ADEN,aden-decentralized-derivatives-exchange,RIVN/USDT,perpetual,16.241754101216603,0.0,,,,0,2026-07-29T20:27:57.068Z
SpaceX,spacex-derivatives,Binance,binance,SPCX/USDT,perpetual,111.83483022,849771339.651067,0.0,0.0,0.0,0,2026-07-29T20:30:16.000Z
SpaceX,spacex-derivatives,Binance,binance,SPCX/USD1,perpetual,111.89710559,49047179.38204722,0.0,0.0,0.0,0,2026-07-29T20:30:16.000Z
SpaceX,spacex-derivatives,Aster,aster-pro,SPCX/USDT,perpetual,111.89358513,10542555.56136308,0.0,0.0,0.0,0,2026-07-29T20:30:15.000Z
SpaceX,spacex-derivatives,KuCoin,kucoin,SPCX/USDT,perpetual,111.8847654,5261456.3010984,0.0,0.0,0.0,0,2026-07-29T20:30:19.000Z
SpaceX,spacex-derivatives,OKX,okx,SPCX/USDT,perpetual,112.11560596,309318654.6806196,0.0,0.0,0.0,0,2026-07-29T20:28:28.000Z
SpaceX,spacex-derivatives,Hyperliquid,hyperliquid,xyz:SPCX/USDC,perpetual,111.77547931,203622616.84915635,0.0,0.0,0.0,0,2026-07-29T20:30:26.000Z
SpaceX,spacex-derivatives,Gate,gate,SPCX/USDT,perpetual,111.7449469,41276780.7243442,0.0,0.0,0.0,0,2026-07-29T20:30:19.000Z
SpaceX,spacex-derivatives,HTX,htx,SPCX/USDT,perpetual,111.62865541,828512.49841288,0.0,0.0,0.0,0,2026-07-29T20:27:17.000Z
SpaceX,spacex-derivatives,Bitget,bitget,SPCX/USDT,perpetual,111.84470203,121506731.46111786,0.0,0.0,0.0,0,2026-07-29T20:30:15.000Z
SpaceX,spacex-derivatives,Crypto.com Exchange,crypto-com-exchange,SPCX/USD,perpetual,115.54258009,566654.02787994,0.0,0.0,0.0,0,2026-07-29T12:30:18.000Z
SpaceX,spacex-derivatives,MEXC,mexc,SPCXSTOCK/USDT,perpetual,111.82472441,119263129.35113479,0.0,0.0,0.0,0,2026-07-29T20:30:15.000Z
SpaceX,spacex-derivatives,Phemex,phemex,SPCX/USDT,perpetual,111.67489227,904216.94272417,0.0,0.0,0.0,0,2026-07-29T20:30:16.000Z
SpaceX,spacex-derivatives,MEXC,mexc,SPCXSTOCK/USDC,perpetual,111.87204311,898700.22838514,0.0,0.0,0.0,0,2026-07-29T20:30:15.000Z
SpaceX,spacex-derivatives,MEXC,mexc,SPCXSTOCK/USD1,perpetual,111.9040224,733669.39529973,0.0,0.0,0.0,0,2026-07-29T20:30:15.000Z
SpaceX,spacex-derivatives,XT.COM,xt,SPCX/USDT,perpetual,111.68780905,127361108.762859,0.0,0.0,0.0,0,2026-07-29T20:30:41.579Z
SpaceX,spacex-derivatives,Biconomy.com,biconomy,SPCX/USDT,perpetual,111.56872056,33939973.32474477,0.0,0.0,0.0,0,2026-07-29T20:27:15.000Z
SpaceX,spacex-derivatives,BingX,bingx,SPCX/USDT,perpetual,111.82367036,13865758.50416163,0.0,0.0,0.0,0,2026-07-29T20:30:18.000Z
SpaceX,spacex-derivatives,SunX,sunperp,SPCX/USDT,perpetual,113.11328086,396418.53537423,0.0,0.0,0.0,0,2026-07-29T20:30:16.000Z
SpaceX,spacex-derivatives,CoinW,coinw,SPCX/USDT,perpetual,111.82472441,317696345.130375,0.0,0.0,0.0,0,2026-07-29T20:30:17.000Z
SpaceX,spacex-derivatives,BiKing,biking,SPCX/USDT,perpetual,111.62865541,272255340.53825814,0.0,0.0,0.0,0,2026-07-29T20:27:23.000Z
SpaceX,spacex-derivatives,Toobit,toobit,SPCX/USDT,perpetual,111.78489504,210089717.4281797,0.0,0.0,0.0,0,2026-07-29T20:30:16.000Z
SpaceX,spacex-derivatives,Ourbit,ourbit,SPCX/USDT,perpetual,111.83471322,146268371.0873429,0.0,0.0,0.0,0,2026-07-29T20:30:15.000Z
SpaceX,spacex-derivatives,OrangeX,orangex,SPCX/USDT,perpetual,111.44885086,121688182.54879315,0.0,0.0,0.0,0,2026-07-29T20:27:15.000Z
SpaceX,spacex-derivatives,Bitrue,bitrue,SPCX/USDT,perpetual,111.84470203,114017104.94775768,0.0,0.0,0.0,0,2026-07-29T20:30:16.000Z
SpaceX,spacex-derivatives,Hotcoin,hotcoin-global,SPCX/USDT,perpetual,111.8000102,76730951.73899806,0.0,0.0,0.0,0,2026-07-29T20:30:28.000Z
SpaceX,spacex-derivatives,Echobit,echobit,SPCX/USDT,perpetual,111.78476918,70675519.00380486,0.0,0.0,0.0,0,2026-07-29T20:30:16.000Z
SpaceX,spacex-derivatives,Bitunix,bitunix,SPCX/USDT,perpetual,112.0591622,51274281.07159429,0.0,0.0,0.0,0,2026-07-29T20:24:16.000Z
SpaceX,spacex-derivatives,DigiFinex,digifinex,SPCX/USDT,perpetual,111.80474679,30719870.25422024,0.0,0.0,0.0,0,2026-07-29T20:30:16.000Z
SpaceX,spacex-derivatives,YUBIT,yubit,SPCX/USDT,perpetual,111.82472441,30365952.2225599,0.0,0.0,0.0,0,2026-07-29T20:30:15.000Z
SpaceX,spacex-derivatives,WhiteBIT,whitebit,SPCX/USDT,perpetual,111.75480275,26037456.71300038,0.0,0.0,0.0,0,2026-07-29T20:30:15.000Z
SpaceX,spacex-derivatives,KCEX,kcex,SPCX/USDT,perpetual,111.85469084,24961481.9735971,0.0,0.0,0.0,0,2026-07-29T20:30:15.000Z
SpaceX,spacex-derivatives,MGBX,mgbx,SPCX/USDT,perpetual,112.33052077,20389605.34230092,0.0,0.0,0.0,0,2026-07-29T15:15:16.000Z
SpaceX,spacex-derivatives,Zoomex,zoomex,SPCX/USDT,perpetual,112.08912721,18281957.89517055,0.0,0.0,0.0,0,2026-07-29T20:24:15.000Z
SpaceX,spacex-derivatives,Pionex,pionex,SPCX/USDT,perpetual,111.84470203,10242673.38510218,0.0,0.0,0.0,0,2026-07-29T20:30:16.000Z
SpaceX,spacex-derivatives,Ondo Perps,ondoperps,SPCX/USD,perpetual,111.74210539,8870412.37776205,0.0,0.0,0.0,0,2026-07-29T20:30:16.000Z
SpaceX,spacex-derivatives,Lighter,lighter,SPCX/USDC,perpetual,111.83397017,8246958.79649154,0.0,0.0,0.0,0,2026-07-29T20:30:15.000Z
SpaceX,spacex-derivatives,LBank,lbank,SPCX/USDT,perpetual,111.78489504,6042141.44477165,0.0,0.0,0.0,0,2026-07-29T20:30:16.000Z
SpaceX,spacex-derivatives,WEEX,weex,SPCX/USDT,perpetual,111.77490801,2943078.07912226,0.0,0.0,0.0,0,2026-07-29T20:30:17.000Z
SpaceX,spacex-derivatives,BloFin,blofin,SPCX/USDT,perpetual,112.01359748,1705060.29001951,0.0,0.0,0.0,0,2026-07-29T20:21:16.000Z
SpaceX,spacex-derivatives,BitMart,bitmart,SPCX/USDT,perpetual,111.91472651,1634360.76557556,0.0,0.0,0.0,0,2026-07-29T20:30:16.000Z
SpaceX,spacex-derivatives,Coinbase International Exchange,coinbase-international-exchange,SPCX/USDC,perpetual,111.81397661,1148599.73451139,0.0,0.0,0.0,0,2026-07-29T20:30:15.000Z
SpaceX,spacex-derivatives,Pacifica,pacifica,SPCX/USD,perpetual,111.8104346,429932.75397364,0.0,0.0,0.0,0,2026-07-29T20:30:15.000Z
SpaceX,spacex-derivatives,ApeX Omni,apex-omni,SPCX/USDT,perpetual,111.95457894,286835.60481161,0.0,0.0,0.0,0,2026-07-29T20:30:16.000Z
SpaceX,spacex-derivatives,ADEN,aden-decentralized-derivatives-exchange,SPCX/USDT,perpetual,111.5444299,1229.85424619,0.0,0.0,0.0,0,2026-07-29T20:27:57.000Z
SpaceX,spacex-derivatives,Fillx,fillx,SPCX/USDC,perpetual,112.15386711,0.0,0.0,0.0,0.0,0,2026-07-29T20:30:15.000Z
SpaceX,spacex-derivatives,BTSE,btse,SPCX/USDT,perpetual,111.6769339810249,1753484.6554,,,,0,2026-07-29T20:27:15.447Z
SpaceX,spacex-derivatives,BTSE,btse,SPCX/USDT,perpetual,111.6769339810249,1753484.6554,,,,0,2026-07-29T20:27:15.447Z
SpaceX,spacex-derivatives,DeriW,deriw,SPCX/USDT,perpetual,111.6769339810249,0.0,,,,0,2026-07-29T20:30:18.206Z
SpaceX,spacex-derivatives,DeriW,deriw,SPCX/USDT,perpetual,111.6769339810249,0.0,,,,0,2026-07-29T20:30:18.206Z
SpaceX,spacex-derivatives,ADEN,aden-decentralized-derivatives-exchange,SPCX/USDC,perpetual,111.6769339810249,0.0,,,,0,2026-07-29T20:27:57.068Z
Samsung Electronics Co Ltd,samsung-electronics-co-ltd-derivatives,Binance,binance,SAMSUNG/USDT,perpetual,143.56364391,512445131.0667893,0.0,0.0,0.0,0,2026-07-29T20:30:16.000Z
Samsung Electronics Co Ltd,samsung-electronics-co-ltd-derivatives,Aster,aster-pro,SAMSUNG/USDT,perpetual,144.58373099,162865.8224103,0.0,0.0,0.0,0,2026-07-29T20:30:15.000Z
Samsung Electronics Co Ltd,samsung-electronics-co-ltd-derivatives,Hyperliquid,hyperliquid,xyz:SMSN/USDC,perpetual,143.58850035,289316108.81516623,0.0,0.0,0.0,0,2026-07-29T20:30:26.000Z
Samsung Electronics Co Ltd,samsung-electronics-co-ltd-derivatives,OKX,okx,SAMSUNG/USDT,perpetual,145.59144981,94182399.85350011,0.0,0.0,0.0,0,2026-07-29T20:28:28.000Z
Samsung Electronics Co Ltd,samsung-electronics-co-ltd-derivatives,Bitget,bitget,SAMSUNG/USDT,perpetual,143.76893778,58500471.17193325,0.0,0.0,0.0,0,2026-07-29T20:30:15.000Z
Samsung Electronics Co Ltd,samsung-electronics-co-ltd-derivatives,MEXC,mexc,SAMSUNGSTOCK/USDT,perpetual,143.90878112,43645796.46684053,0.0,0.0,0.0,0,2026-07-29T20:30:15.000Z
Samsung Electronics Co Ltd,samsung-electronics-co-ltd-derivatives,BingX,bingx,SAMSUNG/USDT,perpetual,143.61491212,2798626.52923871,0.0,0.0,0.0,0,2026-07-29T20:30:18.000Z
Samsung Electronics Co Ltd,samsung-electronics-co-ltd-derivatives,Lighter,lighter,SAMSUNGUSD/USDC,perpetual,146.91366846,1584513.01774335,0.0,0.0,0.0,0,2026-07-29T20:30:15.000Z
State Street Technology Select Sector SPDR ETF,state-street-technology-select-sector-spdr-etf-derivatives,Bybit,bybit,XLK/USDT,perpetual,166.063961,382834.55720419,0.0,0.0,0.0,0,2026-07-29T20:30:16.000Z
State Street Technology Select Sector SPDR ETF,state-street-technology-select-sector-spdr-etf-derivatives,Gate,gate,XLK/USDT,perpetual,166.43395657,6682.32585306,0.0,0.0,0.0,0,2026-07-29T20:30:19.000Z
State Street Technology Select Sector SPDR ETF,state-street-technology-select-sector-spdr-etf-derivatives,Bitget,bitget,XLK/USDT,perpetual,166.28371481,72918.97355173,0.0,0.0,0.0,0,2026-07-29T20:30:15.000Z
State Street Technology Select Sector SPDR ETF,state-street-technology-select-sector-spdr-etf-derivatives,MEXC,mexc,XLK/USDT,perpetual,166.53343505,141360.08608498,0.0,0.0,0.0,0,2026-07-29T20:30:15.000Z
State Street Technology Select Sector SPDR ETF,state-street-technology-select-sector-spdr-etf-derivatives,BingX,bingx,XLK/USDT,perpetual,166.62595952,331416.90596562,0.0,0.0,0.0,0,2026-07-29T19:57:19.000Z
State Street Technology Select Sector SPDR ETF,state-street-technology-select-sector-spdr-etf-derivatives,Zoomex,zoomex,XLK/USDT,perpetual,167.13485703,113101.31571114,0.0,0.0,0.0,0,2026-07-29T20:24:15.000Z
State Street Technology Select Sector SPDR ETF,state-street-technology-select-sector-spdr-etf-derivatives,WEEX,weex,XLK/USDT,perpetual,166.49387879,89007.29872641,0.0,0.0,0.0,0,2026-07-29T20:30:17.000Z
State Street Technology Select Sector SPDR ETF,state-street-technology-select-sector-spdr-etf-derivatives,BitMart,bitmart,XLK/USDT,perpetual,174.9628854,0.0,0.0,0.0,0.0,0,2026-07-29T20:30:16.000Z
State Street Technology Select Sector SPDR ETF,state-street-technology-select-sector-spdr-etf-derivatives,ADEN,aden-decentralized-derivatives-exchange,XLK/USDT,perpetual,166.5482511813195,708.1800015832606,,,,0,2026-07-29T20:27:57.068Z
State Street Technology Select Sector SPDR ETF,state-street-technology-select-sector-spdr-etf-derivatives,ADEN,aden-decentralized-derivatives-exchange,XLK/USDT,perpetual,166.5482511813195,702.5360603888768,,,,0,2026-07-29T20:27:57.068Z
SanDisk Corporation,sandisk-corporation-derivatives,Binance,binance,SNDK/USDT,perpetual,1000.36145778,6454395919.062845,0.0,0.0,0.0,0,2026-07-29T20:30:16.000Z
SanDisk Corporation,sandisk-corporation-derivatives,Aster,aster-pro,SNDK/USDT,perpetual,1003.80621137,6450085.64907872,0.0,0.0,0.0,0,2026-07-29T20:30:15.000Z
SanDisk Corporation,sandisk-corporation-derivatives,KuCoin,kucoin,SNDK/USDT,perpetual,1004.01671299,9086467.31907205,0.0,0.0,0.0,0,2026-07-29T20:30:19.000Z
SanDisk Corporation,sandisk-corporation-derivatives,OKX,okx,SNDK/USDT,perpetual,1011.76767099,3184044446.362728,0.0,0.0,0.0,0,2026-07-29T20:28:28.000Z
SanDisk Corporation,sandisk-corporation-derivatives,Hyperliquid,hyperliquid,xyz:SNDK/USDC,perpetual,998.89086884,1034475101.8266674,0.0,0.0,0.0,0,2026-07-29T20:30:26.000Z
SanDisk Corporation,sandisk-corporation-derivatives,Gate,gate,SNDK/USDT,perpetual,1000.9207318,576339422.3420736,0.0,0.0,0.0,0,2026-07-29T20:30:19.000Z
SanDisk Corporation,sandisk-corporation-derivatives,Bybit,bybit,SNDK/USDT,perpetual,999.2805208,316429781.44714844,0.0,0.0,0.0,0,2026-07-29T20:30:16.000Z
SanDisk Corporation,sandisk-corporation-derivatives,HTX,htx,SNDK/USDT,perpetual,988.92500092,26916519.85227211,0.0,0.0,0.0,0,2026-07-29T20:27:17.000Z
SanDisk Corporation,sandisk-corporation-derivatives,Bitget,bitget,SNDK/USDT,perpetual,1000.48916677,678668626.231128,0.0,0.0,0.0,0,2026-07-29T20:30:15.000Z
SanDisk Corporation,sandisk-corporation-derivatives,Crypto.com Exchange,crypto-com-exchange,SNDK/USD,perpetual,1077.40029375,3415099.82328234,0.0,0.0,0.0,0,2026-07-29T12:30:18.000Z
SanDisk Corporation,sandisk-corporation-derivatives,MEXC,mexc,SNDKSTOCK/USDT,perpetual,1000.42923392,488762000.9451597,0.0,0.0,0.0,0,2026-07-29T20:30:15.000Z
SanDisk Corporation,sandisk-corporation-derivatives,MEXC,mexc,SNDKSTOCK/USDC,perpetual,1001.2592851,15839301.52024758,0.0,0.0,0.0,0,2026-07-29T20:30:15.000Z
SanDisk Corporation,sandisk-corporation-derivatives,Phemex,phemex,SNDK/USDT,perpetual,1000.50914439,1254525.23242507,0.0,0.0,0.0,0,2026-07-29T20:30:16.000Z
SanDisk Corporation,sandisk-corporation-derivatives,Biconomy.com,biconomy,SNDK/USDT,perpetual,988.96495749,831840354.739548,0.0,0.0,0.0,0,2026-07-29T20:27:15.000Z
SanDisk Corporation,sandisk-corporation-derivatives,XT.COM,xt,SNDK/USDT,perpetual,989.13640761,32267431.20085805,0.0,0.0,0.0,0,2026-07-29T20:30:41.579Z
SanDisk Corporation,sandisk-corporation-derivatives,BingX,bingx,SNDK/USDT,perpetual,1002.27807439,30798305.39848646,0.0,0.0,0.0,0,2026-07-29T20:30:18.000Z
SanDisk Corporation,sandisk-corporation-derivatives,SunX,sunperp,SNDK/USDT,perpetual,1262.64547694,3186059.44489657,0.0,0.0,0.0,0,2026-07-29T20:30:16.000Z
SanDisk Corporation,sandisk-corporation-derivatives,WOO X,woox,SNDK/USDT,perpetual,1014.11364508,1662.65297946,0.0,0.0,0.0,0,2026-07-29T20:30:15.000Z
SanDisk Corporation,sandisk-corporation-derivatives,BiKing,biking,SNDK/USDT,perpetual,988.06593476,2114240830.8499005,0.0,0.0,0.0,0,2026-07-29T20:27:23.000Z
SanDisk Corporation,sandisk-corporation-derivatives,CoinW,coinw,SNDK/USDT,perpetual,999.46031938,2017684039.4037573,0.0,0.0,0.0,0,2026-07-29T20:30:17.000Z
SanDisk Corporation,sandisk-corporation-derivatives,Deepcoin,deepcoin,SNDK/USDT,perpetual,1000.13069237,919604589.5995725,0.0,0.0,0.0,0,2026-07-29T20:30:15.000Z
SanDisk Corporation,sandisk-corporation-derivatives,Hotcoin,hotcoin-global,SNDK/USDT,perpetual,998.50972126,501370859.09386677,0.0,0.0,0.0,0,2026-07-29T20:30:28.000Z
SanDisk Corporation,sandisk-corporation-derivatives,Echobit,echobit,SNDK/USDT,perpetual,1000.57906606,491084104.56460077,0.0,0.0,0.0,0,2026-07-29T20:30:16.000Z
SanDisk Corporation,sandisk-corporation-derivatives,Toobit,toobit,SNDK/USDT,perpetual,1000.15173002,482532825.2681901,0.0,0.0,0.0,0,2026-07-29T20:30:16.000Z
SanDisk Corporation,sandisk-corporation-derivatives,Bitunix,bitunix,SNDK/USDT,perpetual,1010.4402323,330511392.70580906,0.0,0.0,0.0,0,2026-07-29T20:24:16.000Z
SanDisk Corporation,sandisk-corporation-derivatives,DigiFinex,digifinex,SNDK/USDT,perpetual,999.44034176,249196696.9181836,0.0,0.0,0.0,0,2026-07-29T20:30:16.000Z
SanDisk Corporation,sandisk-corporation-derivatives,Bitrue,bitrue,SNDK/USDT,perpetual,1004.3348585,207360146.45804396,0.0,0.0,0.0,0,2026-07-29T20:30:16.000Z
SanDisk Corporation,sandisk-corporation-derivatives,Ourbit,ourbit,SNDK/USDT,perpetual,1001.5479806,134284662.6142258,0.0,0.0,0.0,0,2026-07-29T20:30:15.000Z
SanDisk Corporation,sandisk-corporation-derivatives,MGBX,mgbx,SNDK/USDT,perpetual,1029.02905454,128858083.98013003,0.0,0.0,0.0,0,2026-07-29T15:15:16.000Z
SanDisk Corporation,sandisk-corporation-derivatives,Tapbit,tapbit,SNDK/USDT,perpetual,1000.37040013,116676785.09495264,0.0,0.0,0.0,0,2026-07-29T20:30:15.000Z
SanDisk Corporation,sandisk-corporation-derivatives,Zoomex,zoomex,SNDK/USDT,perpetual,1007.75336942,94815817.66653489,0.0,0.0,0.0,0,2026-07-29T20:24:15.000Z
SanDisk Corporation,sandisk-corporation-derivatives,WhiteBIT,whitebit,SNDK/USDT,perpetual,1001.5479806,43052478.29122292,0.0,0.0,0.0,0,2026-07-29T20:30:15.000Z
SanDisk Corporation,sandisk-corporation-derivatives,Ondo Perps,ondoperps,SNDK/USD,perpetual,999.79778505,34370793.30586513,0.0,0.0,0.0,0,2026-07-29T20:30:16.000Z
SanDisk Corporation,sandisk-corporation-derivatives,Coinbase International Exchange,coinbase-international-exchange,SNDK/USDC,perpetual,1000.39769939,21212618.17072438,0.0,0.0,0.0,0,2026-07-29T20:30:15.000Z
SanDisk Corporation,sandisk-corporation-derivatives,Lighter,lighter,SNDK/USDC,perpetual,1002.18712288,21047039.29399969,0.0,0.0,0.0,0,2026-07-29T20:30:15.000Z
SanDisk Corporation,sandisk-corporation-derivatives,KCEX,kcex,SNDK/USDT,perpetual,1003.13620134,18238497.09689299,0.0,0.0,0.0,0,2026-07-29T20:30:15.000Z
SanDisk Corporation,sandisk-corporation-derivatives,YUBIT,yubit,SNDK/USDT,perpetual,1000.55908844,13727918.48583074,0.0,0.0,0.0,0,2026-07-29T20:30:15.000Z
SanDisk Corporation,sandisk-corporation-derivatives,BloFin,blofin,SNDK/USDT,perpetual,1010.80910558,10196966.35147468,0.0,0.0,0.0,0,2026-07-29T20:21:16.000Z
SanDisk Corporation,sandisk-corporation-derivatives,WEEX,weex,SNDK/USDT,perpetual,999.96197633,9487684.29294073,0.0,0.0,0.0,0,2026-07-29T20:30:17.000Z
SanDisk Corporation,sandisk-corporation-derivatives,LBank,lbank,SNDK/USDT,perpetual,1000.25160038,4668788.55671073,0.0,0.0,0.0,0,2026-07-29T20:30:16.000Z
SanDisk Corporation,sandisk-corporation-derivatives,BitMart,bitmart,SNDK/USDT,perpetual,1004.10659631,2244087.83810952,0.0,0.0,0.0,0,2026-07-29T20:30:16.000Z
SanDisk Corporation,sandisk-corporation-derivatives,OrangeX,orangex,SNDK/USDT,perpetual,989.07483804,755317.70094071,0.0,0.0,0.0,0,2026-07-29T20:27:15.000Z
SanDisk Corporation,sandisk-corporation-derivatives,ApeX Omni,apex-omni,SNDK/USDT,perpetual,999.88983819,364239.58382801,0.0,0.0,0.0,0,2026-07-29T20:30:16.000Z
SanDisk Corporation,sandisk-corporation-derivatives,ADEN,aden-decentralized-derivatives-exchange,SNDK/USDT,perpetual,991.44500664,81094.67645795,0.0,0.0,0.0,0,2026-07-29T20:27:57.000Z
SanDisk Corporation,sandisk-corporation-derivatives,BYDFi,bydfi,SNDK/USDT,perpetual,1012.10609258,58953083.36892943,0.0,0.0,0.0,0,2026-07-29T20:30:16.000Z
SanDisk Corporation,sandisk-corporation-derivatives,BTSE,btse,SNDK/USDT,perpetual,993.6578719005715,1925142.2958,,,,0,2026-07-29T20:27:15.447Z
SanDisk Corporation,sandisk-corporation-derivatives,BTSE,btse,SNDK/USDT,perpetual,993.6578719005715,1925142.2958,,,,0,2026-07-29T20:27:15.447Z
SanDisk Corporation,sandisk-corporation-derivatives,Fillx,fillx,SNDK/USDC,perpetual,993.6578719005715,0.0,,,,0,2026-07-29T20:30:15.439Z
SanDisk Corporation,sandisk-corporation-derivatives,ADEN,aden-decentralized-derivatives-exchange,SNDK/USDC,perpetual,993.6578719005715,0.0,,,,0,2026-07-29T20:27:57.068Z
SanDisk Corporation,sandisk-corporation-derivatives,BitMart,bitmart,SNDK/USDC,perpetual,993.6578719005715,0.0,,,,0,2026-07-29T20:30:16.117Z
Eli Lilly and Company,eli-lilly-and-company-derivatives,Binance,binance,LLY/USDT,perpetual,1207.61243088,2081320.09103149,0.0,0.0,0.0,0,2026-07-29T20:30:16.000Z
Eli Lilly and Company,eli-lilly-and-company-derivatives,Aster,aster-pro,LLY/USDT,perpetual,1223.75805745,59074.15983876,0.0,0.0,0.0,0,2026-07-29T20:30:15.000Z
Eli Lilly and Company,eli-lilly-and-company-derivatives,KuCoin,kucoin,LLY/USDT,perpetual,1211.62721939,419328.51356753,0.0,0.0,0.0,0,2026-07-29T20:30:19.000Z
Eli Lilly and Company,eli-lilly-and-company-derivatives,Hyperliquid,hyperliquid,xyz:LLY/USDC,perpetual,1207.23516342,1503669.96041205,0.0,0.0,0.0,0,2026-07-29T20:30:26.000Z
Eli Lilly and Company,eli-lilly-and-company-derivatives,OKX,okx,LLY/USDT,perpetual,1208.1473005,322925.69195002,0.0,0.0,0.0,0,2026-07-29T20:28:28.000Z
Eli Lilly and Company,eli-lilly-and-company-derivatives,Gate,gate,LLY/USDT,perpetual,1206.63370134,100375.70500487,0.0,0.0,0.0,0,2026-07-29T20:30:19.000Z
Eli Lilly and Company,eli-lilly-and-company-derivatives,HTX,htx,LLY/USDT,perpetual,1209.45527613,40409.78262984,0.0,0.0,0.0,0,2026-07-29T20:27:17.000Z
Eli Lilly and Company,eli-lilly-and-company-derivatives,Crypto.com Exchange,crypto-com-exchange,LLY/USD,perpetual,1219.82510717,2720.04781519,0.0,0.0,0.0,0,2026-07-29T12:30:18.000Z
Eli Lilly and Company,eli-lilly-and-company-derivatives,Phemex,phemex,LLY/USDT,perpetual,1206.4983777,123023.56601738,0.0,0.0,0.0,0,2026-07-29T20:30:16.000Z
Eli Lilly and Company,eli-lilly-and-company-derivatives,BingX,bingx,LLY/USDT,perpetual,1206.91858726,1635390.87600197,0.0,0.0,0.0,0,2026-07-29T20:30:18.000Z
Eli Lilly and Company,eli-lilly-and-company-derivatives,SunX,sunperp,LLY/USDT,perpetual,1196.65940016,866591.10898956,0.0,0.0,0.0,0,2026-07-29T20:30:16.000Z
Eli Lilly and Company,eli-lilly-and-company-derivatives,XT.COM,xt,LLY/USDT,perpetual,1208.20635077,648433.21474259,0.0,0.0,0.0,0,2026-07-29T20:30:41.579Z
Eli Lilly and Company,eli-lilly-and-company-derivatives,Ourbit,ourbit,LLY/USDT,perpetual,1207.38738176,1473361.67578217,0.0,0.0,0.0,0,2026-07-29T20:30:15.000Z
Eli Lilly and Company,eli-lilly-and-company-derivatives,CoinW,coinw,LLY/USDT,perpetual,1206.63822104,1387350.61161604,0.0,0.0,0.0,0,2026-07-29T20:30:17.000Z
Eli Lilly and Company,eli-lilly-and-company-derivatives,WEEX,weex,LLY/USDT,perpetual,1207.12306611,1316488.53424474,0.0,0.0,0.0,0,2026-07-29T20:30:17.000Z
Eli Lilly and Company,eli-lilly-and-company-derivatives,WhiteBIT,whitebit,LLY/USDT,perpetual,1207.28749367,866123.47387427,0.0,0.0,0.0,0,2026-07-29T20:30:15.000Z
Eli Lilly and Company,eli-lilly-and-company-derivatives,LBank,lbank,LLY/USDT,perpetual,1207.08311796,585127.96876702,0.0,0.0,0.0,0,2026-07-29T20:30:16.000Z
Eli Lilly and Company,eli-lilly-and-company-derivatives,Toobit,toobit,LLY/USDT,perpetual,1207.54252163,416346.09196856,0.0,0.0,0.0,0,2026-07-29T20:30:16.000Z
Eli Lilly and Company,eli-lilly-and-company-derivatives,Bitrue,bitrue,LLY/USDT,perpetual,1207.35741533,357743.93999179,0.0,0.0,0.0,0,2026-07-29T20:30:16.000Z
Eli Lilly and Company,eli-lilly-and-company-derivatives,Hotcoin,hotcoin-global,LLY/USDT,perpetual,1208.87631183,276310.01984984,0.0,0.0,0.0,0,2026-07-29T20:30:28.000Z
Eli Lilly and Company,eli-lilly-and-company-derivatives,Bitunix,bitunix,LLY/USDT,perpetual,1206.09179385,160880.57938787,0.0,0.0,0.0,0,2026-07-29T20:24:16.000Z
Eli Lilly and Company,eli-lilly-and-company-derivatives,OrangeX,orangex,LLY/USDT,perpetual,1208.4363837,155898.10283473,0.0,0.0,0.0,0,2026-07-29T20:27:15.000Z
Eli Lilly and Company,eli-lilly-and-company-derivatives,KCEX,kcex,LLY/USDT,perpetual,1207.35741533,148979.17299453,0.0,0.0,0.0,0,2026-07-29T20:30:15.000Z
Eli Lilly and Company,eli-lilly-and-company-derivatives,MGBX,mgbx,LLY/USDT,perpetual,1224.22193297,65385.61032398,0.0,0.0,0.0,0,2026-07-29T15:15:16.000Z
Eli Lilly and Company,eli-lilly-and-company-derivatives,BloFin,blofin,LLY/USDT,perpetual,1206.5607326,65183.98798328,0.0,0.0,0.0,0,2026-07-29T20:21:16.000Z
Eli Lilly and Company,eli-lilly-and-company-derivatives,Zoomex,zoomex,LLY/USDT,perpetual,1208.08946142,64923.76583458,0.0,0.0,0.0,0,2026-07-29T20:24:15.000Z
Eli Lilly and Company,eli-lilly-and-company-derivatives,YUBIT,yubit,LLY/USDT,perpetual,1209.3851437,4823.74602862,0.0,0.0,0.0,0,2026-07-29T20:30:15.000Z
Eli Lilly and Company,eli-lilly-and-company-derivatives,BitMart,bitmart,LLY/USDT,perpetual,1190.87415838,0.0,0.0,0.0,0.0,0,2026-07-29T20:30:16.000Z
Eli Lilly and Company,eli-lilly-and-company-derivatives,ADEN,aden-decentralized-derivatives-exchange,LLY/USDT,perpetual,1210.94822439,0.0,0.0,0.0,0.0,0,2026-07-29T20:27:57.000Z
Eli Lilly and Company,eli-lilly-and-company-derivatives,BTSE,btse,LLY/USDT,perpetual,1207.505002340407,1455379.88,,,,0,2026-07-29T20:27:15.447Z
Eli Lilly and Company,eli-lilly-and-company-derivatives,BTSE,btse,LLY/USDT,perpetual,1207.505002340407,1455379.88,,,,0,2026-07-29T20:27:15.447Z
Global X Robotics and Artificial Intelligence ETF,global-x-robotics-and-artificial-intelligence-etf-derivatives,Gate,gate,BOTZ/USDT,perpetual,33.98588384,5208.23932502,0.0,0.0,0.0,0,2026-07-29T20:30:19.000Z
Global X Robotics and Artificial Intelligence ETF,global-x-robotics-and-artificial-intelligence-etf-derivatives,Hyperliquid,hyperliquid,vntl:ROBOT/USDC,perpetual,38.30859607,0.0,0.0,0.0,0.0,0,2026-07-29T20:30:26.000Z
Global X Robotics and Artificial Intelligence ETF,global-x-robotics-and-artificial-intelligence-etf-derivatives,Bitget,bitget,BOTZ/USDT,perpetual,34.34552322,19769.54740825,0.0,0.0,0.0,0,2026-07-29T20:30:15.000Z
Global X Robotics and Artificial Intelligence ETF,global-x-robotics-and-artificial-intelligence-etf-derivatives,ApeX Omni,apex-omni,BOTZ/USDT,perpetual,36.20943511,15270.12080936,0.0,0.0,0.0,0,2026-07-29T20:30:16.000Z
Global X Robotics and Artificial Intelligence ETF,global-x-robotics-and-artificial-intelligence-etf-derivatives,Lighter,lighter,BOTZ/USDC,perpetual,34.35593146,2026.47818649,0.0,0.0,0.0,0,2026-07-29T20:30:15.000Z
Global X Robotics and Artificial Intelligence ETF,global-x-robotics-and-artificial-intelligence-etf-derivatives,ADEN,aden-decentralized-derivatives-exchange,BOTZ/USDT,perpetual,34.69098425187612,0.0,,,,0,2026-07-29T20:27:57.068Z
Global X Robotics and Artificial Intelligence ETF,global-x-robotics-and-artificial-intelligence-etf-derivatives,ADEN,aden-decentralized-derivatives-exchange,BOTZ/USDT,perpetual,34.69098425187612,0.0,,,,0,2026-07-29T20:27:57.068Z
Meta Platforms Inc,meta-platforms-inc-derivatives,Binance,binance,META/USDT,perpetual,550.15585752,83955653.67039554,0.0,0.0,0.0,0,2026-07-29T20:30:16.000Z
Meta Platforms Inc,meta-platforms-inc-derivatives,KuCoin,kucoin,META/USDT,perpetual,550.80501487,490216.99913656,0.0,0.0,0.0,0,2026-07-29T20:30:19.000Z
Meta Platforms Inc,meta-platforms-inc-derivatives,Hyperliquid,hyperliquid,xyz:META/USDC,perpetual,549.8793705,58812605.97208895,0.0,0.0,0.0,0,2026-07-29T20:30:26.000Z
Meta Platforms Inc,meta-platforms-inc-derivatives,OKX,okx,META/USDT,perpetual,552.82593943,8844081.73763208,0.0,0.0,0.0,0,2026-07-29T20:28:28.000Z
Meta Platforms Inc,meta-platforms-inc-derivatives,Bybit,bybit,META/USDT,perpetual,549.88397311,3345007.67983836,0.0,0.0,0.0,0,2026-07-29T20:30:16.000Z
Meta Platforms Inc,meta-platforms-inc-derivatives,HTX,htx,META/USDT,perpetual,546.83556895,267031.17571905,0.0,0.0,0.0,0,2026-07-29T20:27:17.000Z
Meta Platforms Inc,meta-platforms-inc-derivatives,Hyperliquid,hyperliquid,cash:META/USDT,perpetual,621.92898209,0.0,0.0,0.0,0.0,0,2026-07-29T20:30:26.000Z
Meta Platforms Inc,meta-platforms-inc-derivatives,Crypto.com Exchange,crypto-com-exchange,META/USD,perpetual,596.7515644,3331.27596747,0.0,0.0,0.0,0,2026-07-29T12:30:18.000Z
Meta Platforms Inc,meta-platforms-inc-derivatives,Phemex,phemex,META/USDT,perpetual,550.3834136,39573.56432082,0.0,0.0,0.0,0,2026-07-29T20:30:16.000Z
Meta Platforms Inc,meta-platforms-inc-derivatives,BingX,bingx,META/USDT,perpetual,549.70982221,7424273.13007232,0.0,0.0,0.0,0,2026-07-29T20:30:18.000Z
Meta Platforms Inc,meta-platforms-inc-derivatives,SunX,sunperp,META/USDT,perpetual,594.18434406,1388381.93973439,0.0,0.0,0.0,0,2026-07-29T20:30:16.000Z
Meta Platforms Inc,meta-platforms-inc-derivatives,Toobit,toobit,META/USDT,perpetual,549.69645386,40737552.21243034,0.0,0.0,0.0,0,2026-07-29T20:30:16.000Z
Meta Platforms Inc,meta-platforms-inc-derivatives,CoinW,coinw,META/USDT,perpetual,549.7641074,38362509.89719299,0.0,0.0,0.0,0,2026-07-29T20:30:17.000Z
Meta Platforms Inc,meta-platforms-inc-derivatives,Tapbit,tapbit,META/USDT,perpetual,549.43016315,20420209.35258552,0.0,0.0,0.0,0,2026-07-29T20:30:15.000Z
Meta Platforms Inc,meta-platforms-inc-derivatives,Ourbit,ourbit,META/USDT,perpetual,549.58430882,20005241.75884221,0.0,0.0,0.0,0,2026-07-29T20:30:15.000Z
Meta Platforms Inc,meta-platforms-inc-derivatives,Hotcoin,hotcoin-global,META/USDT,perpetual,548.91268185,7416824.06243535,0.0,0.0,0.0,0,2026-07-29T20:30:28.000Z
Meta Platforms Inc,meta-platforms-inc-derivatives,Deepcoin,deepcoin,META/USDT,perpetual,551.25793483,6550147.33108172,0.0,0.0,0.0,0,2026-07-29T20:30:15.000Z
Meta Platforms Inc,meta-platforms-inc-derivatives,Bitrue,bitrue,META/USDT,perpetual,549.59429763,6268003.76592751,0.0,0.0,0.0,0,2026-07-29T20:30:16.000Z
Meta Platforms Inc,meta-platforms-inc-derivatives,Coinbase International Exchange,coinbase-international-exchange,META/USDC,perpetual,548.86317139,6215481.07181288,0.0,0.0,0.0,0,2026-07-29T20:30:15.000Z
Meta Platforms Inc,meta-platforms-inc-derivatives,WhiteBIT,whitebit,META/USDT,perpetual,549.69418573,5149693.94878607,0.0,0.0,0.0,0,2026-07-29T20:30:15.000Z
Meta Platforms Inc,meta-platforms-inc-derivatives,Ondo Perps,ondoperps,META/USD,perpetual,549.22865118,4840445.47176196,0.0,0.0,0.0,0,2026-07-29T20:30:16.000Z
Meta Platforms Inc,meta-platforms-inc-derivatives,Bitunix,bitunix,META/USDT,perpetual,549.07890759,3324079.77784949,0.0,0.0,0.0,0,2026-07-29T20:24:16.000Z
Meta Platforms Inc,meta-platforms-inc-derivatives,BitMart,bitmart,META/USDT,perpetual,550.63523525,1428639.12868326,0.0,0.0,0.0,0,2026-07-29T20:30:16.000Z
Meta Platforms Inc,meta-platforms-inc-derivatives,KCEX,kcex,META/USDT,perpetual,550.21360383,1407170.16496337,0.0,0.0,0.0,0,2026-07-29T20:30:15.000Z
Meta Platforms Inc,meta-platforms-inc-derivatives,Zoomex,zoomex,META/USDT,perpetual,548.39970062,967670.09256678,0.0,0.0,0.0,0,2026-07-29T20:24:15.000Z
Meta Platforms Inc,meta-platforms-inc-derivatives,MGBX,mgbx,META/USDT,perpetual,591.60008644,724009.95153778,0.0,0.0,0.0,0,2026-07-29T15:15:16.000Z
Meta Platforms Inc,meta-platforms-inc-derivatives,WEEX,weex,META/USDT,perpetual,549.35689463,424128.39606953,0.0,0.0,0.0,0,2026-07-29T20:30:17.000Z
Meta Platforms Inc,meta-platforms-inc-derivatives,Lighter,lighter,META/USDC,perpetual,549.55294916,421929.86453572,0.0,0.0,0.0,0,2026-07-29T20:30:15.000Z
Meta Platforms Inc,meta-platforms-inc-derivatives,BloFin,blofin,META/USDT,perpetual,552.9067079,336133.90944066,0.0,0.0,0.0,0,2026-07-29T20:21:16.000Z
Meta Platforms Inc,meta-platforms-inc-derivatives,OrangeX,orangex,META/USDT,perpetual,546.27617703,286196.65335615,0.0,0.0,0.0,0,2026-07-29T20:27:15.000Z
Meta Platforms Inc,meta-platforms-inc-derivatives,YUBIT,yubit,META/USDT,perpetual,550.54323455,101997.13411825,0.0,0.0,0.0,0,2026-07-29T20:30:15.000Z
Meta Platforms Inc,meta-platforms-inc-derivatives,ApeX Omni,apex-omni,META/USDT,perpetual,551.75188052,26635.33033312,0.0,0.0,0.0,0,2026-07-29T20:30:16.000Z
Meta Platforms Inc,meta-platforms-inc-derivatives,BYDFi,bydfi,META/USDT,perpetual,553.26548732,740135.07558458,0.0,0.0,0.0,0,2026-07-29T20:30:16.000Z
Meta Platforms Inc,meta-platforms-inc-derivatives,EasiCoin,easicoin,META/USDT,perpetual,549.60994397,1611831.86792649,0.0,0.0,0.0,0,2026-07-29T20:30:16.000Z
Meta Platforms Inc,meta-platforms-inc-derivatives,BTSE,btse,META/USDT,perpetual,546.2777273833656,772108.9412,,,,0,2026-07-29T20:27:15.447Z
Meta Platforms Inc,meta-platforms-inc-derivatives,BTSE,btse,META/USDT,perpetual,546.2777273833656,772108.9412,,,,0,2026-07-29T20:27:15.447Z
Meta Platforms Inc,meta-platforms-inc-derivatives,Fillx,fillx,META/USDC,perpetual,546.2777273833656,0.0,,,,0,2026-07-29T20:30:15.439Z
Meta Platforms Inc,meta-platforms-inc-derivatives,ADEN,aden-decentralized-derivatives-exchange,META/USDC,perpetual,546.2777273833656,0.0,,,,0,2026-07-29T20:27:57.068Z
Meta Platforms Inc,meta-platforms-inc-derivatives,ADEN,aden-decentralized-derivatives-exchange,META/USDT,perpetual,546.2777273833656,0.0,,,,0,2026-07-29T20:27:57.068Z
Meta Platforms Inc,meta-platforms-inc-derivatives,ADEN,aden-decentralized-derivatives-exchange,META/USDT,perpetual,546.2777273833656,0.0,,,,0,2026-07-29T20:27:57.068Z
USA Rare Earth Inc,usa-rare-earth-inc-derivatives,Binance,binance,USAR/USDT,perpetual,12.92322471,5751405.16579305,0.0,0.0,0.0,0,2026-07-29T20:30:16.000Z
USA Rare Earth Inc,usa-rare-earth-inc-derivatives,Aster,aster-pro,USAR/USDT,perpetual,13.10402425,13010.85783485,0.0,0.0,0.0,0,2026-07-29T20:30:15.000Z
USA Rare Earth Inc,usa-rare-earth-inc-derivatives,KuCoin,kucoin,USAR/USDT,perpetual,12.95318582,321564.44986153,0.0,0.0,0.0,0,2026-07-29T20:30:19.000Z
USA Rare Earth Inc,usa-rare-earth-inc-derivatives,Hyperliquid,hyperliquid,xyz:USAR/USDC,perpetual,12.9481595,1100600.27948164,0.0,0.0,0.0,0,2026-07-29T20:30:26.000Z
USA Rare Earth Inc,usa-rare-earth-inc-derivatives,OKX,okx,USAR/USDT,perpetual,13.05667798,568106.50432601,0.0,0.0,0.0,0,2026-07-29T20:28:28.000Z
USA Rare Earth Inc,usa-rare-earth-inc-derivatives,Gate,gate,USAR/USDT,perpetual,12.90325064,231773.14153683,0.0,0.0,0.0,0,2026-07-29T20:30:19.000Z
USA Rare Earth Inc,usa-rare-earth-inc-derivatives,Bybit,bybit,USAR/USDT,perpetual,12.93550854,209547.14742802,0.0,0.0,0.0,0,2026-07-29T20:30:16.000Z
USA Rare Earth Inc,usa-rare-earth-inc-derivatives,HTX,htx,USAR/USDT,perpetual,13.02584042,3594.5685673,0.0,0.0,0.0,0,2026-07-29T20:27:17.000Z
USA Rare Earth Inc,usa-rare-earth-inc-derivatives,Bitget,bitget,USAR/USDT,perpetual,12.93550854,781766.5913429,0.0,0.0,0.0,0,2026-07-29T20:30:15.000Z
USA Rare Earth Inc,usa-rare-earth-inc-derivatives,Crypto.com Exchange,crypto-com-exchange,USAR/USD,perpetual,14.16644674,5681.73559375,0.0,0.0,0.0,0,2026-07-29T12:30:18.000Z
USA Rare Earth Inc,usa-rare-earth-inc-derivatives,Phemex,phemex,USAR/USDT,perpetual,12.92551973,437749.50779673,0.0,0.0,0.0,0,2026-07-29T20:30:16.000Z
USA Rare Earth Inc,usa-rare-earth-inc-derivatives,MEXC,mexc,USARSTOCK/USDT,perpetual,12.96547497,156039.28949038,0.0,0.0,0.0,0,2026-07-29T20:30:15.000Z
USA Rare Earth Inc,usa-rare-earth-inc-derivatives,SunX,sunperp,USAR/USDT,perpetual,14.84337119,3147693.50549141,0.0,0.0,0.0,0,2026-07-29T20:30:16.000Z
USA Rare Earth Inc,usa-rare-earth-inc-derivatives,BingX,bingx,USAR/USDT,perpetual,12.94421908,1677174.24587782,0.0,0.0,0.0,0,2026-07-29T20:30:18.000Z
USA Rare Earth Inc,usa-rare-earth-inc-derivatives,XT.COM,xt,USAR/USDT,perpetual,12.97696458,8610.62977998,0.0,0.0,0.0,0,2026-07-29T20:30:41.579Z
USA Rare Earth Inc,usa-rare-earth-inc-derivatives,Ourbit,ourbit,USAR/USDT,perpetual,12.93550854,2899625.20973648,0.0,0.0,0.0,0,2026-07-29T20:30:15.000Z
USA Rare Earth Inc,usa-rare-earth-inc-derivatives,LBank,lbank,USAR/USDT,perpetual,12.93321175,2877574.11066681,0.0,0.0,0.0,0,2026-07-29T20:30:16.000Z
USA Rare Earth Inc,usa-rare-earth-inc-derivatives,Bitrue,bitrue,USAR/USDT,perpetual,12.94549735,871588.39501389,0.0,0.0,0.0,0,2026-07-29T20:30:16.000Z
USA Rare Earth Inc,usa-rare-earth-inc-derivatives,OrangeX,orangex,USAR/USDT,perpetual,12.98588385,683408.0794334,0.0,0.0,0.0,0,2026-07-29T20:27:15.000Z
USA Rare Earth Inc,usa-rare-earth-inc-derivatives,Hotcoin,hotcoin-global,USAR/USDT,perpetual,12.9437925,665300.94688947,0.0,0.0,0.0,0,2026-07-29T20:30:28.000Z
USA Rare Earth Inc,usa-rare-earth-inc-derivatives,WhiteBIT,whitebit,USAR/USDT,perpetual,12.94549735,662463.10247807,0.0,0.0,0.0,0,2026-07-29T20:30:15.000Z
USA Rare Earth Inc,usa-rare-earth-inc-derivatives,Toobit,toobit,USAR/USDT,perpetual,12.93321175,558517.48052402,0.0,0.0,0.0,0,2026-07-29T20:30:16.000Z
USA Rare Earth Inc,usa-rare-earth-inc-derivatives,YUBIT,yubit,USAR/USDT,perpetual,12.93550854,467543.04843353,0.0,0.0,0.0,0,2026-07-29T20:30:15.000Z
USA Rare Earth Inc,usa-rare-earth-inc-derivatives,KCEX,kcex,USAR/USDT,perpetual,12.92551973,376549.33234869,0.0,0.0,0.0,0,2026-07-29T20:30:15.000Z
USA Rare Earth Inc,usa-rare-earth-inc-derivatives,Bitunix,bitunix,USAR/USDT,perpetual,13.02479254,222136.39844611,0.0,0.0,0.0,0,2026-07-29T20:24:16.000Z
USA Rare Earth Inc,usa-rare-earth-inc-derivatives,Zoomex,zoomex,USAR/USDT,perpetual,13.03478088,62711.18810148,0.0,0.0,0.0,0,2026-07-29T20:24:15.000Z
USA Rare Earth Inc,usa-rare-earth-inc-derivatives,WEEX,weex,USAR/USDT,perpetual,12.92322471,983.21861044,0.0,0.0,0.0,0,2026-07-29T20:30:17.000Z
USA Rare Earth Inc,usa-rare-earth-inc-derivatives,BitMart,bitmart,USAR/USDT,perpetual,14.21155237,0.0,0.0,0.0,0.0,0,2026-07-29T20:30:16.000Z
USA Rare Earth Inc,usa-rare-earth-inc-derivatives,ADEN,aden-decentralized-derivatives-exchange,USAR/USDT,perpetual,12.99420696,0.0,0.0,0.0,0.0,0,2026-07-29T20:27:57.000Z
USA Rare Earth Inc,usa-rare-earth-inc-derivatives,BTSE,btse,USAR/USDT,perpetual,12.970361109494913,1111956.925,,,,0,2026-07-29T20:27:15.447Z
USA Rare Earth Inc,usa-rare-earth-inc-derivatives,BTSE,btse,USAR/USDT,perpetual,12.970361109494913,1111956.925,,,,0,2026-07-29T20:27:15.447Z
United States Oil Fund LP,united-states-oil-fund-derivatives,OKX,okx,USO/USDT,perpetual,129.29807431,116791.0715778,0.0,0.0,0.0,0,2026-07-29T20:28:28.000Z
United States Oil Fund LP,united-states-oil-fund-derivatives,MEXC,mexc,USO/USDT,perpetual,129.28516374,100607.35526696,0.0,0.0,0.0,0,2026-07-29T20:30:15.000Z
United States Oil Fund LP,united-states-oil-fund-derivatives,BingX,bingx,USO/USDT,perpetual,129.18955524,339902.38439435,0.0,0.0,0.0,0,2026-07-29T19:57:19.000Z
United States Oil Fund LP,united-states-oil-fund-derivatives,XT.COM,xt,USO/USDT,perpetual,129.53987656,79535.18341659,0.0,0.0,0.0,0,2026-07-29T20:30:41.579Z
United States Oil Fund LP,united-states-oil-fund-derivatives,CoinW,coinw,USO/USDT,perpetual,126.05877821,2520290.11623483,0.0,0.0,0.0,0,2026-07-29T20:30:17.000Z
United States Oil Fund LP,united-states-oil-fund-derivatives,LBank,lbank,USO/USDT,perpetual,129.35209154,607125.43684707,0.0,0.0,0.0,0,2026-07-29T20:30:16.000Z
United States Oil Fund LP,united-states-oil-fund-derivatives,WEEX,weex,USO/USDT,perpetual,129.35209154,57645.04082742,0.0,0.0,0.0,0,2026-07-29T20:30:17.000Z
United States Oil Fund LP,united-states-oil-fund-derivatives,ApeX Omni,apex-omni,USO/USDT,perpetual,129.30514136,28893.0181788,0.0,0.0,0.0,0,2026-07-29T20:30:16.000Z
United States Oil Fund LP,united-states-oil-fund-derivatives,BitMart,bitmart,USO/USDT,perpetual,135.92356129,0.0,0.0,0.0,0.0,0,2026-07-29T20:30:16.000Z
Sprott Uranium Miners ETF,sprott-uranium-miners-etf-derivatives,Binance,binance,URNM/USDT,perpetual,47.24866778,568318.89557153,0.0,0.0,0.0,0,2026-07-29T20:30:16.000Z
Sprott Uranium Miners ETF,sprott-uranium-miners-etf-derivatives,Aster,aster-pro,URNM/USDT,perpetual,48.68065107,123725.01086396,0.0,0.0,0.0,0,2026-07-29T20:30:15.000Z
Sprott Uranium Miners ETF,sprott-uranium-miners-etf-derivatives,Hyperliquid,hyperliquid,xyz:URNM/USDC,perpetual,47.27962806,203341.59713391,0.0,0.0,0.0,0,2026-07-29T20:30:26.000Z
Sprott Uranium Miners ETF,sprott-uranium-miners-etf-derivatives,OKX,okx,URNM/USDT,perpetual,47.41162487,145136.46604278,0.0,0.0,0.0,0,2026-07-29T20:28:28.000Z
Sprott Uranium Miners ETF,sprott-uranium-miners-etf-derivatives,Gate,gate,URNM/USDT,perpetual,47.23868074,32458.86602156,0.0,0.0,0.0,0,2026-07-29T20:30:19.000Z
Sprott Uranium Miners ETF,sprott-uranium-miners-etf-derivatives,HTX,htx,URNM/USDT,perpetual,47.27860636,4064.73367994,0.0,0.0,0.0,0,2026-07-29T20:27:17.000Z
Sprott Uranium Miners ETF,sprott-uranium-miners-etf-derivatives,MEXC,mexc,URNM/USDT,perpetual,47.25705862,121476.58088197,0.0,0.0,0.0,0,2026-07-29T20:30:15.000Z
Sprott Uranium Miners ETF,sprott-uranium-miners-etf-derivatives,BingX,bingx,URNM/USDT,perpetual,47.22242886,1211797.25943735,0.0,0.0,0.0,0,2026-07-29T20:30:18.000Z
Sprott Uranium Miners ETF,sprott-uranium-miners-etf-derivatives,XT.COM,xt,URNM/USDT,perpetual,47.28250449,354088.38647208,0.0,0.0,0.0,0,2026-07-29T20:30:41.579Z
Sprott Uranium Miners ETF,sprott-uranium-miners-etf-derivatives,SunX,sunperp,URNM/USDT,perpetual,49.91408199,339578.71878061,0.0,0.0,0.0,0,2026-07-29T20:30:16.000Z
Sprott Uranium Miners ETF,sprott-uranium-miners-etf-derivatives,KCEX,kcex,URNM/USDT,perpetual,47.237081,3712281.64174746,0.0,0.0,0.0,0,2026-07-29T20:30:15.000Z
Sprott Uranium Miners ETF,sprott-uranium-miners-etf-derivatives,CoinW,coinw,URNM/USDT,perpetual,47.24706981,1979651.89524271,0.0,0.0,0.0,0,2026-07-29T20:30:17.000Z
Sprott Uranium Miners ETF,sprott-uranium-miners-etf-derivatives,Ourbit,ourbit,URNM/USDT,perpetual,47.22709219,592613.68315011,0.0,0.0,0.0,0,2026-07-29T20:30:15.000Z
Sprott Uranium Miners ETF,sprott-uranium-miners-etf-derivatives,WhiteBIT,whitebit,URNM/USDT,perpetual,47.21710338,458840.00792118,0.0,0.0,0.0,0,2026-07-29T20:30:15.000Z
Sprott Uranium Miners ETF,sprott-uranium-miners-etf-derivatives,LBank,lbank,URNM/USDT,perpetual,47.24866778,347856.50325623,0.0,0.0,0.0,0,2026-07-29T20:30:16.000Z
Sprott Uranium Miners ETF,sprott-uranium-miners-etf-derivatives,OrangeX,orangex,URNM/USDT,perpetual,47.2885955,318637.67872812,0.0,0.0,0.0,0,2026-07-29T20:27:15.000Z
Sprott Uranium Miners ETF,sprott-uranium-miners-etf-derivatives,Bitunix,bitunix,URNM/USDT,perpetual,47.33473301,92625.07300998,0.0,0.0,0.0,0,2026-07-29T20:24:16.000Z
Sprott Uranium Miners ETF,sprott-uranium-miners-etf-derivatives,Hotcoin,hotcoin-global,URNM/USDT,perpetual,47.29078509,92347.36772517,0.0,0.0,0.0,0,2026-07-29T20:30:28.000Z
Sprott Uranium Miners ETF,sprott-uranium-miners-etf-derivatives,Toobit,toobit,URNM/USDT,perpetual,47.24866778,71683.99843524,0.0,0.0,0.0,0,2026-07-29T20:30:16.000Z
Sprott Uranium Miners ETF,sprott-uranium-miners-etf-derivatives,YUBIT,yubit,URNM/USDT,perpetual,47.237081,44268.91618753,0.0,0.0,0.0,0,2026-07-29T20:30:15.000Z
Sprott Uranium Miners ETF,sprott-uranium-miners-etf-derivatives,WEEX,weex,URNM/USDT,perpetual,47.22869371,42800.77137319,0.0,0.0,0.0,0,2026-07-29T20:30:17.000Z
Sprott Uranium Miners ETF,sprott-uranium-miners-etf-derivatives,Pacifica,pacifica,URNM/USD,perpetual,47.29682321,21707.97397102,0.0,0.0,0.0,0,2026-07-29T20:30:15.000Z
Sprott Uranium Miners ETF,sprott-uranium-miners-etf-derivatives,BloFin,blofin,URNM/USDT,perpetual,47.25245918,9352.40707625,0.0,0.0,0.0,0,2026-07-29T20:21:16.000Z
Sprott Uranium Miners ETF,sprott-uranium-miners-etf-derivatives,BitMart,bitmart,URNM/USDT,perpetual,49.70547866,0.0,0.0,0.0,0.0,0,2026-07-29T20:30:16.000Z
Sprott Uranium Miners ETF,sprott-uranium-miners-etf-derivatives,BTSE,btse,URNM/USDT,perpetual,47.25589875145248,496016.699,,,,0,2026-07-29T20:27:15.447Z
Sprott Uranium Miners ETF,sprott-uranium-miners-etf-derivatives,BTSE,btse,URNM/USDT,perpetual,47.25589875145248,496016.699,,,,0,2026-07-29T20:27:15.447Z
Sprott Uranium Miners ETF,sprott-uranium-miners-etf-derivatives,ADEN,aden-decentralized-derivatives-exchange,URNM/USDT,perpetual,47.25589875145248,0.0,,,,0,2026-07-29T20:27:57.068Z
Sprott Uranium Miners ETF,sprott-uranium-miners-etf-derivatives,ADEN,aden-decentralized-derivatives-exchange,URNM/USDT,perpetual,47.25589875145248,0.0,,,,0,2026-07-29T20:27:57.068Z
QQQ,ustech-derivatives,Binance,binance,QQQ/USDT,perpetual,659.95333238,389453662.09308445,0.0,0.0,0.0,0,2026-07-29T20:30:16.000Z
QQQ,ustech-derivatives,Aster,aster-pro,QQQ/USDT,perpetual,660.48477112,804809.90737368,0.0,0.0,0.0,0,2026-07-29T20:30:15.000Z
QQQ,ustech-derivatives,KuCoin,kucoin,QQQ/USDT,perpetual,659.93335831,726988.36041917,0.0,0.0,0.0,0,2026-07-29T20:30:19.000Z
QQQ,ustech-derivatives,OKX,okx,QQQ/USDT,perpetual,661.13542885,32840421.48475278,0.0,0.0,0.0,0,2026-07-29T20:28:28.000Z
QQQ,ustech-derivatives,Bybit,bybit,QQQ/USDT,perpetual,660.08052155,8863234.04970033,0.0,0.0,0.0,0,2026-07-29T20:30:16.000Z
QQQ,ustech-derivatives,Crypto.com Exchange,crypto-com-exchange,QQQ/USD,perpetual,674.98716716,342024.00524522,0.0,0.0,0.0,0,2026-07-29T12:30:18.000Z
QQQ,ustech-derivatives,Phemex,phemex,QQQ/USDT,perpetual,660.10049917,1722304.70859211,0.0,0.0,0.0,0,2026-07-29T20:30:16.000Z
QQQ,ustech-derivatives,Biconomy.com,biconomy,QQQ/USDT,perpetual,659.88268243,49350427.50462151,0.0,0.0,0.0,0,2026-07-29T20:27:15.000Z
QQQ,ustech-derivatives,BingX,bingx,QQQ/USDT,perpetual,659.97539213,3113219.21410336,0.0,0.0,0.0,0,2026-07-29T20:30:18.000Z
QQQ,ustech-derivatives,XT.COM,xt,QQQ/USDT,perpetual,660.3766484,2972541.04987715,0.0,0.0,0.0,0,2026-07-29T20:30:41.579Z
QQQ,ustech-derivatives,SunX,sunperp,QQQ/USDT,perpetual,682.80506358,1226635.367069,0.0,0.0,0.0,0,2026-07-29T20:30:16.000Z
QQQ,ustech-derivatives,CoinW,coinw,QQQ/USDT,perpetual,660.0305775,189631588.02485335,0.0,0.0,0.0,0,2026-07-29T20:30:17.000Z
QQQ,ustech-derivatives,Tapbit,tapbit,QQQ/USDT,perpetual,660.0053556,181771758.18214434,0.0,0.0,0.0,0,2026-07-29T20:30:15.000Z
QQQ,ustech-derivatives,LBank,lbank,QQQ/USDT,perpetual,659.95333238,161793397.4144416,0.0,0.0,0.0,0,2026-07-29T20:30:16.000Z
QQQ,ustech-derivatives,Toobit,toobit,QQQ/USDT,perpetual,659.9033972,158450915.8032607,0.0,0.0,0.0,0,2026-07-29T20:30:16.000Z
QQQ,ustech-derivatives,Ourbit,ourbit,QQQ/USDT,perpetual,660.1304656,76862615.00130944,0.0,0.0,0.0,0,2026-07-29T20:30:15.000Z
QQQ,ustech-derivatives,Bitunix,bitunix,QQQ/USDT,perpetual,661.26791818,26566035.23385836,0.0,0.0,0.0,0,2026-07-29T20:24:16.000Z
QQQ,ustech-derivatives,WhiteBIT,whitebit,QQQ/USDT,perpetual,660.08052155,21246529.81908562,0.0,0.0,0.0,0,2026-07-29T20:30:15.000Z
QQQ,ustech-derivatives,DigiFinex,digifinex,QQQ/USDT,perpetual,659.89073416,15713575.51930585,0.0,0.0,0.0,0,2026-07-29T20:30:16.000Z
QQQ,ustech-derivatives,MGBX,mgbx,QQQ/USDT,perpetual,667.70204206,7887559.26870013,0.0,0.0,0.0,0,2026-07-29T15:15:16.000Z
QQQ,ustech-derivatives,KCEX,kcex,QQQ/USDT,perpetual,660.07053274,7348663.36515157,0.0,0.0,0.0,0,2026-07-29T20:30:15.000Z
QQQ,ustech-derivatives,Zoomex,zoomex,QQQ/USDT,perpetual,661.06815142,2658255.45708453,0.0,0.0,0.0,0,2026-07-29T20:24:15.000Z
QQQ,ustech-derivatives,Lighter,lighter,QQQ/USDC,perpetual,660.46721564,1354042.16658436,0.0,0.0,0.0,0,2026-07-29T20:30:15.000Z
QQQ,ustech-derivatives,Coinbase International Exchange,coinbase-international-exchange,QQQ/USDC,perpetual,659.59749584,840320.20435093,0.0,0.0,0.0,0,2026-07-29T20:30:15.000Z
QQQ,ustech-derivatives,YUBIT,yubit,QQQ/USDT,perpetual,660.11048798,691657.96580421,0.0,0.0,0.0,0,2026-07-29T20:30:15.000Z
QQQ,ustech-derivatives,OrangeX,orangex,QQQ/USDT,perpetual,659.29332309,222183.21839385,0.0,0.0,0.0,0,2026-07-29T20:27:15.000Z
QQQ,ustech-derivatives,ApeX Omni,apex-omni,QQQ/USDT,perpetual,659.44123773,20008.1426735,0.0,0.0,0.0,0,2026-07-29T20:30:16.000Z
QQQ,ustech-derivatives,ADEN,aden-decentralized-derivatives-exchange,QQQ/USDT,perpetual,660.48724972,1986.06615302,0.0,0.0,0.0,0,2026-07-29T20:27:57.000Z
QQQ,ustech-derivatives,BYDFi,bydfi,QQQ/USDT,perpetual,661.12399181,3688054.47467556,0.0,0.0,0.0,0,2026-07-29T20:30:16.000Z
QQQ,ustech-derivatives,Fillx,fillx,QQQ/USDC,perpetual,659.7027034183388,0.0,,,,0,2026-07-29T20:30:15.439Z
QQQ,ustech-derivatives,DeriW,deriw,QQQ/USDT,perpetual,659.7027034183388,0.0,,,,0,2026-07-29T20:30:18.206Z
QQQ,ustech-derivatives,DeriW,deriw,QQQ/USDT,perpetual,659.7027034183388,0.0,,,,0,2026-07-29T20:30:18.206Z
QQQ,ustech-derivatives,ADEN,aden-decentralized-derivatives-exchange,QQQ/USDC,perpetual,659.7027034183388,0.0,,,,0,2026-07-29T20:27:57.068Z
Hyundai Motor Co,hyundai-motor-co-derivatives,Binance,binance,HYUNDAI/USDT,perpetual,241.04710326,4957641.25181874,0.0,0.0,0.0,0,2026-07-29T20:30:16.000Z
Hyundai Motor Co,hyundai-motor-co-derivatives,Aster,aster-pro,HYUNDAI/USDT,perpetual,242.50435123,3803.05351379,0.0,0.0,0.0,0,2026-07-29T20:30:15.000Z
Hyundai Motor Co,hyundai-motor-co-derivatives,Hyperliquid,hyperliquid,xyz:HYUNDAI/USDC,perpetual,241.11710506,3419842.25564102,0.0,0.0,0.0,0,2026-07-29T20:30:26.000Z
Hyundai Motor Co,hyundai-motor-co-derivatives,OKX,okx,HYUNDAI/USDT,perpetual,241.323772,285321.9221109,0.0,0.0,0.0,0,2026-07-29T20:28:28.000Z
Hyundai Motor Co,hyundai-motor-co-derivatives,Bitget,bitget,HYUNDAI/USDT,perpetual,241.16982101,1629388.78303014,0.0,0.0,0.0,0,2026-07-29T20:30:15.000Z
Hyundai Motor Co,hyundai-motor-co-derivatives,Lighter,lighter,HYUNDAIUSD/USDC,perpetual,241.92605808,12085.63131912,0.0,0.0,0.0,0,2026-07-29T20:30:15.000Z
Applovin,applovin-derivatives,Binance,binance,APP/USDT,perpetual,396.19935183,1025284.00315748,0.0,0.0,0.0,0,2026-07-29T20:33:17.000Z
Applovin,applovin-derivatives,OKX,okx,APP/USDT,perpetual,398.65421929,313110.99691521,0.0,0.0,0.0,0,2026-07-29T20:31:28.000Z
Applovin,applovin-derivatives,HTX,htx,APP/USDT,perpetual,396.36913168,251147.73985774,0.0,0.0,0.0,0,2026-07-29T20:27:17.000Z
Applovin,applovin-derivatives,Gate,gate,APP/USDT,perpetual,394.88108417,177290.02201764,0.0,0.0,0.0,0,2026-07-29T20:33:20.000Z
Applovin,applovin-derivatives,Bitget,bitget,APP/USDT,perpetual,395.40217389,87176.11839223,0.0,0.0,0.0,0,2026-07-29T20:33:16.000Z
Applovin,applovin-derivatives,BingX,bingx,APP/USDT,perpetual,396.41100579,1255390.96476723,0.0,0.0,0.0,0,2026-07-29T20:33:18.000Z
Applovin,applovin-derivatives,CoinW,coinw,APP/USDT,perpetual,396.38104049,1666861.42359999,0.0,0.0,0.0,0,2026-07-29T20:33:17.000Z
Applovin,applovin-derivatives,Ourbit,ourbit,APP/USDT,perpetual,396.28115614,1023891.64658321,0.0,0.0,0.0,0,2026-07-29T20:33:16.000Z
Applovin,applovin-derivatives,Toobit,toobit,APP/USDT,perpetual,396.48092483,905595.81276709,0.0,0.0,0.0,0,2026-07-29T20:33:17.000Z
Applovin,applovin-derivatives,WEEX,weex,APP/USDT,perpetual,395.92970617,299207.37312581,0.0,0.0,0.0,0,2026-07-29T20:33:17.000Z
Applovin,applovin-derivatives,LBank,lbank,APP/USDT,perpetual,395.67004739,228059.47714321,0.0,0.0,0.0,0,2026-07-29T20:33:17.000Z
Applovin,applovin-derivatives,Hotcoin,hotcoin-global,APP/USDT,perpetual,396.12134119,174585.85148795,0.0,0.0,0.0,0,2026-07-29T20:33:21.000Z
Applovin,applovin-derivatives,Bitunix,bitunix,APP/USDT,perpetual,397.90541442,106519.27045184,0.0,0.0,0.0,0,2026-07-29T20:24:16.000Z
Applovin,applovin-derivatives,Bitrue,bitrue,APP/USDT,perpetual,396.32110988,101298.16528372,0.0,0.0,0.0,0,2026-07-29T20:33:16.000Z
Applovin,applovin-derivatives,KCEX,kcex,APP/USDT,perpetual,396.19126023,73491.15636131,0.0,0.0,0.0,0,2026-07-29T20:33:15.000Z
Applovin,applovin-derivatives,YUBIT,yubit,APP/USDT,perpetual,396.98831505,8354.21167557,0.0,0.0,0.0,0,2026-07-29T20:33:15.000Z
Applovin,applovin-derivatives,BitMart,bitmart,APP/USDT,perpetual,388.07003462,0.0,0.0,0.0,0.0,0,2026-07-29T20:33:16.000Z
Applovin,applovin-derivatives,DeriW,deriw,APP/USDT,perpetual,396.02461177538777,0.0,,,,0,2026-07-29T20:33:15.453Z
Applovin,applovin-derivatives,DeriW,deriw,APP/USDT,perpetual,396.02461177538777,0.0,,,,0,2026-07-29T20:33:15.453Z
Applovin,applovin-derivatives,ADEN,aden-decentralized-derivatives-exchange,APP/USDT,perpetual,396.02461177538777,0.0,,,,0,2026-07-29T20:30:56.831Z
Applovin,applovin-derivatives,ADEN,aden-decentralized-derivatives-exchange,APP/USDT,perpetual,396.02461177538777,0.0,,,,0,2026-07-29T20:30:56.831Z
UnitedHealth Group,unitedhealth-group-derivatives,OKX,okx,UNH/USDT,perpetual,420.83663244,11775.0089758,0.0,0.0,0.0,0,2026-07-29T20:31:28.000Z
UnitedHealth Group,unitedhealth-group-derivatives,Gate,gate,UNH/USDT,perpetual,420.4474872,10204.59008115,0.0,0.0,0.0,0,2026-07-29T20:33:20.000Z
UnitedHealth Group,unitedhealth-group-derivatives,BingX,bingx,UNH/USDT,perpetual,420.88267067,1232848.35627961,0.0,0.0,0.0,0,2026-07-29T20:33:18.000Z
UnitedHealth Group,unitedhealth-group-derivatives,Toobit,toobit,UNH/USDT,perpetual,420.38324894,900385.76375018,0.0,0.0,0.0,0,2026-07-29T20:33:17.000Z
UnitedHealth Group,unitedhealth-group-derivatives,Ourbit,ourbit,UNH/USDT,perpetual,420.8027632,775384.71787837,0.0,0.0,0.0,0,2026-07-29T20:33:16.000Z
UnitedHealth Group,unitedhealth-group-derivatives,ApeX Omni,apex-omni,UNH/USDT,perpetual,352.93134978,57774.18953701,0.0,0.0,0.0,0,2026-07-29T20:33:17.000Z
UnitedHealth Group,unitedhealth-group-derivatives,LBank,lbank,UNH/USDT,perpetual,420.22777592,28911.15865652,0.0,0.0,0.0,0,2026-07-29T20:33:17.000Z
UnitedHealth Group,unitedhealth-group-derivatives,Hotcoin,hotcoin-global,UNH/USDT,perpetual,419.73400069,18457.62838207,0.0,0.0,0.0,0,2026-07-29T20:33:21.000Z
UnitedHealth Group,unitedhealth-group-derivatives,YUBIT,yubit,UNH/USDT,perpetual,419.4388127,10304.59865922,0.0,0.0,0.0,0,2026-07-29T20:33:15.000Z
UnitedHealth Group,unitedhealth-group-derivatives,WEEX,weex,UNH/USDT,perpetual,420.09794653,8987.3412758,0.0,0.0,0.0,0,2026-07-29T20:33:17.000Z
UnitedHealth Group,unitedhealth-group-derivatives,ADEN,aden-decentralized-derivatives-exchange,UNH/USDT,perpetual,420.41495469,1127.37153344,0.0,0.0,0.0,0,2026-07-29T20:30:56.000Z
UnitedHealth Group,unitedhealth-group-derivatives,BitMart,bitmart,UNH/USDT,perpetual,419.76837962,0.0,0.0,0.0,0.0,0,2026-07-29T20:33:16.000Z
Cisco Systems,cisco-systems-derivatives,Binance,binance,CSCO/USDT,perpetual,111.85301322,469808.28744381,0.0,0.0,0.0,0,2026-07-29T20:33:17.000Z
Cisco Systems,cisco-systems-derivatives,Aster,aster-pro,CSCO/USDT,perpetual,112.0902136,61431.19038884,0.0,0.0,0.0,0,2026-07-29T20:33:15.000Z
Cisco Systems,cisco-systems-derivatives,KuCoin,kucoin,CSCO/USDT,perpetual,111.58336756,571482.60775171,0.0,0.0,0.0,0,2026-07-29T20:33:19.000Z
Cisco Systems,cisco-systems-derivatives,Bybit,bybit,CSCO/USDT,perpetual,112.01030612,4566649.43130159,0.0,0.0,0.0,0,2026-07-29T20:33:16.000Z
Cisco Systems,cisco-systems-derivatives,OKX,okx,CSCO/USDT,perpetual,112.08061252,112378.7469529,0.0,0.0,0.0,0,2026-07-29T20:31:28.000Z
Cisco Systems,cisco-systems-derivatives,Gate,gate,CSCO/USDT,perpetual,111.99282949,38976.78035694,0.0,0.0,0.0,0,2026-07-29T20:33:20.000Z
Cisco Systems,cisco-systems-derivatives,HTX,htx,CSCO/USDT,perpetual,111.95829707,30063.03673602,0.0,0.0,0.0,0,2026-07-29T20:27:17.000Z
Cisco Systems,cisco-systems-derivatives,Crypto.com Exchange,crypto-com-exchange,CSCO/USD,perpetual,116.51302171,875.77854152,0.0,0.0,0.0,0,2026-07-29T12:30:18.000Z
Cisco Systems,cisco-systems-derivatives,Phemex,phemex,CSCO/USDT,perpetual,111.85049116,32020.17075959,0.0,0.0,0.0,0,2026-07-29T20:33:16.000Z
Cisco Systems,cisco-systems-derivatives,BingX,bingx,CSCO/USDT,perpetual,111.88045647,1215272.04744008,0.0,0.0,0.0,0,2026-07-29T20:33:18.000Z
Cisco Systems,cisco-systems-derivatives,SunX,sunperp,CSCO/USDT,perpetual,114.58732226,330636.72075985,0.0,0.0,0.0,0,2026-07-29T20:33:16.000Z
Cisco Systems,cisco-systems-derivatives,Ourbit,ourbit,CSCO/USDT,perpetual,111.8904449,8109969.94549983,0.0,0.0,0.0,0,2026-07-29T20:33:16.000Z
Cisco Systems,cisco-systems-derivatives,Zoomex,zoomex,CSCO/USDT,perpetual,112.01030612,1369994.82939048,0.0,0.0,0.0,0,2026-07-29T20:33:17.000Z
Cisco Systems,cisco-systems-derivatives,WhiteBIT,whitebit,CSCO/USDT,perpetual,111.98034081,456715.36770483,0.0,0.0,0.0,0,2026-07-29T20:33:15.000Z
Cisco Systems,cisco-systems-derivatives,LBank,lbank,CSCO/USDT,perpetual,111.85301322,205407.8631779,0.0,0.0,0.0,0,2026-07-29T20:33:17.000Z
Cisco Systems,cisco-systems-derivatives,OrangeX,orangex,CSCO/USDT,perpetual,111.87046803,185303.50179355,0.0,0.0,0.0,0,2026-07-29T20:33:15.000Z
Cisco Systems,cisco-systems-derivatives,Hotcoin,hotcoin-global,CSCO/USDT,perpetual,111.92041021,117452.00531366,0.0,0.0,0.0,0,2026-07-29T20:33:21.000Z
Cisco Systems,cisco-systems-derivatives,Bitunix,bitunix,CSCO/USDT,perpetual,111.94929048,87723.45602974,0.0,0.0,0.0,0,2026-07-29T20:24:16.000Z
Cisco Systems,cisco-systems-derivatives,Toobit,toobit,CSCO/USDT,perpetual,111.85049116,74575.76961524,0.0,0.0,0.0,0,2026-07-29T20:33:17.000Z
Cisco Systems,cisco-systems-derivatives,KCEX,kcex,CSCO/USDT,perpetual,111.90043334,65507.50842398,0.0,0.0,0.0,0,2026-07-29T20:33:15.000Z
Cisco Systems,cisco-systems-derivatives,WEEX,weex,CSCO/USDT,perpetual,111.87298697,42070.81366744,0.0,0.0,0.0,0,2026-07-29T20:33:17.000Z
Cisco Systems,cisco-systems-derivatives,YUBIT,yubit,CSCO/USDT,perpetual,111.8630001,31139.95877565,0.0,0.0,0.0,0,2026-07-29T20:33:15.000Z
Cisco Systems,cisco-systems-derivatives,BitMart,bitmart,CSCO/USDT,perpetual,113.3310709,0.0,0.0,0.0,0.0,0,2026-07-29T20:33:16.000Z
Cisco Systems,cisco-systems-derivatives,ADEN,aden-decentralized-derivatives-exchange,CSCO/USDT,perpetual,111.99345368,0.0,0.0,0.0,0.0,0,2026-07-29T20:30:56.000Z
Reddit,reddit-derivatives,KuCoin,kucoin,RDDT/USDT,perpetual,175.38951948,617963.19011315,0.0,0.0,0.0,0,2026-07-29T20:33:19.000Z
Reddit,reddit-derivatives,OKX,okx,RDDT/USDT,perpetual,175.851305,100235.24384963,0.0,0.0,0.0,0,2026-07-29T20:31:28.000Z
Reddit,reddit-derivatives,BingX,bingx,RDDT/USDT,perpetual,175.76648446,1245734.47576996,0.0,0.0,0.0,0,2026-07-29T20:33:18.000Z
Reddit,reddit-derivatives,Ourbit,ourbit,RDDT/USDT,perpetual,175.20713212,782516.71122487,0.0,0.0,0.0,0,2026-07-29T20:33:16.000Z
Reddit,reddit-derivatives,Toobit,toobit,RDDT/USDT,perpetual,175.14720152,406233.14458558,0.0,0.0,0.0,0,2026-07-29T20:33:17.000Z
Reddit,reddit-derivatives,LBank,lbank,RDDT/USDT,perpetual,175.60923076,203744.92525554,0.0,0.0,0.0,0,2026-07-29T20:33:17.000Z
Reddit,reddit-derivatives,Hotcoin,hotcoin-global,RDDT/USDT,perpetual,175.74650759,142765.69523665,0.0,0.0,0.0,0,2026-07-29T20:33:21.000Z
Reddit,reddit-derivatives,KCEX,kcex,RDDT/USDT,perpetual,175.88634568,49837.97637615,0.0,0.0,0.0,0,2026-07-29T20:33:15.000Z
Reddit,reddit-derivatives,YUBIT,yubit,RDDT/USDT,perpetual,175.14983445,15262.23379832,0.0,0.0,0.0,0,2026-07-29T20:33:15.000Z
Reddit,reddit-derivatives,WEEX,weex,RDDT/USDT,perpetual,175.57927013,4102.51246143,0.0,0.0,0.0,0,2026-07-29T20:33:17.000Z
Reddit,reddit-derivatives,BitMart,bitmart,RDDT/USDT,perpetual,168.46861429,0.0,0.0,0.0,0.0,0,2026-07-29T20:33:16.000Z
Reddit,reddit-derivatives,DeriW,deriw,RDDT/USDT,perpetual,175.30267737900934,0.0,,,,0,2026-07-29T20:33:15.453Z
Reddit,reddit-derivatives,DeriW,deriw,RDDT/USDT,perpetual,175.30267737900934,0.0,,,,0,2026-07-29T20:33:15.453Z
IBM,ibm-derivatives,Binance,binance,IBM/USDT,perpetual,223.51627579,16104258.39377341,0.0,0.0,0.0,0,2026-07-29T20:33:17.000Z
IBM,ibm-derivatives,Aster,aster-pro,IBM/USDT,perpetual,222.7420926,23459.4568922,0.0,0.0,0.0,0,2026-07-29T20:33:15.000Z
IBM,ibm-derivatives,KuCoin,kucoin,IBM/USDT,perpetual,223.40642016,606291.12325287,0.0,0.0,0.0,0,2026-07-29T20:33:19.000Z
IBM,ibm-derivatives,Hyperliquid,hyperliquid,xyz:IBM/USDC,perpetual,223.48551666,5704025.0981795,0.0,0.0,0.0,0,2026-07-29T20:33:26.000Z
IBM,ibm-derivatives,OKX,okx,IBM/USDT,perpetual,224.33101389,2406320.27016103,0.0,0.0,0.0,0,2026-07-29T20:31:28.000Z
IBM,ibm-derivatives,Bybit,bybit,IBM/USDT,perpetual,223.62107485,1190744.18742465,0.0,0.0,0.0,0,2026-07-29T20:33:16.000Z
IBM,ibm-derivatives,Gate,gate,IBM/USDT,perpetual,223.50628892,1131289.36521496,0.0,0.0,0.0,0,2026-07-29T20:33:20.000Z
IBM,ibm-derivatives,HTX,htx,IBM/USDT,perpetual,223.976529,41932.99204329,0.0,0.0,0.0,0,2026-07-29T20:27:17.000Z
IBM,ibm-derivatives,MEXC,mexc,IBMSTOCK/USDT,perpetual,223.62107485,848449.33232171,0.0,0.0,0.0,0,2026-07-29T20:33:16.000Z
IBM,ibm-derivatives,Phemex,phemex,IBM/USDT,perpetual,223.56114424,669787.99103962,0.0,0.0,0.0,0,2026-07-29T20:33:16.000Z
IBM,ibm-derivatives,BingX,bingx,IBM/USDT,perpetual,223.66102859,1894379.81584679,0.0,0.0,0.0,0,2026-07-29T20:33:18.000Z
IBM,ibm-derivatives,SunX,sunperp,IBM/USDT,perpetual,216.3694713,319770.37742212,0.0,0.0,0.0,0,2026-07-29T20:33:16.000Z
IBM,ibm-derivatives,LBank,lbank,IBM/USDT,perpetual,223.5961708,8287365.36454378,0.0,0.0,0.0,0,2026-07-29T20:33:17.000Z
IBM,ibm-derivatives,Ourbit,ourbit,IBM/USDT,perpetual,223.60109798,7845823.06314908,0.0,0.0,0.0,0,2026-07-29T20:33:16.000Z
IBM,ibm-derivatives,CoinW,coinw,IBM/USDT,perpetual,223.58112111,7738611.50877801,0.0,0.0,0.0,0,2026-07-29T20:33:17.000Z
IBM,ibm-derivatives,WhiteBIT,whitebit,IBM/USDT,perpetual,223.77090137,5985162.10959021,0.0,0.0,0.0,0,2026-07-29T20:33:15.000Z
IBM,ibm-derivatives,Bitrue,bitrue,IBM/USDT,perpetual,223.62107485,2313907.02760049,0.0,0.0,0.0,0,2026-07-29T20:33:16.000Z
IBM,ibm-derivatives,Hotcoin,hotcoin-global,IBM/USDT,perpetual,223.58112111,2071473.49358657,0.0,0.0,0.0,0,2026-07-29T20:33:21.000Z
IBM,ibm-derivatives,Toobit,toobit,IBM/USDT,perpetual,223.60109798,1220836.72883718,0.0,0.0,0.0,0,2026-07-29T20:33:17.000Z
IBM,ibm-derivatives,WEEX,weex,IBM/USDT,perpetual,223.56621017,794230.83294599,0.0,0.0,0.0,0,2026-07-29T20:33:17.000Z
IBM,ibm-derivatives,KCEX,kcex,IBM/USDT,perpetual,223.62107485,699496.4510702,0.0,0.0,0.0,0,2026-07-29T20:33:15.000Z
IBM,ibm-derivatives,MGBX,mgbx,IBM/USDT,perpetual,225.75948204,551875.0308496,0.0,0.0,0.0,0,2026-07-29T15:15:16.000Z
IBM,ibm-derivatives,Bitunix,bitunix,IBM/USDT,perpetual,224.36803284,520762.68898316,0.0,0.0,0.0,0,2026-07-29T20:24:16.000Z
IBM,ibm-derivatives,Zoomex,zoomex,IBM/USDT,perpetual,223.62107485,357223.25622739,0.0,0.0,0.0,0,2026-07-29T20:33:17.000Z
IBM,ibm-derivatives,OrangeX,orangex,IBM/USDT,perpetual,223.61108642,203655.09295343,0.0,0.0,0.0,0,2026-07-29T20:33:15.000Z
IBM,ibm-derivatives,BloFin,blofin,IBM/USDT,perpetual,223.51120207,97009.45312433,0.0,0.0,0.0,0,2026-07-29T20:33:16.000Z
IBM,ibm-derivatives,Lighter,lighter,IBM/USDC,perpetual,224.52010328,20722.2672678,0.0,0.0,0.0,0,2026-07-29T20:33:15.000Z
IBM,ibm-derivatives,BitMart,bitmart,IBM/USDT,perpetual,211.84161754,0.0,0.0,0.0,0.0,0,2026-07-29T20:33:16.000Z
IBM,ibm-derivatives,ADEN,aden-decentralized-derivatives-exchange,IBM/USDT,perpetual,223.20778773,0.0,0.0,0.0,0.0,0,2026-07-29T20:30:56.000Z
IBM,ibm-derivatives,BTSE,btse,IBM/USDT,perpetual,226.34405303367464,325438.8141,,,,0,2026-07-29T20:27:15.447Z
IBM,ibm-derivatives,BTSE,btse,IBM/USDT,perpetual,226.34405303367464,325438.8141,,,,0,2026-07-29T20:27:15.447Z
Ishares Msci South Korea ETF,ishares-msci-south-korea-etf-derivatives,Binance,binance,EWY/USDT,perpetual,143.38158132,849143341.9433546,0.0,0.0,0.0,0,2026-07-29T20:33:17.000Z
Ishares Msci South Korea ETF,ishares-msci-south-korea-etf-derivatives,Aster,aster-pro,EWY/USDT,perpetual,143.22416439,284406.89250087,0.0,0.0,0.0,0,2026-07-29T20:33:15.000Z
Ishares Msci South Korea ETF,ishares-msci-south-korea-etf-derivatives,KuCoin,kucoin,EWY/USDT,perpetual,143.42152883,1414472.36757165,0.0,0.0,0.0,0,2026-07-29T20:33:19.000Z
Ishares Msci South Korea ETF,ishares-msci-south-korea-etf-derivatives,Hyperliquid,hyperliquid,xyz:EWY/USDC,perpetual,143.34863893,182545044.01689696,0.0,0.0,0.0,0,2026-07-29T20:33:26.000Z
Ishares Msci South Korea ETF,ishares-msci-south-korea-etf-derivatives,Bybit,bybit,EWY/USDT,perpetual,143.47387525,64871995.40611935,0.0,0.0,0.0,0,2026-07-29T20:33:16.000Z
Ishares Msci South Korea ETF,ishares-msci-south-korea-etf-derivatives,OKX,okx,EWY/USDT,perpetual,143.40166054,60112417.32357928,0.0,0.0,0.0,0,2026-07-29T20:31:28.000Z
Ishares Msci South Korea ETF,ishares-msci-south-korea-etf-derivatives,Gate,gate,EWY/USDT,perpetual,143.48145008,20872201.70265579,0.0,0.0,0.0,0,2026-07-29T20:33:20.000Z
Ishares Msci South Korea ETF,ishares-msci-south-korea-etf-derivatives,HTX,htx,EWY/USDT,perpetual,143.4340817,263513.05768711,0.0,0.0,0.0,0,2026-07-29T20:27:17.000Z
Ishares Msci South Korea ETF,ishares-msci-south-korea-etf-derivatives,Bitget,bitget,EWY/USDT,perpetual,143.42393308,34746893.28800294,0.0,0.0,0.0,0,2026-07-29T20:33:16.000Z
Ishares Msci South Korea ETF,ishares-msci-south-korea-etf-derivatives,Crypto.com Exchange,crypto-com-exchange,EWY/USD,perpetual,146.67674835,161098.02105597,0.0,0.0,0.0,0,2026-07-29T12:30:18.000Z
Ishares Msci South Korea ETF,ishares-msci-south-korea-etf-derivatives,MEXC,mexc,EWY/USDT,perpetual,143.56377116,10316924.68669947,0.0,0.0,0.0,0,2026-07-29T20:33:16.000Z
Ishares Msci South Korea ETF,ishares-msci-south-korea-etf-derivatives,Phemex,phemex,EWY/USDT,perpetual,143.14425691,40654.71354236,0.0,0.0,0.0,0,2026-07-29T20:33:16.000Z
Ishares Msci South Korea ETF,ishares-msci-south-korea-etf-derivatives,BingX,bingx,EWY/USDT,perpetual,143.46388682,3552510.94802892,0.0,0.0,0.0,0,2026-07-29T20:33:18.000Z
Ishares Msci South Korea ETF,ishares-msci-south-korea-etf-derivatives,SunX,sunperp,EWY/USDT,perpetual,160.15456111,906734.35697574,0.0,0.0,0.0,0,2026-07-29T20:33:16.000Z
Ishares Msci South Korea ETF,ishares-msci-south-korea-etf-derivatives,CoinW,coinw,EWY/USDT,perpetual,143.42393308,272616340.8404215,0.0,0.0,0.0,0,2026-07-29T20:33:17.000Z
Ishares Msci South Korea ETF,ishares-msci-south-korea-etf-derivatives,Tapbit,tapbit,EWY/USDT,perpetual,143.38397934,192078392.3275109,0.0,0.0,0.0,0,2026-07-29T20:33:15.000Z
Ishares Msci South Korea ETF,ishares-msci-south-korea-etf-derivatives,Ourbit,ourbit,EWY/USDT,perpetual,143.41394465,159083436.18609452,0.0,0.0,0.0,0,2026-07-29T20:33:16.000Z
Ishares Msci South Korea ETF,ishares-msci-south-korea-etf-derivatives,Hotcoin,hotcoin-global,EWY/USDT,perpetual,143.45389838,76842460.07208002,0.0,0.0,0.0,0,2026-07-29T20:33:21.000Z
Ishares Msci South Korea ETF,ishares-msci-south-korea-etf-derivatives,Bitrue,bitrue,EWY/USDT,perpetual,143.40395621,59081815.96578115,0.0,0.0,0.0,0,2026-07-29T20:33:16.000Z
Ishares Msci South Korea ETF,ishares-msci-south-korea-etf-derivatives,Toobit,toobit,EWY/USDT,perpetual,143.69362082,49002470.50412635,0.0,0.0,0.0,0,2026-07-29T20:33:17.000Z
Ishares Msci South Korea ETF,ishares-msci-south-korea-etf-derivatives,DigiFinex,digifinex,EWY/USDT,perpetual,143.42393308,32911633.34775753,0.0,0.0,0.0,0,2026-07-29T20:33:16.000Z
Ishares Msci South Korea ETF,ishares-msci-south-korea-etf-derivatives,WhiteBIT,whitebit,EWY/USDT,perpetual,143.51382899,24437850.30697715,0.0,0.0,0.0,0,2026-07-29T20:33:15.000Z
Ishares Msci South Korea ETF,ishares-msci-south-korea-etf-derivatives,YUBIT,yubit,EWY/USDT,perpetual,143.37159445,21477117.27912372,0.0,0.0,0.0,0,2026-07-29T20:33:15.000Z
Ishares Msci South Korea ETF,ishares-msci-south-korea-etf-derivatives,Zoomex,zoomex,EWY/USDT,perpetual,143.5737596,19461290.40836833,0.0,0.0,0.0,0,2026-07-29T20:33:17.000Z
Ishares Msci South Korea ETF,ishares-msci-south-korea-etf-derivatives,Bitunix,bitunix,EWY/USDT,perpetual,143.51243805,18932767.87827463,0.0,0.0,0.0,0,2026-07-29T20:24:16.000Z
Ishares Msci South Korea ETF,ishares-msci-south-korea-etf-derivatives,MGBX,mgbx,EWY/USDT,perpetual,145.81298464,17076531.6383713,0.0,0.0,0.0,0,2026-07-29T15:15:16.000Z
Ishares Msci South Korea ETF,ishares-msci-south-korea-etf-derivatives,KCEX,kcex,EWY/USDT,perpetual,143.42393308,16387906.61250967,0.0,0.0,0.0,0,2026-07-29T20:33:15.000Z
Ishares Msci South Korea ETF,ishares-msci-south-korea-etf-derivatives,Coinbase International Exchange,coinbase-international-exchange,EWY/USDC,perpetual,143.1221265,7176664.82196078,0.0,0.0,0.0,0,2026-07-29T20:33:16.000Z
Ishares Msci South Korea ETF,ishares-msci-south-korea-etf-derivatives,Lighter,lighter,EWY/USDC,perpetual,143.36898136,4687751.06020877,0.0,0.0,0.0,0,2026-07-29T20:33:15.000Z
Ishares Msci South Korea ETF,ishares-msci-south-korea-etf-derivatives,Ondo Perps,ondoperps,EWY/USD,perpetual,143.32678784,2620604.18799665,0.0,0.0,0.0,0,2026-07-29T20:33:16.000Z
Ishares Msci South Korea ETF,ishares-msci-south-korea-etf-derivatives,LBank,lbank,EWY/USDT,perpetual,143.38158132,1569436.12088563,0.0,0.0,0.0,0,2026-07-29T20:33:17.000Z
Ishares Msci South Korea ETF,ishares-msci-south-korea-etf-derivatives,WEEX,weex,EWY/USDT,perpetual,143.41154195,1235560.27512741,0.0,0.0,0.0,0,2026-07-29T20:33:17.000Z
Ishares Msci South Korea ETF,ishares-msci-south-korea-etf-derivatives,ApeX Omni,apex-omni,EWY/USDT,perpetual,142.88455761,80633.61099496,0.0,0.0,0.0,0,2026-07-29T20:33:17.000Z
Ishares Msci South Korea ETF,ishares-msci-south-korea-etf-derivatives,ADEN,aden-decentralized-derivatives-exchange,EWY/USDT,perpetual,143.22816022,71298.89135406,0.0,0.0,0.0,0,2026-07-29T20:30:56.000Z
Ishares Msci South Korea ETF,ishares-msci-south-korea-etf-derivatives,Paradex,paradex-trade,EWY/USD,perpetual,151.98768551,301.38316326,0.0,0.0,0.0,0,2026-07-29T20:33:15.000Z
Ishares Msci South Korea ETF,ishares-msci-south-korea-etf-derivatives,BitMart,bitmart,EWY/USDT,perpetual,165.17294515,0.0,0.0,0.0,0.0,0,2026-07-29T20:33:16.000Z
Ishares Msci South Korea ETF,ishares-msci-south-korea-etf-derivatives,BTSE,btse,EWY/USDT,perpetual,143.09090324562328,713208.4629,,,,0,2026-07-29T20:27:15.447Z
Ishares Msci South Korea ETF,ishares-msci-south-korea-etf-derivatives,BTSE,btse,EWY/USDT,perpetual,143.09090324562328,713208.4629,,,,0,2026-07-29T20:27:15.447Z
Ishares Msci South Korea ETF,ishares-msci-south-korea-etf-derivatives,Fillx,fillx,EWY/USDC,perpetual,143.09090324562328,0.0,,,,0,2026-07-29T20:33:16.593Z
Ishares Msci South Korea ETF,ishares-msci-south-korea-etf-derivatives,ADEN,aden-decentralized-derivatives-exchange,EWY/USDC,perpetual,143.09090324562328,0.0,,,,0,2026-07-29T20:30:56.831Z
Global X Uranium ETF,global-x-uranium-etf-derivatives,Lighter,lighter,URA/USDC,perpetual,37.25074412,967.58523945,0.0,0.0,0.0,0,2026-07-29T20:33:15.000Z
Bitmine Immersion Technologies,bitmine-immersion-technologies-derivatives,Binance,binance,BMNR/USDT,perpetual,16.56822758,7151814.69773323,0.0,0.0,0.0,0,2026-07-29T20:33:17.000Z
Bitmine Immersion Technologies,bitmine-immersion-technologies-derivatives,Aster,aster-pro,BMNR/USDT,perpetual,17.42981846,15473.19398267,0.0,0.0,0.0,0,2026-07-29T20:33:15.000Z
Bitmine Immersion Technologies,bitmine-immersion-technologies-derivatives,KuCoin,kucoin,BMNR/USDT,perpetual,16.56822758,823248.02835891,0.0,0.0,0.0,0,2026-07-29T20:33:19.000Z
Bitmine Immersion Technologies,bitmine-immersion-technologies-derivatives,OKX,okx,BMNR/USDT,perpetual,16.64929434,743988.70192128,0.0,0.0,0.0,0,2026-07-29T20:31:28.000Z
Bitmine Immersion Technologies,bitmine-immersion-technologies-derivatives,Gate,gate,BMNR/USDT,perpetual,16.57821446,379404.42215695,0.0,0.0,0.0,0,2026-07-29T20:33:20.000Z
Bitmine Immersion Technologies,bitmine-immersion-technologies-derivatives,HTX,htx,BMNR/USDT,perpetual,16.58896716,33023.92953298,0.0,0.0,0.0,0,2026-07-29T20:27:17.000Z
Bitmine Immersion Technologies,bitmine-immersion-technologies-derivatives,Bitget,bitget,BMNR/USDT,perpetual,16.5598258,911619.33408513,0.0,0.0,0.0,0,2026-07-29T20:33:16.000Z
Bitmine Immersion Technologies,bitmine-immersion-technologies-derivatives,Crypto.com Exchange,crypto-com-exchange,BMNR/USD,perpetual,17.74807664,17.74807664,0.0,0.0,0.0,0,2026-07-29T12:30:18.000Z
Bitmine Immersion Technologies,bitmine-immersion-technologies-derivatives,Phemex,phemex,BMNR/USDT,perpetual,16.56082464,374555.06233042,0.0,0.0,0.0,0,2026-07-29T20:33:16.000Z
Bitmine Immersion Technologies,bitmine-immersion-technologies-derivatives,BingX,bingx,BMNR/USDT,perpetual,16.55083621,1261230.89286319,0.0,0.0,0.0,0,2026-07-29T20:33:18.000Z
Bitmine Immersion Technologies,bitmine-immersion-technologies-derivatives,SunX,sunperp,BMNR/USDT,perpetual,18.03212107,566493.80844352,0.0,0.0,0.0,0,2026-07-29T20:33:16.000Z
Bitmine Immersion Technologies,bitmine-immersion-technologies-derivatives,Ourbit,ourbit,BMNR/USDT,perpetual,16.57081308,9354123.01114431,0.0,0.0,0.0,0,2026-07-29T20:33:16.000Z
Bitmine Immersion Technologies,bitmine-immersion-technologies-derivatives,LBank,lbank,BMNR/USDT,perpetual,16.56822758,3139294.37464368,0.0,0.0,0.0,0,2026-07-29T20:33:17.000Z
Bitmine Immersion Technologies,bitmine-immersion-technologies-derivatives,WhiteBIT,whitebit,BMNR/USDT,perpetual,16.58080151,1439992.84924561,0.0,0.0,0.0,0,2026-07-29T20:33:15.000Z
Bitmine Immersion Technologies,bitmine-immersion-technologies-derivatives,Bitrue,bitrue,BMNR/USDT,perpetual,16.56082464,969715.14799147,0.0,0.0,0.0,0,2026-07-29T20:33:16.000Z
Bitmine Immersion Technologies,bitmine-immersion-technologies-derivatives,OrangeX,orangex,BMNR/USDT,perpetual,16.58080151,826551.22737984,0.0,0.0,0.0,0,2026-07-29T20:33:15.000Z
Bitmine Immersion Technologies,bitmine-immersion-technologies-derivatives,Bitunix,bitunix,BMNR/USDT,perpetual,16.64057084,596930.38726049,0.0,0.0,0.0,0,2026-07-29T20:24:16.000Z
Bitmine Immersion Technologies,bitmine-immersion-technologies-derivatives,KCEX,kcex,BMNR/USDT,perpetual,16.57081308,506428.05185366,0.0,0.0,0.0,0,2026-07-29T20:33:15.000Z
Bitmine Immersion Technologies,bitmine-immersion-technologies-derivatives,MGBX,mgbx,BMNR/USDT,perpetual,17.05578536,188845.98521545,0.0,0.0,0.0,0,2026-07-29T15:15:16.000Z
Bitmine Immersion Technologies,bitmine-immersion-technologies-derivatives,Hotcoin,hotcoin-global,BMNR/USDT,perpetual,16.60077838,153268.53426677,0.0,0.0,0.0,0,2026-07-29T20:33:21.000Z
Bitmine Immersion Technologies,bitmine-immersion-technologies-derivatives,Zoomex,zoomex,BMNR/USDT,perpetual,16.57281076,134183.34072641,0.0,0.0,0.0,0,2026-07-29T20:33:17.000Z
Bitmine Immersion Technologies,bitmine-immersion-technologies-derivatives,Toobit,toobit,BMNR/USDT,perpetual,16.57081308,97836.2798627,0.0,0.0,0.0,0,2026-07-29T20:33:17.000Z
Bitmine Immersion Technologies,bitmine-immersion-technologies-derivatives,WEEX,weex,BMNR/USDT,perpetual,16.55824071,21923.13965819,0.0,0.0,0.0,0,2026-07-29T20:33:17.000Z
Bitmine Immersion Technologies,bitmine-immersion-technologies-derivatives,BloFin,blofin,BMNR/USDT,perpetual,16.55083621,18747.39367022,0.0,0.0,0.0,0,2026-07-29T20:33:16.000Z
Bitmine Immersion Technologies,bitmine-immersion-technologies-derivatives,ApeX Omni,apex-omni,BMNR/USDT,perpetual,16.5208709,9004.44228555,0.0,0.0,0.0,0,2026-07-29T20:33:17.000Z
Bitmine Immersion Technologies,bitmine-immersion-technologies-derivatives,Lighter,lighter,BMNR/USDC,perpetual,16.57410201,6244.45265305,0.0,0.0,0.0,0,2026-07-29T20:33:15.000Z
Bitmine Immersion Technologies,bitmine-immersion-technologies-derivatives,ADEN,aden-decentralized-derivatives-exchange,BMNR/USDT,perpetual,16.57127539,0.0,0.0,0.0,0.0,0,2026-07-29T20:30:56.000Z
Bitmine Immersion Technologies,bitmine-immersion-technologies-derivatives,BitMart,bitmart,BMNR/USDT,perpetual,15.81921187,0.0,0.0,0.0,0.0,0,2026-07-29T20:33:16.000Z
ASML Holding NV,asml-holding-nv-derivatives,Binance,binance,ASML/USDT,perpetual,1543.24201553,10983223.68621711,0.0,0.0,0.0,0,2026-07-29T20:33:17.000Z
ASML Holding NV,asml-holding-nv-derivatives,Aster,aster-pro,ASML/USDT,perpetual,1563.19002208,4218.89504885,0.0,0.0,0.0,0,2026-07-29T20:33:15.000Z
ASML Holding NV,asml-holding-nv-derivatives,KuCoin,kucoin,ASML/USDT,perpetual,1544.19076877,38765.43255048,0.0,0.0,0.0,0,2026-07-29T20:33:19.000Z
ASML Holding NV,asml-holding-nv-derivatives,Hyperliquid,hyperliquid,xyz:ASML/USDC,perpetual,1542.05506351,2811180.56008795,0.0,0.0,0.0,0,2026-07-29T20:33:26.000Z
ASML Holding NV,asml-holding-nv-derivatives,Gate,gate,ASML/USDT,perpetual,1539.80653013,2708389.88706095,0.0,0.0,0.0,0,2026-07-29T20:33:20.000Z
ASML Holding NV,asml-holding-nv-derivatives,OKX,okx,ASML/USDT,perpetual,1549.28325568,669886.84050836,0.0,0.0,0.0,0,2026-07-29T20:31:28.000Z
ASML Holding NV,asml-holding-nv-derivatives,Bybit,bybit,ASML/USDT,perpetual,1541.24543116,608785.15696791,0.0,0.0,0.0,0,2026-07-29T20:33:16.000Z
ASML Holding NV,asml-holding-nv-derivatives,HTX,htx,ASML/USDT,perpetual,1551.69325044,40472.38785558,0.0,0.0,0.0,0,2026-07-29T20:27:17.000Z
ASML Holding NV,asml-holding-nv-derivatives,Phemex,phemex,ASML/USDT,perpetual,1541.81477193,516960.01725909,0.0,0.0,0.0,0,2026-07-29T20:33:16.000Z
ASML Holding NV,asml-holding-nv-derivatives,BingX,bingx,ASML/USDT,perpetual,1542.34415897,10213479.34232975,0.0,0.0,0.0,0,2026-07-29T20:33:18.000Z
ASML Holding NV,asml-holding-nv-derivatives,SunX,sunperp,ASML/USDT,perpetual,1654.01485831,240727.03413667,0.0,0.0,0.0,0,2026-07-29T20:33:16.000Z
ASML Holding NV,asml-holding-nv-derivatives,KCEX,kcex,ASML/USDT,perpetual,1543.16321061,6923657.17765728,0.0,0.0,0.0,0,2026-07-29T20:33:15.000Z
ASML Holding NV,asml-holding-nv-derivatives,WEEX,weex,ASML/USDT,perpetual,1541.97368226,4831873.85413297,0.0,0.0,0.0,0,2026-07-29T20:33:17.000Z
ASML Holding NV,asml-holding-nv-derivatives,Ourbit,ourbit,ASML/USDT,perpetual,1542.75368479,4302123.86993363,0.0,0.0,0.0,0,2026-07-29T20:33:16.000Z
ASML Holding NV,asml-holding-nv-derivatives,Toobit,toobit,ASML/USDT,perpetual,1544.45171868,3448823.74859701,0.0,0.0,0.0,0,2026-07-29T20:33:17.000Z
ASML Holding NV,asml-holding-nv-derivatives,WhiteBIT,whitebit,ASML/USDT,perpetual,1544.3118806,3293335.12591409,0.0,0.0,0.0,0,2026-07-29T20:33:15.000Z
ASML Holding NV,asml-holding-nv-derivatives,LBank,lbank,ASML/USDT,perpetual,1542.48301294,2687839.15930727,0.0,0.0,0.0,0,2026-07-29T20:33:17.000Z
ASML Holding NV,asml-holding-nv-derivatives,Hotcoin,hotcoin-global,ASML/USDT,perpetual,1541.88469098,1486201.16551278,0.0,0.0,0.0,0,2026-07-29T20:33:21.000Z
ASML Holding NV,asml-holding-nv-derivatives,Bitrue,bitrue,ASML/USDT,perpetual,1543.14323374,862590.76628539,0.0,0.0,0.0,0,2026-07-29T20:33:16.000Z
ASML Holding NV,asml-holding-nv-derivatives,Bitunix,bitunix,ASML/USDT,perpetual,1550.9691227,565281.70955775,0.0,0.0,0.0,0,2026-07-29T20:24:16.000Z
ASML Holding NV,asml-holding-nv-derivatives,OrangeX,orangex,ASML/USDT,perpetual,1544.33185746,414962.83509921,0.0,0.0,0.0,0,2026-07-29T20:33:15.000Z
ASML Holding NV,asml-holding-nv-derivatives,MGBX,mgbx,ASML/USDT,perpetual,1552.32611297,299934.57239259,0.0,0.0,0.0,0,2026-07-29T15:15:16.000Z
ASML Holding NV,asml-holding-nv-derivatives,Zoomex,zoomex,ASML/USDT,perpetual,1541.24543116,182635.54709037,0.0,0.0,0.0,0,2026-07-29T20:33:17.000Z
ASML Holding NV,asml-holding-nv-derivatives,BloFin,blofin,ASML/USDT,perpetual,1543.44288678,145773.52294953,0.0,0.0,0.0,0,2026-07-29T20:33:16.000Z
ASML Holding NV,asml-holding-nv-derivatives,YUBIT,yubit,ASML/USDT,perpetual,1540.46566395,34575.55403735,0.0,0.0,0.0,0,2026-07-29T20:33:15.000Z
ASML Holding NV,asml-holding-nv-derivatives,Lighter,lighter,ASML/USDC,perpetual,1532.55463197,25485.59014806,0.0,0.0,0.0,0,2026-07-29T20:33:15.000Z
ASML Holding NV,asml-holding-nv-derivatives,BitMart,bitmart,ASML/USDT,perpetual,1758.84868539,0.0,0.0,0.0,0.0,0,2026-07-29T20:33:16.000Z
ASML Holding NV,asml-holding-nv-derivatives,ADEN,aden-decentralized-derivatives-exchange,ASML/USDT,perpetual,1542.00761793,0.0,0.0,0.0,0.0,0,2026-07-29T20:30:56.000Z
ASML Holding NV,asml-holding-nv-derivatives,EasiCoin,easicoin,ASML/USDT,perpetual,1542.21336728,576924.0902638,0.0,0.0,0.0,0,2026-07-29T20:33:16.000Z
ASML Holding NV,asml-holding-nv-derivatives,BTSE,btse,ASML/USDT,perpetual,1541.9968378384822,383493.6728,,,,0,2026-07-29T20:27:15.447Z
ASML Holding NV,asml-holding-nv-derivatives,BTSE,btse,ASML/USDT,perpetual,1541.9968378384822,383493.6728,,,,0,2026-07-29T20:27:15.447Z
iShares MSCI Japan ETF,ishares-msci-japan-etf-derivatives,Binance,binance,EWJ/USDT,perpetual,89.15284366,1493945.48932038,0.0,0.0,0.0,0,2026-07-29T20:33:17.000Z
iShares MSCI Japan ETF,ishares-msci-japan-etf-derivatives,Aster,aster-pro,EWJ/USDT,perpetual,90.51519476,2061.83265647,0.0,0.0,0.0,0,2026-07-29T20:33:15.000Z
iShares MSCI Japan ETF,ishares-msci-japan-etf-derivatives,KuCoin,kucoin,EWJ/USDT,perpetual,89.12288303,632342.27266632,0.0,0.0,0.0,0,2026-07-29T20:33:19.000Z
iShares MSCI Japan ETF,ishares-msci-japan-etf-derivatives,Hyperliquid,hyperliquid,xyz:EWJ/USDC,perpetual,89.15327618,2147920.23931133,0.0,0.0,0.0,0,2026-07-29T20:33:26.000Z
iShares MSCI Japan ETF,ishares-msci-japan-etf-derivatives,OKX,okx,EWJ/USDT,perpetual,89.23901915,662547.06616543,0.0,0.0,0.0,0,2026-07-29T20:31:28.000Z
iShares MSCI Japan ETF,ishares-msci-japan-etf-derivatives,Gate,gate,EWJ/USDT,perpetual,89.2227518,212401.88129276,0.0,0.0,0.0,0,2026-07-29T20:33:20.000Z
iShares MSCI Japan ETF,ishares-msci-japan-etf-derivatives,Bybit,bybit,EWJ/USDT,perpetual,89.16675608,118382.59171137,0.0,0.0,0.0,0,2026-07-29T20:33:16.000Z
iShares MSCI Japan ETF,ishares-msci-japan-etf-derivatives,HTX,htx,EWJ/USDT,perpetual,89.45475928,39006.64343549,0.0,0.0,0.0,0,2026-07-29T20:27:17.000Z
iShares MSCI Japan ETF,ishares-msci-japan-etf-derivatives,Bitget,bitget,EWJ/USDT,perpetual,89.08684861,150529.55286359,0.0,0.0,0.0,0,2026-07-29T20:33:16.000Z
iShares MSCI Japan ETF,ishares-msci-japan-etf-derivatives,Crypto.com Exchange,crypto-com-exchange,EWJ/USD,perpetual,90.221057,463.48091678,0.0,0.0,0.0,0,2026-07-29T12:30:18.000Z
iShares MSCI Japan ETF,ishares-msci-japan-etf-derivatives,MEXC,mexc,EWJ/USDT,perpetual,89.18673295,122338.94075555,0.0,0.0,0.0,0,2026-07-29T20:33:16.000Z
iShares MSCI Japan ETF,ishares-msci-japan-etf-derivatives,Phemex,phemex,EWJ/USDT,perpetual,89.11681391,10541.2989983,0.0,0.0,0.0,0,2026-07-29T20:33:16.000Z
iShares MSCI Japan ETF,ishares-msci-japan-etf-derivatives,BingX,bingx,EWJ/USDT,perpetual,89.13679078,1637889.58934918,0.0,0.0,0.0,0,2026-07-29T20:33:18.000Z
iShares MSCI Japan ETF,ishares-msci-japan-etf-derivatives,SunX,sunperp,EWJ/USDT,perpetual,91.22936784,703150.46925558,0.0,0.0,0.0,0,2026-07-29T20:33:16.000Z
iShares MSCI Japan ETF,ishares-msci-japan-etf-derivatives,Tapbit,tapbit,EWJ/USDT,perpetual,89.12680234,2464705.46190311,0.0,0.0,0.0,0,2026-07-29T20:33:15.000Z
iShares MSCI Japan ETF,ishares-msci-japan-etf-derivatives,Ourbit,ourbit,EWJ/USDT,perpetual,89.18673295,1481447.17693511,0.0,0.0,0.0,0,2026-07-29T20:33:16.000Z
iShares MSCI Japan ETF,ishares-msci-japan-etf-derivatives,CoinW,coinw,EWJ/USDT,perpetual,89.17674452,1084538.17086695,0.0,0.0,0.0,0,2026-07-29T20:33:17.000Z
iShares MSCI Japan ETF,ishares-msci-japan-etf-derivatives,LBank,lbank,EWJ/USDT,perpetual,89.10290928,926757.7711261,0.0,0.0,0.0,0,2026-07-29T20:33:17.000Z
iShares MSCI Japan ETF,ishares-msci-japan-etf-derivatives,WhiteBIT,whitebit,EWJ/USDT,perpetual,89.15676765,757049.41805517,0.0,0.0,0.0,0,2026-07-29T20:33:15.000Z
iShares MSCI Japan ETF,ishares-msci-japan-etf-derivatives,Toobit,toobit,EWJ/USDT,perpetual,89.13679078,352992.00105003,0.0,0.0,0.0,0,2026-07-29T20:33:17.000Z
iShares MSCI Japan ETF,ishares-msci-japan-etf-derivatives,OrangeX,orangex,EWJ/USDT,perpetual,89.16675608,341741.89576049,0.0,0.0,0.0,0,2026-07-29T20:33:15.000Z
iShares MSCI Japan ETF,ishares-msci-japan-etf-derivatives,WEEX,weex,EWJ/USDT,perpetual,89.14285679,206466.21868597,0.0,0.0,0.0,0,2026-07-29T20:33:17.000Z
iShares MSCI Japan ETF,ishares-msci-japan-etf-derivatives,Hotcoin,hotcoin-global,EWJ/USDT,perpetual,89.17674452,196634.3221252,0.0,0.0,0.0,0,2026-07-29T20:33:21.000Z
iShares MSCI Japan ETF,ishares-msci-japan-etf-derivatives,KCEX,kcex,EWJ/USDT,perpetual,89.17674452,150530.26054419,0.0,0.0,0.0,0,2026-07-29T20:33:15.000Z
iShares MSCI Japan ETF,ishares-msci-japan-etf-derivatives,MGBX,mgbx,EWJ/USDT,perpetual,89.50292983,117703.71037818,0.0,0.0,0.0,0,2026-07-29T15:15:16.000Z
iShares MSCI Japan ETF,ishares-msci-japan-etf-derivatives,Bitunix,bitunix,EWJ/USDT,perpetual,89.36565863,97472.01382891,0.0,0.0,0.0,0,2026-07-29T20:24:16.000Z
iShares MSCI Japan ETF,ishares-msci-japan-etf-derivatives,BloFin,blofin,EWJ/USDT,perpetual,89.20670982,83166.66543572,0.0,0.0,0.0,0,2026-07-29T20:33:16.000Z
iShares MSCI Japan ETF,ishares-msci-japan-etf-derivatives,DigiFinex,digifinex,EWJ/USDT,perpetual,89.10682548,57990.72201956,0.0,0.0,0.0,0,2026-07-29T20:33:16.000Z
iShares MSCI Japan ETF,ishares-msci-japan-etf-derivatives,Zoomex,zoomex,EWJ/USDT,perpetual,89.16675608,35514.77751341,0.0,0.0,0.0,0,2026-07-29T20:33:17.000Z
iShares MSCI Japan ETF,ishares-msci-japan-etf-derivatives,YUBIT,yubit,EWJ/USDT,perpetual,89.11289616,18926.40868204,0.0,0.0,0.0,0,2026-07-29T20:33:15.000Z
iShares MSCI Japan ETF,ishares-msci-japan-etf-derivatives,BitMart,bitmart,EWJ/USDT,perpetual,91.53970707,0.0,0.0,0.0,0.0,0,2026-07-29T20:33:16.000Z
iShares MSCI Japan ETF,ishares-msci-japan-etf-derivatives,ADEN,aden-decentralized-derivatives-exchange,EWJ/USDT,perpetual,89.24915347,0.0,0.0,0.0,0.0,0,2026-07-29T20:30:56.000Z
iShares MSCI Japan ETF,ishares-msci-japan-etf-derivatives,BTSE,btse,EWJ/USDT,perpetual,89.20149186388988,1226656.4214,,,,0,2026-07-29T20:27:15.447Z
iShares MSCI Japan ETF,ishares-msci-japan-etf-derivatives,BTSE,btse,EWJ/USDT,perpetual,89.20149186388988,1226656.4214,,,,0,2026-07-29T20:27:15.447Z
PayPay Corp,paypay-corp-derivatives,Binance,binance,PAYP/USDT,perpetual,14.86047176,461489.84406489,0.0,0.0,0.0,0,2026-07-29T20:33:17.000Z
PayPay Corp,paypay-corp-derivatives,Aster,aster-pro,PAYP/USDT,perpetual,14.82283701,697.07287706,0.0,0.0,0.0,0,2026-07-29T20:33:15.000Z
PayPay Corp,paypay-corp-derivatives,KuCoin,kucoin,PAYP/USDT,perpetual,14.81053738,549299.30936981,0.0,0.0,0.0,0,2026-07-29T20:33:19.000Z
PayPay Corp,paypay-corp-derivatives,Gate,gate,PAYP/USDT,perpetual,14.85048488,25019.12220718,0.0,0.0,0.0,0,2026-07-29T20:33:20.000Z
PayPay Corp,paypay-corp-derivatives,HTX,htx,PAYP/USDT,perpetual,14.91378815,1098.52186497,0.0,0.0,0.0,0,2026-07-29T20:27:17.000Z
PayPay Corp,paypay-corp-derivatives,MEXC,mexc,PAYPSTOCK/USDT,perpetual,14.71296423,97190.10105668,0.0,0.0,0.0,0,2026-07-29T20:33:16.000Z
PayPay Corp,paypay-corp-derivatives,Phemex,phemex,PAYP/USDT,perpetual,14.88276762,3435.99075379,0.0,0.0,0.0,0,2026-07-29T20:33:16.000Z
PayPay Corp,paypay-corp-derivatives,SunX,sunperp,PAYP/USDT,perpetual,16.03143761,1093818.15181331,0.0,0.0,0.0,0,2026-07-29T20:33:16.000Z
PayPay Corp,paypay-corp-derivatives,Toobit,toobit,PAYP/USDT,perpetual,14.85280232,349454.61879487,0.0,0.0,0.0,0,2026-07-29T20:33:17.000Z
PayPay Corp,paypay-corp-derivatives,LBank,lbank,PAYP/USDT,perpetual,14.840498,249053.29942347,0.0,0.0,0.0,0,2026-07-29T20:33:17.000Z
PayPay Corp,paypay-corp-derivatives,Ourbit,ourbit,PAYP/USDT,perpetual,14.87277919,214734.78306237,0.0,0.0,0.0,0,2026-07-29T20:33:16.000Z
PayPay Corp,paypay-corp-derivatives,WEEX,weex,PAYP/USDT,perpetual,14.85048488,142321.0080286,0.0,0.0,0.0,0,2026-07-29T20:33:17.000Z
PayPay Corp,paypay-corp-derivatives,Hotcoin,hotcoin-global,PAYP/USDT,perpetual,14.85280232,86335.03486144,0.0,0.0,0.0,0,2026-07-29T20:33:21.000Z
PayPay Corp,paypay-corp-derivatives,Bitunix,bitunix,PAYP/USDT,perpetual,14.91258839,82069.93695378,0.0,0.0,0.0,0,2026-07-29T20:24:16.000Z
PayPay Corp,paypay-corp-derivatives,YUBIT,yubit,PAYP/USDT,perpetual,14.85048488,34542.27776592,0.0,0.0,0.0,0,2026-07-29T20:33:15.000Z
PayPay Corp,paypay-corp-derivatives,KCEX,kcex,PAYP/USDT,perpetual,14.86279075,32672.10280408,0.0,0.0,0.0,0,2026-07-29T20:33:15.000Z
PayPay Corp,paypay-corp-derivatives,MGBX,mgbx,PAYP/USDT,perpetual,14.86889016,27101.36472579,0.0,0.0,0.0,0,2026-07-29T15:15:16.000Z
PayPay Corp,paypay-corp-derivatives,BloFin,blofin,PAYP/USDT,perpetual,14.87277919,6951.2882803,0.0,0.0,0.0,0,2026-07-29T20:33:16.000Z
PayPay Corp,paypay-corp-derivatives,BitMart,bitmart,PAYP/USDT,perpetual,15.22998618,0.0,0.0,0.0,0.0,0,2026-07-29T20:33:16.000Z
PayPay Corp,paypay-corp-derivatives,ADEN,aden-decentralized-derivatives-exchange,PAYP/USDT,perpetual,15.225176222078646,0.0,,,,0,2026-07-29T20:30:56.831Z
PayPay Corp,paypay-corp-derivatives,ADEN,aden-decentralized-derivatives-exchange,PAYP/USDT,perpetual,15.225176222078646,0.0,,,,0,2026-07-29T20:30:56.831Z
State Street SPDR S&P 500 ETF Trust,state-street-spdr-sp-500-etf-trust-derivatives,Binance,binance,SPY/USDT,perpetual,728.34287984,60046660.12934293,0.0,0.0,0.0,0,2026-07-29T20:33:17.000Z
State Street SPDR S&P 500 ETF Trust,state-street-spdr-sp-500-etf-trust-derivatives,Aster,aster-pro,SPY/USDT,perpetual,727.45769526,121604.48726055,0.0,0.0,0.0,0,2026-07-29T20:33:15.000Z
State Street SPDR S&P 500 ETF Trust,state-street-spdr-sp-500-etf-trust-derivatives,KuCoin,kucoin,SPY/USDT,perpetual,728.04327355,1329558.99539173,0.0,0.0,0.0,0,2026-07-29T20:33:19.000Z
State Street SPDR S&P 500 ETF Trust,state-street-spdr-sp-500-etf-trust-derivatives,OKX,okx,SPY/USDT,perpetual,728.24432919,3508484.552063,0.0,0.0,0.0,0,2026-07-29T20:31:28.000Z
State Street SPDR S&P 500 ETF Trust,state-street-spdr-sp-500-etf-trust-derivatives,Hyperliquid,hyperliquid,mkts:US500/USDC,perpetual,727.72002748,2052918.69587399,0.0,0.0,0.0,0,2026-07-29T20:33:26.000Z
State Street SPDR S&P 500 ETF Trust,state-street-spdr-sp-500-etf-trust-derivatives,HTX,htx,SPY/USDT,perpetual,729.25726962,90948.87531451,0.0,0.0,0.0,0,2026-07-29T20:27:17.000Z
State Street SPDR S&P 500 ETF Trust,state-street-spdr-sp-500-etf-trust-derivatives,Bitget,bitget,SPY/USDT,perpetual,727.68742925,2262013.11600937,0.0,0.0,0.0,0,2026-07-29T20:33:16.000Z
State Street SPDR S&P 500 ETF Trust,state-street-spdr-sp-500-etf-trust-derivatives,Crypto.com Exchange,crypto-com-exchange,SPY/USD,perpetual,740.12681033,250915.01417512,0.0,0.0,0.0,0,2026-07-29T12:30:18.000Z
State Street SPDR S&P 500 ETF Trust,state-street-spdr-sp-500-etf-trust-derivatives,MEXC,mexc,SPY/USDT,perpetual,728.45653872,12796008.75041566,0.0,0.0,0.0,0,2026-07-29T20:33:16.000Z
State Street SPDR S&P 500 ETF Trust,state-street-spdr-sp-500-etf-trust-derivatives,Biconomy.com,biconomy,SPY/USDT,perpetual,728.39660811,11009119.97947496,0.0,0.0,0.0,0,2026-07-29T20:33:15.000Z
State Street SPDR S&P 500 ETF Trust,state-street-spdr-sp-500-etf-trust-derivatives,BingX,bingx,SPY/USDT,perpetual,728.41658498,2006646.77479361,0.0,0.0,0.0,0,2026-07-29T20:33:18.000Z
State Street SPDR S&P 500 ETF Trust,state-street-spdr-sp-500-etf-trust-derivatives,SunX,sunperp,SPY/USDT,perpetual,738.90444136,440567.96583031,0.0,0.0,0.0,0,2026-07-29T20:33:16.000Z
State Street SPDR S&P 500 ETF Trust,state-street-spdr-sp-500-etf-trust-derivatives,Tapbit,tapbit,SPY/USDT,perpetual,728.5064809,73163707.72255547,0.0,0.0,0.0,0,2026-07-29T20:33:15.000Z
State Street SPDR S&P 500 ETF Trust,state-street-spdr-sp-500-etf-trust-derivatives,CoinW,coinw,SPY/USDT,perpetual,728.2767469,41908699.1143937,0.0,0.0,0.0,0,2026-07-29T20:33:17.000Z
State Street SPDR S&P 500 ETF Trust,state-street-spdr-sp-500-etf-trust-derivatives,Toobit,toobit,SPY/USDT,perpetual,728.5064809,27346483.530129,0.0,0.0,0.0,0,2026-07-29T20:33:17.000Z
State Street SPDR S&P 500 ETF Trust,state-street-spdr-sp-500-etf-trust-derivatives,LBank,lbank,SPY/USDT,perpetual,728.30293233,13833095.7412319,0.0,0.0,0.0,0,2026-07-29T20:33:17.000Z
State Street SPDR S&P 500 ETF Trust,state-street-spdr-sp-500-etf-trust-derivatives,Ourbit,ourbit,SPY/USDT,perpetual,728.46652716,12020563.55768958,0.0,0.0,0.0,0,2026-07-29T20:33:16.000Z
State Street SPDR S&P 500 ETF Trust,state-street-spdr-sp-500-etf-trust-derivatives,WhiteBIT,whitebit,SPY/USDT,perpetual,728.5664115,6017576.0419233,0.0,0.0,0.0,0,2026-07-29T20:33:15.000Z
State Street SPDR S&P 500 ETF Trust,state-street-spdr-sp-500-etf-trust-derivatives,WEEX,weex,SPY/USDT,perpetual,728.33289296,5160068.21167217,0.0,0.0,0.0,0,2026-07-29T20:33:17.000Z
State Street SPDR S&P 500 ETF Trust,state-street-spdr-sp-500-etf-trust-derivatives,YUBIT,yubit,SPY/USDT,perpetual,728.34287984,3979766.03331687,0.0,0.0,0.0,0,2026-07-29T20:33:15.000Z
State Street SPDR S&P 500 ETF Trust,state-street-spdr-sp-500-etf-trust-derivatives,Bitunix,bitunix,SPY/USDT,perpetual,728.5094085,3602355.16964655,0.0,0.0,0.0,0,2026-07-29T20:24:16.000Z
State Street SPDR S&P 500 ETF Trust,state-street-spdr-sp-500-etf-trust-derivatives,Lighter,lighter,SPY/USDC,perpetual,727.29118942,2858749.34248053,0.0,0.0,0.0,0,2026-07-29T20:33:15.000Z
State Street SPDR S&P 500 ETF Trust,state-street-spdr-sp-500-etf-trust-derivatives,Bitrue,bitrue,SPY/USDT,perpetual,728.44655029,1975887.46214852,0.0,0.0,0.0,0,2026-07-29T20:33:16.000Z
State Street SPDR S&P 500 ETF Trust,state-street-spdr-sp-500-etf-trust-derivatives,KCEX,kcex,SPY/USDT,perpetual,728.46652716,1700828.19304253,0.0,0.0,0.0,0,2026-07-29T20:33:15.000Z
State Street SPDR S&P 500 ETF Trust,state-street-spdr-sp-500-etf-trust-derivatives,MGBX,mgbx,SPY/USDT,perpetual,734.74685639,1184359.01620859,0.0,0.0,0.0,0,2026-07-29T15:15:16.000Z
State Street SPDR S&P 500 ETF Trust,state-street-spdr-sp-500-etf-trust-derivatives,BloFin,blofin,SPY/USDT,perpetual,728.68627272,754397.75374975,0.0,0.0,0.0,0,2026-07-29T20:33:16.000Z
State Street SPDR S&P 500 ETF Trust,state-street-spdr-sp-500-etf-trust-derivatives,Zoomex,zoomex,SPY/USDT,perpetual,728.24678159,442350.62105921,0.0,0.0,0.0,0,2026-07-29T20:33:17.000Z
State Street SPDR S&P 500 ETF Trust,state-street-spdr-sp-500-etf-trust-derivatives,Coinbase International Exchange,coinbase-international-exchange,SPY/USDC,perpetual,727.22836989,401435.04240735,0.0,0.0,0.0,0,2026-07-29T20:33:16.000Z
State Street SPDR S&P 500 ETF Trust,state-street-spdr-sp-500-etf-trust-derivatives,OrangeX,orangex,SPY/USDT,perpetual,728.12692038,199601.14691432,0.0,0.0,0.0,0,2026-07-29T20:33:15.000Z
State Street SPDR S&P 500 ETF Trust,state-street-spdr-sp-500-etf-trust-derivatives,ApeX Omni,apex-omni,SPY/USDT,perpetual,726.39892119,19646.61198823,0.0,0.0,0.0,0,2026-07-29T20:33:17.000Z
State Street SPDR S&P 500 ETF Trust,state-street-spdr-sp-500-etf-trust-derivatives,XT.COM,xt,SPY/USDT,perpetual,727.9598009788683,706767.3338,,,,0,2026-07-29T20:33:41.739Z
State Street SPDR S&P 500 ETF Trust,state-street-spdr-sp-500-etf-trust-derivatives,XT.COM,xt,SPY/USDT,perpetual,727.9598009788683,706767.3338,,,,0,2026-07-29T20:33:41.739Z
State Street SPDR S&P 500 ETF Trust,state-street-spdr-sp-500-etf-trust-derivatives,DeriW,deriw,SPY/USDT,perpetual,727.9598009788683,0.0,,,,0,2026-07-29T20:33:15.453Z
State Street SPDR S&P 500 ETF Trust,state-street-spdr-sp-500-etf-trust-derivatives,DeriW,deriw,SPY/USDT,perpetual,727.9598009788683,0.0,,,,0,2026-07-29T20:33:15.453Z
State Street SPDR S&P 500 ETF Trust,state-street-spdr-sp-500-etf-trust-derivatives,ADEN,aden-decentralized-derivatives-exchange,SPY/USDT,perpetual,727.9598009788683,0.0,,,,0,2026-07-29T20:30:56.831Z
State Street SPDR S&P 500 ETF Trust,state-street-spdr-sp-500-etf-trust-derivatives,ADEN,aden-decentralized-derivatives-exchange,SPY/USDT,perpetual,727.9598009788683,0.0,,,,0,2026-07-29T20:30:56.831Z
Brent Oil,brent-oil-derivatives,Binance,binance,BZ/USDT,perpetual,88.24403793,471697899.593874,0.0,0.0,0.0,0,2026-07-29T20:33:17.000Z
Brent Oil,brent-oil-derivatives,Aster,aster-pro,BZ/USDT,perpetual,88.19787792,1946604.96567558,0.0,0.0,0.0,0,2026-07-29T20:33:15.000Z
Brent Oil,brent-oil-derivatives,KuCoin,kucoin,BZ/USDT,perpetual,88.24403793,1153651.38753456,0.0,0.0,0.0,0,2026-07-29T20:33:19.000Z
Brent Oil,brent-oil-derivatives,Hyperliquid,hyperliquid,xyz:BRENTOIL/USDC,perpetual,88.34550925,299551434.3671597,0.0,0.0,0.0,0,2026-07-29T20:33:26.000Z
Brent Oil,brent-oil-derivatives,OKX,okx,BZ/USDT,perpetual,88.35012461,35177048.28196343,0.0,0.0,0.0,0,2026-07-29T20:31:28.000Z
Brent Oil,brent-oil-derivatives,Gate,gate,BZ/USDT,perpetual,88.1741298,13659184.37609907,0.0,0.0,0.0,0,2026-07-29T20:33:20.000Z
Brent Oil,brent-oil-derivatives,Bybit,bybit,BZ/USDT,perpetual,88.21785479,6437177.89042701,0.0,0.0,0.0,0,2026-07-29T20:33:16.000Z
Brent Oil,brent-oil-derivatives,Bitget,bitget,BZ/USDT,perpetual,88.25780853,43124601.39220607,0.0,0.0,0.0,0,2026-07-29T20:33:16.000Z
Brent Oil,brent-oil-derivatives,Crypto.com Exchange,crypto-com-exchange,BZ/USD,perpetual,85.15775283,14161.31440513,0.0,0.0,0.0,0,2026-07-29T12:30:18.000Z
Brent Oil,brent-oil-derivatives,Biconomy.com,biconomy,BZ/USDT,perpetual,88.25780853,60389505.35161827,0.0,0.0,0.0,0,2026-07-29T20:33:15.000Z
Brent Oil,brent-oil-derivatives,BingX,bingx,Oil Brent/USDT,perpetual,88.26779697,34242772.77530844,0.0,0.0,0.0,0,2026-07-29T20:33:18.000Z
Brent Oil,brent-oil-derivatives,OrangeX,orangex,BZ/USDT,perpetual,88.26779697,363497152.67244947,0.0,0.0,0.0,0,2026-07-29T20:33:15.000Z
Brent Oil,brent-oil-derivatives,CoinW,coinw,BZ/USDT,perpetual,88.28777383,309265444.83608097,0.0,0.0,0.0,0,2026-07-29T20:33:17.000Z
Brent Oil,brent-oil-derivatives,BiKing,biking,BZ/USDT,perpetual,88.37393417,63686567.84588793,0.0,0.0,0.0,0,2026-07-29T20:27:23.000Z
Brent Oil,brent-oil-derivatives,Hotcoin,hotcoin-global,BZ/USDT,perpetual,88.2478201,45348745.84187997,0.0,0.0,0.0,0,2026-07-29T20:33:21.000Z
Brent Oil,brent-oil-derivatives,Tapbit,tapbit,BZ/USDT,perpetual,88.25780853,27620796.60530394,0.0,0.0,0.0,0,2026-07-29T20:33:15.000Z
Brent Oil,brent-oil-derivatives,Bitunix,bitunix,BZ/USDT,perpetual,88.29690648,24624496.27187977,0.0,0.0,0.0,0,2026-07-29T20:24:16.000Z
Brent Oil,brent-oil-derivatives,WhiteBIT,whitebit,BZ/USDT,perpetual,88.29776227,23090645.93211967,0.0,0.0,0.0,0,2026-07-29T20:33:15.000Z
Brent Oil,brent-oil-derivatives,YUBIT,yubit,BZ/USDT,perpetual,88.25402481,22863737.68214491,0.0,0.0,0.0,0,2026-07-29T20:33:15.000Z
Brent Oil,brent-oil-derivatives,KCEX,kcex,BZ/USDT,perpetual,88.26779697,21950719.36007212,0.0,0.0,0.0,0,2026-07-29T20:33:15.000Z
Brent Oil,brent-oil-derivatives,DigiFinex,digifinex,BZ/USDT,perpetual,88.28777383,17841506.7581133,0.0,0.0,0.0,0,2026-07-29T20:33:16.000Z
Brent Oil,brent-oil-derivatives,Bitrue,bitrue,BZ/USDT,perpetual,88.2777854,16248008.67400052,0.0,0.0,0.0,0,2026-07-29T20:33:16.000Z
Brent Oil,brent-oil-derivatives,MGBX,mgbx,BZ/USDT,perpetual,87.62559514,6543979.04542115,0.0,0.0,0.0,0,2026-07-29T15:15:16.000Z
Brent Oil,brent-oil-derivatives,BitMart,bitmart,BZ/USDT,perpetual,88.25402481,1606896.02178382,0.0,0.0,0.0,0,2026-07-29T20:33:16.000Z
Brent Oil,brent-oil-derivatives,WEEX,weex,BZ/USDT,perpetual,88.23405105,1179998.96930431,0.0,0.0,0.0,0,2026-07-29T20:33:17.000Z
Brent Oil,brent-oil-derivatives,BloFin,blofin,BZ/USDT,perpetual,88.28777383,647257.18378765,0.0,0.0,0.0,0,2026-07-29T20:33:16.000Z
Brent Oil,brent-oil-derivatives,ApeX Omni,apex-omni,BZ/USDT,perpetual,88.32772757,268632.73349793,0.0,0.0,0.0,0,2026-07-29T20:33:17.000Z
Brent Oil,brent-oil-derivatives,Paradex,paradex-trade,BZ/USD,perpetual,87.6098445,3575.2633866,0.0,0.0,0.0,0,2026-07-29T20:33:15.000Z
Brent Oil,brent-oil-derivatives,ADEN,aden-decentralized-derivatives-exchange,BZ/USDT,perpetual,88.28024827,272.64332834,0.0,0.0,0.0,0,2026-07-29T20:30:56.000Z
Brent Oil,brent-oil-derivatives,BYDFi,bydfi,BZ/USDT,perpetual,88.2478201,4785494.83737823,0.0,0.0,0.0,0,2026-07-29T20:33:16.000Z
Brent Oil,brent-oil-derivatives,Fillx,fillx,BZ/USDC,perpetual,88.35499963939633,0.0,,,,0,2026-07-29T20:33:16.593Z
Brent Oil,brent-oil-derivatives,ADEN,aden-decentralized-derivatives-exchange,BZ/USDC,perpetual,88.35499963939633,0.0,,,,0,2026-07-29T20:30:56.831Z
iShares Silver Trust,ishares-silver-trust-derivatives,BingX,bingx,SLV/USDT,perpetual,51.87958481,332426.40038182,0.0,0.0,0.0,0,2026-07-29T19:57:19.000Z
iShares Silver Trust,ishares-silver-trust-derivatives,WEEX,weex,SLV/USDT,perpetual,51.49233359,168524.63067597,0.0,0.0,0.0,0,2026-07-29T20:33:17.000Z
Nikkei 225,nikkei-225-derivatives,Hyperliquid,hyperliquid,xyz:JP225/USDC,perpetual,60986.40330268,3018694.37255959,0.0,0.0,0.0,0,2026-07-29T20:33:26.000Z
Nikkei 225,nikkei-225-derivatives,BingX,bingx,Nikkei 225/USDT,perpetual,60823.07451073,9679063.71857296,0.0,0.0,0.0,0,2026-07-29T20:33:18.000Z
KOSPI 200 Index,kospi-200-index-derivatives,Hyperliquid,hyperliquid,xyz:KR200/USDC,perpetual,873.85786163,6983852.56294437,0.0,0.0,0.0,0,2026-07-29T20:33:26.000Z
PDD Holdings Inc,pdd-holdings-inc-derivatives,Gate,gate,PDD/USDT,perpetual,87.93444477,11078.44174694,0.0,0.0,0.0,0,2026-07-29T20:33:20.000Z
PDD Holdings Inc,pdd-holdings-inc-derivatives,Bitget,bitget,PDD/USDT,perpetual,88.37766975,260969.48767514,0.0,0.0,0.0,0,2026-07-29T20:33:16.000Z
PDD Holdings Inc,pdd-holdings-inc-derivatives,WEEX,weex,PDD/USDT,perpetual,88.14416917,824549.44256196,0.0,0.0,0.0,0,2026-07-29T20:33:17.000Z
PDD Holdings Inc,pdd-holdings-inc-derivatives,Ourbit,ourbit,PDD/USDT,perpetual,88.39764662,788067.61637314,0.0,0.0,0.0,0,2026-07-29T20:33:16.000Z
PDD Holdings Inc,pdd-holdings-inc-derivatives,LBank,lbank,PDD/USDT,perpetual,88.34390669,188239.62307498,0.0,0.0,0.0,0,2026-07-29T20:33:17.000Z
PDD Holdings Inc,pdd-holdings-inc-derivatives,Toobit,toobit,PDD/USDT,perpetual,88.65734592,43998.74467386,0.0,0.0,0.0,0,2026-07-29T20:33:17.000Z
PDD Holdings Inc,pdd-holdings-inc-derivatives,BitMart,bitmart,PDD/USDT,perpetual,82.7212954,0.0,0.0,0.0,0.0,0,2026-07-29T20:33:16.000Z
PDD Holdings Inc,pdd-holdings-inc-derivatives,ADEN,aden-decentralized-derivatives-exchange,PDD/USDT,perpetual,88.39860063717279,0.0,,,,0,2026-07-29T20:30:56.831Z
PDD Holdings Inc,pdd-holdings-inc-derivatives,ADEN,aden-decentralized-derivatives-exchange,PDD/USDT,perpetual,88.39860063717279,0.0,,,,0,2026-07-29T20:30:56.831Z
Broadcom Inc,broadcom-inc-derivatives,Binance,binance,AVGO/USDT,perpetual,366.51835582,12186885.94893213,0.0,0.0,0.0,0,2026-07-29T20:33:17.000Z
Broadcom Inc,broadcom-inc-derivatives,Aster,aster-pro,AVGO/USDT,perpetual,368.72306495,6223.14437958,0.0,0.0,0.0,0,2026-07-29T20:33:15.000Z
Broadcom Inc,broadcom-inc-derivatives,KuCoin,kucoin,AVGO/USDT,perpetual,367.20745028,505466.0253762,0.0,0.0,0.0,0,2026-07-29T20:33:19.000Z
Broadcom Inc,broadcom-inc-derivatives,OKX,okx,AVGO/USDT,perpetual,367.43304706,1922369.28459341,0.0,0.0,0.0,0,2026-07-29T20:31:28.000Z
Broadcom Inc,broadcom-inc-derivatives,Hyperliquid,hyperliquid,xyz:AVGO/USDC,perpetual,366.03438636,1691550.35192288,0.0,0.0,0.0,0,2026-07-29T20:33:26.000Z
Broadcom Inc,broadcom-inc-derivatives,Gate,gate,AVGO/USDT,perpetual,366.47840832,746376.1821569,0.0,0.0,0.0,0,2026-07-29T20:33:20.000Z
Broadcom Inc,broadcom-inc-derivatives,Bybit,bybit,AVGO/USDT,perpetual,366.52560933,318267.38569797,0.0,0.0,0.0,0,2026-07-29T20:33:16.000Z
Broadcom Inc,broadcom-inc-derivatives,HTX,htx,AVGO/USDT,perpetual,366.03210918,70907.80012524,0.0,0.0,0.0,0,2026-07-29T20:27:17.000Z
Broadcom Inc,broadcom-inc-derivatives,Bitget,bitget,AVGO/USDT,perpetual,366.22595629,1443016.52430924,0.0,0.0,0.0,0,2026-07-29T20:33:16.000Z
Broadcom Inc,broadcom-inc-derivatives,Crypto.com Exchange,crypto-com-exchange,AVGO/USD,perpetual,380.55317876,42957.63878055,0.0,0.0,0.0,0,2026-07-29T12:30:18.000Z
Broadcom Inc,broadcom-inc-derivatives,Phemex,phemex,AVGO/USDT,perpetual,366.45569029,744425.07226371,0.0,0.0,0.0,0,2026-07-29T20:33:16.000Z
Broadcom Inc,broadcom-inc-derivatives,SunX,sunperp,AVGO/USDT,perpetual,382.71686189,1662224.25865521,0.0,0.0,0.0,0,2026-07-29T20:33:16.000Z
Broadcom Inc,broadcom-inc-derivatives,BingX,bingx,AVGO/USDT,perpetual,366.58553994,1648516.55465664,0.0,0.0,0.0,0,2026-07-29T20:33:18.000Z
Broadcom Inc,broadcom-inc-derivatives,Ourbit,ourbit,AVGO/USDT,perpetual,366.5455862,9809138.47472484,0.0,0.0,0.0,0,2026-07-29T20:33:16.000Z
Broadcom Inc,broadcom-inc-derivatives,CoinW,coinw,AVGO/USDT,perpetual,366.56556307,8515221.9812863,0.0,0.0,0.0,0,2026-07-29T20:33:17.000Z
Broadcom Inc,broadcom-inc-derivatives,Tapbit,tapbit,AVGO/USDT,perpetual,366.45569029,8443549.53458738,0.0,0.0,0.0,0,2026-07-29T20:33:15.000Z
Broadcom Inc,broadcom-inc-derivatives,LBank,lbank,AVGO/USDT,perpetual,366.47840832,5387710.82781517,0.0,0.0,0.0,0,2026-07-29T20:33:17.000Z
Broadcom Inc,broadcom-inc-derivatives,WhiteBIT,whitebit,AVGO/USDT,perpetual,366.3158522,3224266.82344288,0.0,0.0,0.0,0,2026-07-29T20:33:15.000Z
Broadcom Inc,broadcom-inc-derivatives,Bitrue,bitrue,AVGO/USDT,perpetual,366.53559776,1776299.42532436,0.0,0.0,0.0,0,2026-07-29T20:33:16.000Z
Broadcom Inc,broadcom-inc-derivatives,WEEX,weex,AVGO/USDT,perpetual,366.43846081,1697003.09578606,0.0,0.0,0.0,0,2026-07-29T20:33:17.000Z
Broadcom Inc,broadcom-inc-derivatives,Toobit,toobit,AVGO/USDT,perpetual,366.51562089,1012496.88573666,0.0,0.0,0.0,0,2026-07-29T20:33:17.000Z
Broadcom Inc,broadcom-inc-derivatives,KCEX,kcex,AVGO/USDT,perpetual,366.5755515,478956.96942053,0.0,0.0,0.0,0,2026-07-29T20:33:15.000Z
Broadcom Inc,broadcom-inc-derivatives,Bitunix,bitunix,AVGO/USDT,perpetual,368.2000977,446181.18869608,0.0,0.0,0.0,0,2026-07-29T20:24:16.000Z
Broadcom Inc,broadcom-inc-derivatives,OrangeX,orangex,AVGO/USDT,perpetual,366.50563246,290762.51348916,0.0,0.0,0.0,0,2026-07-29T20:33:15.000Z
Broadcom Inc,broadcom-inc-derivatives,BloFin,blofin,AVGO/USDT,perpetual,366.66544741,174486.81665785,0.0,0.0,0.0,0,2026-07-29T20:33:16.000Z
Broadcom Inc,broadcom-inc-derivatives,ApeX Omni,apex-omni,AVGO/USDT,perpetual,365.10725161,141876.22523132,0.0,0.0,0.0,0,2026-07-29T20:33:17.000Z
Broadcom Inc,broadcom-inc-derivatives,Zoomex,zoomex,AVGO/USDT,perpetual,366.52560933,95480.21570939,0.0,0.0,0.0,0,2026-07-29T20:33:17.000Z
Broadcom Inc,broadcom-inc-derivatives,YUBIT,yubit,AVGO/USDT,perpetual,366.08892015,79749.70039492,0.0,0.0,0.0,0,2026-07-29T20:33:15.000Z
Broadcom Inc,broadcom-inc-derivatives,BitMart,bitmart,AVGO/USDT,perpetual,383.69578285,0.0,0.0,0.0,0.0,0,2026-07-29T20:33:16.000Z
Broadcom Inc,broadcom-inc-derivatives,ADEN,aden-decentralized-derivatives-exchange,AVGO/USDT,perpetual,365.78668158,0.0,0.0,0.0,0.0,0,2026-07-29T20:30:56.000Z
Broadcom Inc,broadcom-inc-derivatives,BYDFi,bydfi,AVGO/USDT,perpetual,367.56440653,121562.7855459,0.0,0.0,0.0,0,2026-07-29T20:33:16.000Z
Broadcom Inc,broadcom-inc-derivatives,BTSE,btse,AVGO/USDT,perpetual,366.1874033375129,327619.8642,,,,0,2026-07-29T20:27:15.447Z
Broadcom Inc,broadcom-inc-derivatives,BTSE,btse,AVGO/USDT,perpetual,366.1874033375129,327619.8642,,,,0,2026-07-29T20:27:15.447Z
Broadcom Inc,broadcom-inc-derivatives,Lighter,lighter,AVGO/USDC,perpetual,366.1874033375129,0.0,,,,0,2026-07-29T20:33:15.315Z
Broadcom Inc,broadcom-inc-derivatives,DeriW,deriw,AVGO/USDT,perpetual,366.1874033375129,0.0,,,,0,2026-07-29T20:33:15.453Z
Broadcom Inc,broadcom-inc-derivatives,DeriW,deriw,AVGO/USDT,perpetual,366.1874033375129,0.0,,,,0,2026-07-29T20:33:15.453Z
Allbirds Inc,allbirds-inc-derivatives,Hyperliquid,hyperliquid,xyz:BIRD/USDC,perpetual,2.25444951,119970.20590527,0.0,0.0,0.0,0,2026-07-29T20:33:26.000Z
Allbirds Inc,allbirds-inc-derivatives,ADEN,aden-decentralized-derivatives-exchange,BIRD/USDT,perpetual,2.254605397124959,0.0,,,,0,2026-07-29T20:30:56.831Z
Allbirds Inc,allbirds-inc-derivatives,ADEN,aden-decentralized-derivatives-exchange,BIRD/USDT,perpetual,2.254605397124959,0.0,,,,0,2026-07-29T20:30:56.831Z
GameStop Corp,gamestop-corp-derivatives,Binance,binance,GME/USDT,perpetual,21.81133758,499130.21970005,0.0,0.0,0.0,0,2026-07-29T20:33:17.000Z
GameStop Corp,gamestop-corp-derivatives,Aster,aster-pro,GME/USDT,perpetual,21.29534266,41983.07886198,0.0,0.0,0.0,0,2026-07-29T20:33:15.000Z
GameStop Corp,gamestop-corp-derivatives,KuCoin,kucoin,GME/USDT,perpetual,21.79136383,817886.75164785,0.0,0.0,0.0,0,2026-07-29T20:33:19.000Z
GameStop Corp,gamestop-corp-derivatives,Hyperliquid,hyperliquid,xyz:GME/USDC,perpetual,21.7977106,786181.39072004,0.0,0.0,0.0,0,2026-07-29T20:33:26.000Z
GameStop Corp,gamestop-corp-derivatives,OKX,okx,GME/USDT,perpetual,21.79289757,82627.77113528,0.0,0.0,0.0,0,2026-07-29T20:31:28.000Z
GameStop Corp,gamestop-corp-derivatives,Gate,gate,GME/USDT,perpetual,21.80534545,8756.49303499,0.0,0.0,0.0,0,2026-07-29T20:33:20.000Z
GameStop Corp,gamestop-corp-derivatives,HTX,htx,GME/USDT,perpetual,21.85624143,4976.97983369,0.0,0.0,0.0,0,2026-07-29T20:27:17.000Z
GameStop Corp,gamestop-corp-derivatives,Crypto.com Exchange,crypto-com-exchange,GME/USD,perpetual,22.23011628,1984.51309459,0.0,0.0,0.0,0,2026-07-29T12:30:18.000Z
GameStop Corp,gamestop-corp-derivatives,Phemex,phemex,GME/USDT,perpetual,21.80475283,39720.89288951,0.0,0.0,0.0,0,2026-07-29T20:33:16.000Z
GameStop Corp,gamestop-corp-derivatives,BingX,bingx,GME/USDT,perpetual,21.78477596,6600907.54722636,0.0,0.0,0.0,0,2026-07-29T20:33:18.000Z
GameStop Corp,gamestop-corp-derivatives,SunX,sunperp,GME/USDT,perpetual,21.46514605,915871.15211329,0.0,0.0,0.0,0,2026-07-29T20:33:16.000Z
GameStop Corp,gamestop-corp-derivatives,OrangeX,orangex,GME/USDT,perpetual,21.81474127,534744.54290967,0.0,0.0,0.0,0,2026-07-29T20:33:15.000Z
GameStop Corp,gamestop-corp-derivatives,WhiteBIT,whitebit,GME/USDT,perpetual,21.8247297,238382.95704385,0.0,0.0,0.0,0,2026-07-29T20:33:15.000Z
GameStop Corp,gamestop-corp-derivatives,Bitrue,bitrue,GME/USDT,perpetual,21.78477596,105334.52383692,0.0,0.0,0.0,0,2026-07-29T20:33:16.000Z
GameStop Corp,gamestop-corp-derivatives,Hotcoin,hotcoin-global,GME/USDT,perpetual,21.81474127,79263.22313217,0.0,0.0,0.0,0,2026-07-29T20:33:21.000Z
GameStop Corp,gamestop-corp-derivatives,BitMart,bitmart,GME/USDT,perpetual,21.794019733852227,1607117.991,,,,0,2026-07-29T20:33:16.200Z
GameStop Corp,gamestop-corp-derivatives,BitMart,bitmart,GME/USDT,perpetual,21.794019733852227,1607117.991,,,,0,2026-07-29T20:33:16.200Z
GameStop Corp,gamestop-corp-derivatives,XT.COM,xt,GME/USDT,perpetual,21.794019733852227,1107358.362,,,,0,2026-07-29T20:33:41.739Z
GameStop Corp,gamestop-corp-derivatives,XT.COM,xt,GME/USDT,perpetual,21.794019733852227,1107358.362,,,,0,2026-07-29T20:33:41.739Z
GameStop Corp,gamestop-corp-derivatives,CoinW,coinw,GME/USDT,perpetual,21.794019733852227,575956.43,,,,0,2026-07-29T20:33:17.731Z
GameStop Corp,gamestop-corp-derivatives,CoinW,coinw,GME/USDT,perpetual,21.794019733852227,575956.43,,,,0,2026-07-29T20:33:17.731Z
GameStop Corp,gamestop-corp-derivatives,WEEX,weex,GME/USDT,perpetual,21.794019733852227,187077.787,,,,0,2026-07-29T20:33:17.791Z
GameStop Corp,gamestop-corp-derivatives,WEEX,weex,GME/USDT,perpetual,21.794019733852227,187077.787,,,,0,2026-07-29T20:33:17.791Z
GameStop Corp,gamestop-corp-derivatives,Lighter,lighter,GME/USDC,perpetual,21.794019733852227,0.0,,,,0,2026-07-29T20:33:15.315Z
GameStop Corp,gamestop-corp-derivatives,ADEN,aden-decentralized-derivatives-exchange,GME/USDT,perpetual,21.794019733852227,0.0,,,,0,2026-07-29T20:30:56.831Z
GameStop Corp,gamestop-corp-derivatives,ADEN,aden-decentralized-derivatives-exchange,GME/USDT,perpetual,21.794019733852227,0.0,,,,0,2026-07-29T20:30:56.831Z
GameStop Corp,gamestop-corp-derivatives,LBank,lbank,GME/USDT,perpetual,21.794019733852227,0.0,,,,0,2026-07-29T20:33:17.421Z
GameStop Corp,gamestop-corp-derivatives,LBank,lbank,GME/USDT,perpetual,21.794019733852227,0.0,,,,0,2026-07-29T20:33:17.421Z
Xiaomi Corp,xiaomi-corp-derivatives,Binance,binance,HK1810/USDT,perpetual,31.81818751,7337906.38402604,0.0,0.0,0.0,0,2026-07-29T20:33:17.000Z
Xiaomi Corp,xiaomi-corp-derivatives,Hyperliquid,hyperliquid,mkts:XIAOMI/USDC,perpetual,26.30341055,0.0,0.0,0.0,0.0,0,2026-07-29T20:33:26.000Z
Cerebras Systems,cerebras-systems-derivatives,Binance,binance,CBRS/USDT,perpetual,168.63839118,40437304.53362376,0.0,0.0,0.0,0,2026-07-29T20:33:17.000Z
Cerebras Systems,cerebras-systems-derivatives,Aster,aster-pro,CBRS/USDT,perpetual,168.64473056,63480.45759452,0.0,0.0,0.0,0,2026-07-29T20:33:15.000Z
Cerebras Systems,cerebras-systems-derivatives,KuCoin,kucoin,CBRS/USDT,perpetual,168.73825994,555363.42187973,0.0,0.0,0.0,0,2026-07-29T20:33:19.000Z
Cerebras Systems,cerebras-systems-derivatives,Hyperliquid,hyperliquid,xyz:CBRS/USDC,perpetual,168.48138726,28823067.9448688,0.0,0.0,0.0,0,2026-07-29T20:33:26.000Z
Cerebras Systems,cerebras-systems-derivatives,Bybit,bybit,CBRS/USDT,perpetual,168.61476526,9717783.01977998,0.0,0.0,0.0,0,2026-07-29T20:33:16.000Z
Cerebras Systems,cerebras-systems-derivatives,OKX,okx,CBRS/USDT,perpetual,168.63028532,7138249.82286696,0.0,0.0,0.0,0,2026-07-29T20:31:28.000Z
Cerebras Systems,cerebras-systems-derivatives,Gate,gate,CBRS/USDT,perpetual,168.27886364,1195666.76644918,0.0,0.0,0.0,0,2026-07-29T20:33:20.000Z
Cerebras Systems,cerebras-systems-derivatives,HTX,htx,CBRS/USDT,perpetual,168.61670723,10661.94905599,0.0,0.0,0.0,0,2026-07-29T20:27:17.000Z
Cerebras Systems,cerebras-systems-derivatives,Bitget,bitget,CBRS/USDT,perpetual,168.62475369,12863998.26186153,0.0,0.0,0.0,0,2026-07-29T20:33:16.000Z
Cerebras Systems,cerebras-systems-derivatives,Crypto.com Exchange,crypto-com-exchange,CBRS/USD,perpetual,189.95644369,37171.96588794,0.0,0.0,0.0,0,2026-07-29T12:30:18.000Z
Cerebras Systems,cerebras-systems-derivatives,Phemex,phemex,CBRS/USDT,perpetual,168.66470743,813466.35392164,0.0,0.0,0.0,0,2026-07-29T20:33:16.000Z
Cerebras Systems,cerebras-systems-derivatives,Biconomy.com,biconomy,CBRS/USDT,perpetual,168.80454551,8360520.76958027,0.0,0.0,0.0,0,2026-07-29T20:33:15.000Z
Cerebras Systems,cerebras-systems-derivatives,BingX,bingx,CBRS/USDT,perpetual,168.6846843,1638344.89216564,0.0,0.0,0.0,0,2026-07-29T20:33:18.000Z
Cerebras Systems,cerebras-systems-derivatives,SunX,sunperp,CBRS/USDT,perpetual,187.41299926,1022470.56976188,0.0,0.0,0.0,0,2026-07-29T20:33:16.000Z
Cerebras Systems,cerebras-systems-derivatives,LBank,lbank,CBRS/USDT,perpetual,168.67833869,16661648.09940036,0.0,0.0,0.0,0,2026-07-29T20:33:17.000Z
Cerebras Systems,cerebras-systems-derivatives,CoinW,coinw,CBRS/USDT,perpetual,168.74461491,13443515.6155736,0.0,0.0,0.0,0,2026-07-29T20:33:17.000Z
Cerebras Systems,cerebras-systems-derivatives,Tapbit,tapbit,CBRS/USDT,perpetual,168.7146496,8443730.90426405,0.0,0.0,0.0,0,2026-07-29T20:33:15.000Z
Cerebras Systems,cerebras-systems-derivatives,Ourbit,ourbit,CBRS/USDT,perpetual,168.70466117,7165808.37278421,0.0,0.0,0.0,0,2026-07-29T20:33:16.000Z
Cerebras Systems,cerebras-systems-derivatives,WhiteBIT,whitebit,CBRS/USDT,perpetual,168.66470743,7037203.78342364,0.0,0.0,0.0,0,2026-07-29T20:33:15.000Z
Cerebras Systems,cerebras-systems-derivatives,Bitrue,bitrue,CBRS/USDT,perpetual,168.77458021,5630430.85565681,0.0,0.0,0.0,0,2026-07-29T20:33:16.000Z
Cerebras Systems,cerebras-systems-derivatives,Hotcoin,hotcoin-global,CBRS/USDT,perpetual,168.62475369,5405425.19580116,0.0,0.0,0.0,0,2026-07-29T20:33:21.000Z
Cerebras Systems,cerebras-systems-derivatives,Toobit,toobit,CBRS/USDT,perpetual,168.70466117,3581582.93601427,0.0,0.0,0.0,0,2026-07-29T20:33:17.000Z
Cerebras Systems,cerebras-systems-derivatives,Zoomex,zoomex,CBRS/USDT,perpetual,168.61476526,2915334.905934,0.0,0.0,0.0,0,2026-07-29T20:33:17.000Z
Cerebras Systems,cerebras-systems-derivatives,YUBIT,yubit,CBRS/USDT,perpetual,168.68832556,1129982.91203367,0.0,0.0,0.0,0,2026-07-29T20:33:15.000Z
Cerebras Systems,cerebras-systems-derivatives,WEEX,weex,CBRS/USDT,perpetual,168.65836493,1114855.5448063,0.0,0.0,0.0,0,2026-07-29T20:33:17.000Z
Cerebras Systems,cerebras-systems-derivatives,KCEX,kcex,CBRS/USDT,perpetual,168.70466117,1071648.40749576,0.0,0.0,0.0,0,2026-07-29T20:33:15.000Z
Cerebras Systems,cerebras-systems-derivatives,MGBX,mgbx,CBRS/USDT,perpetual,177.24835484,894129.94502255,0.0,0.0,0.0,0,2026-07-29T15:15:16.000Z
Cerebras Systems,cerebras-systems-derivatives,OrangeX,orangex,CBRS/USDT,perpetual,168.70466117,877174.64181726,0.0,0.0,0.0,0,2026-07-29T20:33:15.000Z
Cerebras Systems,cerebras-systems-derivatives,Lighter,lighter,CBRS/USDC,perpetual,168.53002766,606638.56613346,0.0,0.0,0.0,0,2026-07-29T20:33:15.000Z
Cerebras Systems,cerebras-systems-derivatives,Pionex,pionex,CBRS/USDT,perpetual,168.77458021,397142.66791705,0.0,0.0,0.0,0,2026-07-29T20:33:16.000Z
Cerebras Systems,cerebras-systems-derivatives,Bitunix,bitunix,CBRS/USDT,perpetual,168.67306106,333566.1555222,0.0,0.0,0.0,0,2026-07-29T20:24:16.000Z
Cerebras Systems,cerebras-systems-derivatives,Coinbase International Exchange,coinbase-international-exchange,CBRS/USDC,perpetual,169.21704442,179769.41651585,0.0,0.0,0.0,0,2026-07-29T20:33:16.000Z
Cerebras Systems,cerebras-systems-derivatives,ApeX Omni,apex-omni,CBRS/USDT,perpetual,168.31511222,139840.44411045,0.0,0.0,0.0,0,2026-07-29T20:33:17.000Z
Cerebras Systems,cerebras-systems-derivatives,BloFin,blofin,CBRS/USDT,perpetual,168.72463804,119041.00125572,0.0,0.0,0.0,0,2026-07-29T20:33:16.000Z
Cerebras Systems,cerebras-systems-derivatives,BitMart,bitmart,CBRS/USDT,perpetual,196.78140826,0.0,0.0,0.0,0.0,0,2026-07-29T20:33:16.000Z
Cerebras Systems,cerebras-systems-derivatives,ADEN,aden-decentralized-derivatives-exchange,CBRS/USDT,perpetual,168.40970648,0.0,0.0,0.0,0.0,0,2026-07-29T20:30:56.000Z
Cerebras Systems,cerebras-systems-derivatives,BYDFi,bydfi,CBRS/USDT,perpetual,169.14415229,356068.60722607,0.0,0.0,0.0,0,2026-07-29T20:33:16.000Z
Cerebras Systems,cerebras-systems-derivatives,BTSE,btse,CBRS/USDT,perpetual,168.46484306049433,1691769.175,,,,0,2026-07-29T20:27:15.447Z
Cerebras Systems,cerebras-systems-derivatives,BTSE,btse,CBRS/USDT,perpetual,168.46484306049433,1691769.175,,,,0,2026-07-29T20:27:15.447Z
Cerebras Systems,cerebras-systems-derivatives,Fillx,fillx,CBRS/USDC,perpetual,168.46484306049433,0.0,,,,0,2026-07-29T20:33:16.593Z
Cerebras Systems,cerebras-systems-derivatives,ADEN,aden-decentralized-derivatives-exchange,CBRS/USDC,perpetual,168.46484306049433,0.0,,,,0,2026-07-29T20:30:56.831Z
Qualcomm,qualcomm-derivatives,Binance,binance,QCOM/USDT,perpetual,148.69459945,22754761.92849851,0.0,0.0,0.0,0,2026-07-29T20:33:17.000Z
Qualcomm,qualcomm-derivatives,Aster,aster-pro,QCOM/USDT,perpetual,148.47808101,53830.01160021,0.0,0.0,0.0,0,2026-07-29T20:33:15.000Z
Qualcomm,qualcomm-derivatives,KuCoin,kucoin,QCOM/USDT,perpetual,148.75452071,625975.85741442,0.0,0.0,0.0,0,2026-07-29T20:33:19.000Z
Qualcomm,qualcomm-derivatives,Hyperliquid,hyperliquid,xyz:QCOM/USDC,perpetual,148.35719379,2982208.62924483,0.0,0.0,0.0,0,2026-07-29T20:33:26.000Z
Qualcomm,qualcomm-derivatives,Bybit,bybit,QCOM/USDT,perpetual,148.6778497,1858566.76866223,0.0,0.0,0.0,0,2026-07-29T20:33:16.000Z
Qualcomm,qualcomm-derivatives,OKX,okx,QCOM/USDT,perpetual,148.62516441,1502407.19943035,0.0,0.0,0.0,0,2026-07-29T20:31:28.000Z
Qualcomm,qualcomm-derivatives,Gate,gate,QCOM/USDT,perpetual,148.90432385,1322535.04800712,0.0,0.0,0.0,0,2026-07-29T20:33:20.000Z
Qualcomm,qualcomm-derivatives,HTX,htx,QCOM/USDT,perpetual,149.35764256,12657.73556018,0.0,0.0,0.0,0,2026-07-29T20:27:17.000Z
Qualcomm,qualcomm-derivatives,Bitget,bitget,QCOM/USDT,perpetual,149.00746805,2809825.82212562,0.0,0.0,0.0,0,2026-07-29T20:33:16.000Z
Qualcomm,qualcomm-derivatives,Crypto.com Exchange,crypto-com-exchange,QCOM/USD,perpetual,162.98416939,726.47059578,0.0,0.0,0.0,0,2026-07-29T12:30:18.000Z
Qualcomm,qualcomm-derivatives,Phemex,phemex,QCOM/USDT,perpetual,148.59794223,884521.78774407,0.0,0.0,0.0,0,2026-07-29T20:33:16.000Z
Qualcomm,qualcomm-derivatives,BingX,bingx,QCOM/USDT,perpetual,148.81768779,1756692.03102696,0.0,0.0,0.0,0,2026-07-29T20:33:18.000Z
Qualcomm,qualcomm-derivatives,SunX,sunperp,QCOM/USDT,perpetual,169.67353933,914155.68201244,0.0,0.0,0.0,0,2026-07-29T20:33:16.000Z
Qualcomm,qualcomm-derivatives,Tapbit,tapbit,QCOM/USDT,perpetual,148.59794223,9833710.14988782,0.0,0.0,0.0,0,2026-07-29T20:33:15.000Z
Qualcomm,qualcomm-derivatives,WhiteBIT,whitebit,QCOM/USDT,perpetual,148.79771092,9726972.52318798,0.0,0.0,0.0,0,2026-07-29T20:33:15.000Z
Qualcomm,qualcomm-derivatives,CoinW,coinw,QCOM/USDT,perpetual,148.79771092,9037152.64106498,0.0,0.0,0.0,0,2026-07-29T20:33:17.000Z
Qualcomm,qualcomm-derivatives,LBank,lbank,QCOM/USDT,perpetual,148.76450758,8849049.42243421,0.0,0.0,0.0,0,2026-07-29T20:33:17.000Z
Qualcomm,qualcomm-derivatives,Ourbit,ourbit,QCOM/USDT,perpetual,148.74776875,3904361.35799819,0.0,0.0,0.0,0,2026-07-29T20:33:16.000Z
Qualcomm,qualcomm-derivatives,Bitrue,bitrue,QCOM/USDT,perpetual,148.66786127,3507728.73671114,0.0,0.0,0.0,0,2026-07-29T20:33:16.000Z
Qualcomm,qualcomm-derivatives,Hotcoin,hotcoin-global,QCOM/USDT,perpetual,148.78772248,2754279.88944673,0.0,0.0,0.0,0,2026-07-29T20:33:21.000Z
Qualcomm,qualcomm-derivatives,Echobit,echobit,QCOM/USDT,perpetual,148.62790753,2457170.07333766,0.0,0.0,0.0,0,2026-07-29T20:33:16.000Z
Qualcomm,qualcomm-derivatives,Toobit,toobit,QCOM/USDT,perpetual,148.81768779,2275259.29289843,0.0,0.0,0.0,0,2026-07-29T20:33:17.000Z
Qualcomm,qualcomm-derivatives,Bitunix,bitunix,QCOM/USDT,perpetual,148.58651367,1753292.62424591,0.0,0.0,0.0,0,2026-07-29T20:24:16.000Z
Qualcomm,qualcomm-derivatives,YUBIT,yubit,QCOM/USDT,perpetual,148.70458633,897312.15620207,0.0,0.0,0.0,0,2026-07-29T20:33:15.000Z
Qualcomm,qualcomm-derivatives,WEEX,weex,QCOM/USDT,perpetual,148.74453383,892316.49743007,0.0,0.0,0.0,0,2026-07-29T20:33:17.000Z
Qualcomm,qualcomm-derivatives,KCEX,kcex,QCOM/USDT,perpetual,148.6478844,626589.82829233,0.0,0.0,0.0,0,2026-07-29T20:33:15.000Z
Qualcomm,qualcomm-derivatives,Zoomex,zoomex,QCOM/USDT,perpetual,148.40816197,553908.548985,0.0,0.0,0.0,0,2026-07-29T20:33:17.000Z
Qualcomm,qualcomm-derivatives,MGBX,mgbx,QCOM/USDT,perpetual,159.85305151,332412.71265121,0.0,0.0,0.0,0,2026-07-29T15:15:16.000Z
Qualcomm,qualcomm-derivatives,OrangeX,orangex,QCOM/USDT,perpetual,148.68783814,290494.47384544,0.0,0.0,0.0,0,2026-07-29T20:33:15.000Z
Qualcomm,qualcomm-derivatives,BloFin,blofin,QCOM/USDT,perpetual,148.72779188,80996.6225731,0.0,0.0,0.0,0,2026-07-29T20:33:16.000Z
Qualcomm,qualcomm-derivatives,ADEN,aden-decentralized-derivatives-exchange,QCOM/USDT,perpetual,149.50107218,1270.67321058,0.0,0.0,0.0,0,2026-07-29T20:30:56.000Z
Qualcomm,qualcomm-derivatives,BitMart,bitmart,QCOM/USDT,perpetual,167.27018915,0.0,0.0,0.0,0.0,0,2026-07-29T20:33:16.000Z
Qualcomm,qualcomm-derivatives,BYDFi,bydfi,QCOM/USDT,perpetual,150.21606864,209898.68365873,0.0,0.0,0.0,0,2026-07-29T20:33:16.000Z
Qualcomm,qualcomm-derivatives,Lighter,lighter,QCOM/USDC,perpetual,149.01737600080685,0.0,,,,0,2026-07-29T20:33:15.315Z
Qualcomm,qualcomm-derivatives,DeriW,deriw,QCOM/USDT,perpetual,149.01737600080685,0.0,,,,0,2026-07-29T20:33:15.453Z
Qualcomm,qualcomm-derivatives,DeriW,deriw,QCOM/USDT,perpetual,149.01737600080685,0.0,,,,0,2026-07-29T20:33:15.453Z
State Street Energy Select Sector SPDR ETF,state-street-energy-select-sector-spdr-etf-derivatives,Binance,binance,XLE/USDT,perpetual,58.56304192,286436.23556156,0.0,0.0,0.0,0,2026-07-29T20:33:17.000Z
State Street Energy Select Sector SPDR ETF,state-street-energy-select-sector-spdr-etf-derivatives,Aster,aster-pro,XLE/USDT,perpetual,58.26253929,4405.31919308,0.0,0.0,0.0,0,2026-07-29T20:33:15.000Z
State Street Energy Select Sector SPDR ETF,state-street-energy-select-sector-spdr-etf-derivatives,KuCoin,kucoin,XLE/USDT,perpetual,58.60298943,1142988.49011809,0.0,0.0,0.0,0,2026-07-29T20:33:19.000Z
State Street Energy Select Sector SPDR ETF,state-street-energy-select-sector-spdr-etf-derivatives,Hyperliquid,hyperliquid,xyz:XLE/USDC,perpetual,58.57409934,1209349.29379011,0.0,0.0,0.0,0,2026-07-29T20:33:26.000Z
State Street Energy Select Sector SPDR ETF,state-street-energy-select-sector-spdr-etf-derivatives,OKX,okx,XLE/USDT,perpetual,58.6470644,146306.83156795,0.0,0.0,0.0,0,2026-07-29T20:31:28.000Z
State Street Energy Select Sector SPDR ETF,state-street-energy-select-sector-spdr-etf-derivatives,Bybit,bybit,XLE/USDT,perpetual,58.74198415,96297.42606233,0.0,0.0,0.0,0,2026-07-29T20:33:16.000Z
State Street Energy Select Sector SPDR ETF,state-street-energy-select-sector-spdr-etf-derivatives,HTX,htx,XLE/USDT,perpetual,58.78609728,45863.35233222,0.0,0.0,0.0,0,2026-07-29T20:27:17.000Z
State Street Energy Select Sector SPDR ETF,state-street-energy-select-sector-spdr-etf-derivatives,Gate,gate,XLE/USDT,perpetual,58.59300255,27870.37535669,0.0,0.0,0.0,0,2026-07-29T20:33:20.000Z
State Street Energy Select Sector SPDR ETF,state-street-energy-select-sector-spdr-etf-derivatives,Crypto.com Exchange,crypto-com-exchange,XLE/USD,perpetual,58.75673849,1742.8131039,0.0,0.0,0.0,0,2026-07-29T12:30:18.000Z
State Street Energy Select Sector SPDR ETF,state-street-energy-select-sector-spdr-etf-derivatives,MEXC,mexc,XLE/USDT,perpetual,58.55220389,104682.96865608,0.0,0.0,0.0,0,2026-07-29T20:33:16.000Z
State Street Energy Select Sector SPDR ETF,state-street-energy-select-sector-spdr-etf-derivatives,Phemex,phemex,XLE/USDT,perpetual,58.6121345,22801.04834669,0.0,0.0,0.0,0,2026-07-29T20:33:16.000Z
State Street Energy Select Sector SPDR ETF,state-street-energy-select-sector-spdr-etf-derivatives,BingX,bingx,XLE/USDT,perpetual,58.66168686,332913.29338163,0.0,0.0,0.0,0,2026-07-29T19:57:19.000Z
State Street Energy Select Sector SPDR ETF,state-street-energy-select-sector-spdr-etf-derivatives,SunX,sunperp,XLE/USDT,perpetual,58.23856705,329151.29663463,0.0,0.0,0.0,0,2026-07-29T20:33:16.000Z
State Street Energy Select Sector SPDR ETF,state-street-energy-select-sector-spdr-etf-derivatives,CoinW,coinw,XLE/USDT,perpetual,58.59215763,1635119.20710424,0.0,0.0,0.0,0,2026-07-29T20:33:17.000Z
State Street Energy Select Sector SPDR ETF,state-street-energy-select-sector-spdr-etf-derivatives,OrangeX,orangex,XLE/USDT,perpetual,58.6121345,736201.96049545,0.0,0.0,0.0,0,2026-07-29T20:33:15.000Z
State Street Energy Select Sector SPDR ETF,state-street-energy-select-sector-spdr-etf-derivatives,WhiteBIT,whitebit,XLE/USDT,perpetual,58.64209981,431074.14032912,0.0,0.0,0.0,0,2026-07-29T20:33:15.000Z
State Street Energy Select Sector SPDR ETF,state-street-energy-select-sector-spdr-etf-derivatives,WEEX,weex,XLE/USDT,perpetual,58.59300255,374241.45884095,0.0,0.0,0.0,0,2026-07-29T20:33:17.000Z
State Street Energy Select Sector SPDR ETF,state-street-energy-select-sector-spdr-etf-derivatives,Bitrue,bitrue,XLE/USDT,perpetual,58.62212294,311886.09469234,0.0,0.0,0.0,0,2026-07-29T20:33:16.000Z
State Street Energy Select Sector SPDR ETF,state-street-energy-select-sector-spdr-etf-derivatives,Ourbit,ourbit,XLE/USDT,perpetual,58.6121345,307124.86813534,0.0,0.0,0.0,0,2026-07-29T20:33:16.000Z
State Street Energy Select Sector SPDR ETF,state-street-energy-select-sector-spdr-etf-derivatives,LBank,lbank,XLE/USDT,perpetual,58.5730288,211807.26987553,0.0,0.0,0.0,0,2026-07-29T20:33:17.000Z
State Street Energy Select Sector SPDR ETF,state-street-energy-select-sector-spdr-etf-derivatives,Bitunix,bitunix,XLE/USDT,perpetual,58.6315431,84176.71712377,0.0,0.0,0.0,0,2026-07-29T20:24:16.000Z
State Street Energy Select Sector SPDR ETF,state-street-energy-select-sector-spdr-etf-derivatives,Toobit,toobit,XLE/USDT,perpetual,58.60214607,64281.56521241,0.0,0.0,0.0,0,2026-07-29T20:33:17.000Z
State Street Energy Select Sector SPDR ETF,state-street-energy-select-sector-spdr-etf-derivatives,Hotcoin,hotcoin-global,XLE/USDT,perpetual,58.5821692,49162.07648343,0.0,0.0,0.0,0,2026-07-29T20:33:21.000Z
State Street Energy Select Sector SPDR ETF,state-street-energy-select-sector-spdr-etf-derivatives,KCEX,kcex,XLE/USDT,perpetual,58.59215763,26020.02707319,0.0,0.0,0.0,0,2026-07-29T20:33:15.000Z
State Street Energy Select Sector SPDR ETF,state-street-energy-select-sector-spdr-etf-derivatives,YUBIT,yubit,XLE/USDT,perpetual,58.60298943,24104.73381098,0.0,0.0,0.0,0,2026-07-29T20:33:15.000Z
State Street Energy Select Sector SPDR ETF,state-street-energy-select-sector-spdr-etf-derivatives,BloFin,blofin,XLE/USDT,perpetual,58.6121345,5388.68667691,0.0,0.0,0.0,0,2026-07-29T20:33:16.000Z
State Street Energy Select Sector SPDR ETF,state-street-energy-select-sector-spdr-etf-derivatives,BitMart,bitmart,XLE/USDT,perpetual,59.92125708,0.0,0.0,0.0,0.0,0,2026-07-29T20:33:16.000Z
State Street Energy Select Sector SPDR ETF,state-street-energy-select-sector-spdr-etf-derivatives,BTSE,btse,XLE/USDT,perpetual,58.58138899053503,866798.833,,,,0,2026-07-29T20:27:15.447Z
State Street Energy Select Sector SPDR ETF,state-street-energy-select-sector-spdr-etf-derivatives,BTSE,btse,XLE/USDT,perpetual,58.58138899053503,866798.833,,,,0,2026-07-29T20:27:15.447Z
State Street Energy Select Sector SPDR ETF,state-street-energy-select-sector-spdr-etf-derivatives,ADEN,aden-decentralized-derivatives-exchange,XLE/USDT,perpetual,58.58138899053503,0.0,,,,0,2026-07-29T20:30:56.831Z
State Street Energy Select Sector SPDR ETF,state-street-energy-select-sector-spdr-etf-derivatives,ADEN,aden-decentralized-derivatives-exchange,XLE/USDT,perpetual,58.58138899053503,0.0,,,,0,2026-07-29T20:30:56.831Z
Lumentum Holdings,lumentum-holdings-derivatives,Binance,binance,LITE/USDT,perpetual,596.0367442,53977662.18769869,0.0,0.0,0.0,0,2026-07-29T20:33:17.000Z
Lumentum Holdings,lumentum-holdings-derivatives,Aster,aster-pro,LITE/USDT,perpetual,599.64568553,32658.09602217,0.0,0.0,0.0,0,2026-07-29T20:33:15.000Z
Lumentum Holdings,lumentum-holdings-derivatives,KuCoin,kucoin,LITE/USDT,perpetual,594.62859466,224912.57223162,0.0,0.0,0.0,0,2026-07-29T20:33:19.000Z
Lumentum Holdings,lumentum-holdings-derivatives,OKX,okx,LITE/USDT,perpetual,598.84525453,11504979.09925693,0.0,0.0,0.0,0,2026-07-29T20:31:28.000Z
Lumentum Holdings,lumentum-holdings-derivatives,Gate,gate,LITE/USDT,perpetual,595.71716416,5221001.04823145,0.0,0.0,0.0,0,2026-07-29T20:33:20.000Z
Lumentum Holdings,lumentum-holdings-derivatives,Hyperliquid,hyperliquid,xyz:LITE/USDC,perpetual,595.42819827,3988364.66258386,0.0,0.0,0.0,0,2026-07-29T20:33:26.000Z
Lumentum Holdings,lumentum-holdings-derivatives,Bybit,bybit,LITE/USDT,perpetual,596.23962931,3373436.77315634,0.0,0.0,0.0,0,2026-07-29T20:33:16.000Z
Lumentum Holdings,lumentum-holdings-derivatives,HTX,htx,LITE/USDT,perpetual,598.26965813,54400.77379049,0.0,0.0,0.0,0,2026-07-29T20:27:17.000Z
Lumentum Holdings,lumentum-holdings-derivatives,Bitget,bitget,LITE/USDT,perpetual,595.74020758,9826196.8262939,0.0,0.0,0.0,0,2026-07-29T20:33:16.000Z
Lumentum Holdings,lumentum-holdings-derivatives,Crypto.com Exchange,crypto-com-exchange,LITE/USD,perpetual,651.53649544,4765.43861346,0.0,0.0,0.0,0,2026-07-29T12:30:18.000Z
Lumentum Holdings,lumentum-holdings-derivatives,Phemex,phemex,LITE/USDT,perpetual,596.76901635,796302.08629009,0.0,0.0,0.0,0,2026-07-29T20:33:16.000Z
Lumentum Holdings,lumentum-holdings-derivatives,SunX,sunperp,LITE/USDT,perpetual,716.57030149,2646023.16654969,0.0,0.0,0.0,0,2026-07-29T20:33:16.000Z
Lumentum Holdings,lumentum-holdings-derivatives,BingX,bingx,LITE/USDT,perpetual,596.19967558,1690111.59282106,0.0,0.0,0.0,0,2026-07-29T20:33:18.000Z
Lumentum Holdings,lumentum-holdings-derivatives,CoinW,coinw,LITE/USDT,perpetual,596.07981436,23336969.8368424,0.0,0.0,0.0,0,2026-07-29T20:33:17.000Z
Lumentum Holdings,lumentum-holdings-derivatives,Tapbit,tapbit,LITE/USDT,perpetual,596.05983749,13621655.3281363,0.0,0.0,0.0,0,2026-07-29T20:33:15.000Z
Lumentum Holdings,lumentum-holdings-derivatives,LBank,lbank,LITE/USDT,perpetual,595.42754475,12759131.21047547,0.0,0.0,0.0,0,2026-07-29T20:33:17.000Z
Lumentum Holdings,lumentum-holdings-derivatives,Toobit,toobit,LITE/USDT,perpetual,596.20966401,8772880.96291211,0.0,0.0,0.0,0,2026-07-29T20:33:17.000Z
Lumentum Holdings,lumentum-holdings-derivatives,Ourbit,ourbit,LITE/USDT,perpetual,596.18968714,8066223.39505669,0.0,0.0,0.0,0,2026-07-29T20:33:16.000Z
Lumentum Holdings,lumentum-holdings-derivatives,Bitrue,bitrue,LITE/USDT,perpetual,596.1197681,7515676.55955924,0.0,0.0,0.0,0,2026-07-29T20:33:16.000Z
Lumentum Holdings,lumentum-holdings-derivatives,WhiteBIT,whitebit,LITE/USDT,perpetual,596.36947897,6836659.45589414,0.0,0.0,0.0,0,2026-07-29T20:33:15.000Z
Lumentum Holdings,lumentum-holdings-derivatives,Hotcoin,hotcoin-global,LITE/USDT,perpetual,595.92998784,6445525.88969122,0.0,0.0,0.0,0,2026-07-29T20:33:21.000Z
Lumentum Holdings,lumentum-holdings-derivatives,WEEX,weex,LITE/USDT,perpetual,596.01677045,4522349.19781676,0.0,0.0,0.0,0,2026-07-29T20:33:17.000Z
Lumentum Holdings,lumentum-holdings-derivatives,DigiFinex,digifinex,LITE/USDT,perpetual,596.10977966,2054915.59355741,0.0,0.0,0.0,0,2026-07-29T20:33:16.000Z
Lumentum Holdings,lumentum-holdings-derivatives,YUBIT,yubit,LITE/USDT,perpetual,596.04673108,1636869.13951296,0.0,0.0,0.0,0,2026-07-29T20:33:15.000Z
Lumentum Holdings,lumentum-holdings-derivatives,KCEX,kcex,LITE/USDT,perpetual,596.16971027,1461414.98581913,0.0,0.0,0.0,0,2026-07-29T20:33:15.000Z
Lumentum Holdings,lumentum-holdings-derivatives,MGBX,mgbx,LITE/USDT,perpetual,608.44616951,1259936.55756614,0.0,0.0,0.0,0,2026-07-29T15:15:16.000Z
Lumentum Holdings,lumentum-holdings-derivatives,Zoomex,zoomex,LITE/USDT,perpetual,596.23962931,1012031.0319469,0.0,0.0,0.0,0,2026-07-29T20:33:17.000Z
Lumentum Holdings,lumentum-holdings-derivatives,Bitunix,bitunix,LITE/USDT,perpetual,598.97065509,598982.63110589,0.0,0.0,0.0,0,2026-07-29T20:24:16.000Z
Lumentum Holdings,lumentum-holdings-derivatives,OrangeX,orangex,LITE/USDT,perpetual,595.94996471,557201.40068586,0.0,0.0,0.0,0,2026-07-29T20:33:15.000Z
Lumentum Holdings,lumentum-holdings-derivatives,ApeX Omni,apex-omni,LITE/USDT,perpetual,596.6092014,263996.65399634,0.0,0.0,0.0,0,2026-07-29T20:33:17.000Z
Lumentum Holdings,lumentum-holdings-derivatives,BloFin,blofin,LITE/USDT,perpetual,595.51047359,210182.31564847,0.0,0.0,0.0,0,2026-07-29T20:33:16.000Z
Lumentum Holdings,lumentum-holdings-derivatives,Coinbase International Exchange,coinbase-international-exchange,LITE/USDC,perpetual,598.30347843,41583.13394812,0.0,0.0,0.0,0,2026-07-29T20:33:16.000Z
Lumentum Holdings,lumentum-holdings-derivatives,Lighter,lighter,LITE/USDC,perpetual,636.74341134,6753.69602099,0.0,0.0,0.0,0,2026-07-29T20:33:15.000Z
Lumentum Holdings,lumentum-holdings-derivatives,ADEN,aden-decentralized-derivatives-exchange,LITE/USDT,perpetual,594.17861151,1518.13189615,0.0,0.0,0.0,0,2026-07-29T20:30:56.000Z
Lumentum Holdings,lumentum-holdings-derivatives,BitMart,bitmart,LITE/USDT,perpetual,767.10194629,0.0,0.0,0.0,0.0,0,2026-07-29T20:33:16.000Z
Lumentum Holdings,lumentum-holdings-derivatives,BTSE,btse,LITE/USDT,perpetual,593.7885192099965,915995.689,,,,0,2026-07-29T20:27:15.447Z
Lumentum Holdings,lumentum-holdings-derivatives,BTSE,btse,LITE/USDT,perpetual,593.7885192099965,915995.689,,,,0,2026-07-29T20:27:15.447Z
Lumentum Holdings,lumentum-holdings-derivatives,Fillx,fillx,LITE/USDC,perpetual,593.7885192099965,0.0,,,,0,2026-07-29T20:33:16.593Z
Lumentum Holdings,lumentum-holdings-derivatives,ADEN,aden-decentralized-derivatives-exchange,LITE/USDC,perpetual,593.7885192099965,0.0,,,,0,2026-07-29T20:30:56.831Z
Roundhill Memory ETF,roundhill-memory-etf-derivatives,Binance,binance,DRAM/USDT,perpetual,43.9822027,865578075.7273471,0.0,0.0,0.0,0,2026-07-29T20:33:17.000Z
Roundhill Memory ETF,roundhill-memory-etf-derivatives,Aster,aster-pro,DRAM/USDT,perpetual,43.9091587,576677.02036173,0.0,0.0,0.0,0,2026-07-29T20:33:15.000Z
Roundhill Memory ETF,roundhill-memory-etf-derivatives,KuCoin,kucoin,DRAM/USDT,perpetual,43.99218957,3441246.70969699,0.0,0.0,0.0,0,2026-07-29T20:33:19.000Z
Roundhill Memory ETF,roundhill-memory-etf-derivatives,Hyperliquid,hyperliquid,xyz:DRAM/USDC,perpetual,43.93132429,599987102.6919068,0.0,0.0,0.0,0,2026-07-29T20:33:26.000Z
Roundhill Memory ETF,roundhill-memory-etf-derivatives,OKX,okx,DRAM/USDT,perpetual,44.25496294,95293640.80571377,0.0,0.0,0.0,0,2026-07-29T20:31:28.000Z
Roundhill Memory ETF,roundhill-memory-etf-derivatives,Bybit,bybit,DRAM/USDT,perpetual,43.91914714,56256055.41784881,0.0,0.0,0.0,0,2026-07-29T20:33:16.000Z
Roundhill Memory ETF,roundhill-memory-etf-derivatives,Gate,gate,DRAM/USDT,perpetual,43.93226832,27052950.54001401,0.0,0.0,0.0,0,2026-07-29T20:33:20.000Z
Roundhill Memory ETF,roundhill-memory-etf-derivatives,HTX,htx,DRAM/USDT,perpetual,44.27187479,118803.84370478,0.0,0.0,0.0,0,2026-07-29T20:27:17.000Z
Roundhill Memory ETF,roundhill-memory-etf-derivatives,Bitget,bitget,DRAM/USDT,perpetual,43.91914714,151348829.69301084,0.0,0.0,0.0,0,2026-07-29T20:33:16.000Z
Roundhill Memory ETF,roundhill-memory-etf-derivatives,Crypto.com Exchange,crypto-com-exchange,DRAM/USD,perpetual,46.96137076,417084.24299125,0.0,0.0,0.0,0,2026-07-29T12:30:18.000Z
Roundhill Memory ETF,roundhill-memory-etf-derivatives,MEXC,mexc,DRAM/USDT,perpetual,43.92913557,20463400.67540631,0.0,0.0,0.0,0,2026-07-29T20:33:16.000Z
Roundhill Memory ETF,roundhill-memory-etf-derivatives,Phemex,phemex,DRAM/USDT,perpetual,43.88918183,1621935.98542095,0.0,0.0,0.0,0,2026-07-29T20:33:16.000Z
Roundhill Memory ETF,roundhill-memory-etf-derivatives,Biconomy.com,biconomy,DRAM/USDT,perpetual,43.98906618,81807481.88304673,0.0,0.0,0.0,0,2026-07-29T20:33:15.000Z
Roundhill Memory ETF,roundhill-memory-etf-derivatives,BingX,bingx,DRAM/USDT,perpetual,43.91914714,4380707.8099704,0.0,0.0,0.0,0,2026-07-29T20:33:18.000Z
Roundhill Memory ETF,roundhill-memory-etf-derivatives,SunX,sunperp,DRAM/USDT,perpetual,51.88991799,2750074.10022298,0.0,0.0,0.0,0,2026-07-29T20:33:16.000Z
Roundhill Memory ETF,roundhill-memory-etf-derivatives,Tapbit,tapbit,DRAM/USDT,perpetual,43.95910088,425062455.58980507,0.0,0.0,0.0,0,2026-07-29T20:33:15.000Z
Roundhill Memory ETF,roundhill-memory-etf-derivatives,LBank,lbank,DRAM/USDT,perpetual,43.92228144,330478844.57339054,0.0,0.0,0.0,0,2026-07-29T20:33:17.000Z
Roundhill Memory ETF,roundhill-memory-etf-derivatives,CoinW,coinw,DRAM/USDT,perpetual,43.95910088,165065541.70223647,0.0,0.0,0.0,0,2026-07-29T20:33:17.000Z
Roundhill Memory ETF,roundhill-memory-etf-derivatives,Ourbit,ourbit,DRAM/USDT,perpetual,43.93912401,163452115.13787356,0.0,0.0,0.0,0,2026-07-29T20:33:16.000Z
Roundhill Memory ETF,roundhill-memory-etf-derivatives,Hotcoin,hotcoin-global,DRAM/USDT,perpetual,43.95910088,79454862.23813012,0.0,0.0,0.0,0,2026-07-29T20:33:21.000Z
Roundhill Memory ETF,roundhill-memory-etf-derivatives,Toobit,toobit,DRAM/USDT,perpetual,43.93912401,54124083.94643034,0.0,0.0,0.0,0,2026-07-29T20:33:17.000Z
Roundhill Memory ETF,roundhill-memory-etf-derivatives,YUBIT,yubit,DRAM/USDT,perpetual,43.91229457,32566728.18859201,0.0,0.0,0.0,0,2026-07-29T20:33:15.000Z
Roundhill Memory ETF,roundhill-memory-etf-derivatives,DigiFinex,digifinex,DRAM/USDT,perpetual,43.94911244,31071409.84569397,0.0,0.0,0.0,0,2026-07-29T20:33:16.000Z
Roundhill Memory ETF,roundhill-memory-etf-derivatives,KCEX,kcex,DRAM/USDT,perpetual,43.96908931,27129952.4948014,0.0,0.0,0.0,0,2026-07-29T20:33:15.000Z
Roundhill Memory ETF,roundhill-memory-etf-derivatives,Ondo Perps,ondoperps,DRAM/USD,perpetual,43.92595081,18914035.62743282,0.0,0.0,0.0,0,2026-07-29T20:33:16.000Z
Roundhill Memory ETF,roundhill-memory-etf-derivatives,WhiteBIT,whitebit,DRAM/USDT,perpetual,43.9091587,18249422.15985614,0.0,0.0,0.0,0,2026-07-29T20:33:15.000Z
Roundhill Memory ETF,roundhill-memory-etf-derivatives,MGBX,mgbx,DRAM/USDT,perpetual,45.74505428,18064797.08346393,0.0,0.0,0.0,0,2026-07-29T15:15:16.000Z
Roundhill Memory ETF,roundhill-memory-etf-derivatives,Zoomex,zoomex,DRAM/USDT,perpetual,43.94911244,16876286.83938033,0.0,0.0,0.0,0,2026-07-29T20:33:17.000Z
Roundhill Memory ETF,roundhill-memory-etf-derivatives,Bitunix,bitunix,DRAM/USDT,perpetual,44.31825498,9467196.92990725,0.0,0.0,0.0,0,2026-07-29T20:24:16.000Z
Roundhill Memory ETF,roundhill-memory-etf-derivatives,WEEX,weex,DRAM/USDT,perpetual,43.94225519,3959388.7901859,0.0,0.0,0.0,0,2026-07-29T20:33:17.000Z
Roundhill Memory ETF,roundhill-memory-etf-derivatives,Coinbase International Exchange,coinbase-international-exchange,DRAM/USDC,perpetual,44.01142863,2282283.11047018,0.0,0.0,0.0,0,2026-07-29T20:33:16.000Z
Roundhill Memory ETF,roundhill-memory-etf-derivatives,Lighter,lighter,DRAM/USDC,perpetual,43.63747136,1832274.50550964,0.0,0.0,0.0,0,2026-07-29T20:33:15.000Z
Roundhill Memory ETF,roundhill-memory-etf-derivatives,OrangeX,orangex,DRAM/USDT,perpetual,43.95910088,831101.24902563,0.0,0.0,0.0,0,2026-07-29T20:33:15.000Z
Roundhill Memory ETF,roundhill-memory-etf-derivatives,BloFin,blofin,DRAM/USDT,perpetual,43.95910088,129019.87487205,0.0,0.0,0.0,0,2026-07-29T20:33:16.000Z
Roundhill Memory ETF,roundhill-memory-etf-derivatives,ApeX Omni,apex-omni,DRAM/USDT,perpetual,44.06897366,123836.86734449,0.0,0.0,0.0,0,2026-07-29T20:33:17.000Z
Roundhill Memory ETF,roundhill-memory-etf-derivatives,ADEN,aden-decentralized-derivatives-exchange,DRAM/USDT,perpetual,44.00028215,3657.24451894,0.0,0.0,0.0,0,2026-07-29T20:30:56.000Z
Roundhill Memory ETF,roundhill-memory-etf-derivatives,BitMart,bitmart,DRAM/USDT,perpetual,53.60955134,0.0,0.0,0.0,0.0,0,2026-07-29T20:33:16.000Z
Roundhill Memory ETF,roundhill-memory-etf-derivatives,BYDFi,bydfi,DRAM/USDT,perpetual,44.33866139,7946950.59825114,0.0,0.0,0.0,0,2026-07-29T20:33:16.000Z
Roundhill Memory ETF,roundhill-memory-etf-derivatives,BTSE,btse,DRAM/USDT,perpetual,43.88594597905336,2380414.876,,,,0,2026-07-29T20:27:15.447Z
Roundhill Memory ETF,roundhill-memory-etf-derivatives,BTSE,btse,DRAM/USDT,perpetual,43.88594597905336,2380414.876,,,,0,2026-07-29T20:27:15.447Z
Roundhill Memory ETF,roundhill-memory-etf-derivatives,Fillx,fillx,DRAM/USDC,perpetual,43.88594597905336,0.0,,,,0,2026-07-29T20:33:16.593Z
Roundhill Memory ETF,roundhill-memory-etf-derivatives,ADEN,aden-decentralized-derivatives-exchange,DRAM/USDC,perpetual,43.88594597905336,0.0,,,,0,2026-07-29T20:30:56.831Z
Marvell Technology,marvell-technology-derivatives,Binance,binance,MRVL/USDT,perpetual,160.84862776,159605629.91285598,0.0,0.0,0.0,0,2026-07-29T20:33:17.000Z
Marvell Technology,marvell-technology-derivatives,Aster,aster-pro,MRVL/USDT,perpetual,160.63400597,240590.54633243,0.0,0.0,0.0,0,2026-07-29T20:33:15.000Z
Marvell Technology,marvell-technology-derivatives,KuCoin,kucoin,MRVL/USDT,perpetual,160.61892961,814650.70795412,0.0,0.0,0.0,0,2026-07-29T20:33:19.000Z
Marvell Technology,marvell-technology-derivatives,OKX,okx,MRVL/USDT,perpetual,161.60901722,41922680.01948678,0.0,0.0,0.0,0,2026-07-29T20:31:28.000Z
Marvell Technology,marvell-technology-derivatives,Hyperliquid,hyperliquid,xyz:MRVL/USDC,perpetual,160.75361699,35419248.39971536,0.0,0.0,0.0,0,2026-07-29T20:33:26.000Z
Marvell Technology,marvell-technology-derivatives,Bybit,bybit,MRVL/USDT,perpetual,160.90369371,7758440.19574626,0.0,0.0,0.0,0,2026-07-29T20:33:16.000Z
Marvell Technology,marvell-technology-derivatives,Gate,gate,MRVL/USDT,perpetual,160.75874588,2502546.38735587,0.0,0.0,0.0,0,2026-07-29T20:33:20.000Z
Marvell Technology,marvell-technology-derivatives,HTX,htx,MRVL/USDT,perpetual,162.08380874,47263.41367231,0.0,0.0,0.0,0,2026-07-29T20:27:17.000Z
Marvell Technology,marvell-technology-derivatives,Crypto.com Exchange,crypto-com-exchange,MRVL/USD,perpetual,172.45848087,28504.78170278,0.0,0.0,0.0,0,2026-07-29T12:30:18.000Z
Marvell Technology,marvell-technology-derivatives,Phemex,phemex,MRVL/USDT,perpetual,160.76385563,1095510.62224489,0.0,0.0,0.0,0,2026-07-29T20:33:16.000Z
Marvell Technology,marvell-technology-derivatives,Biconomy.com,biconomy,MRVL/USDT,perpetual,160.83377467,15195381.35204414,0.0,0.0,0.0,0,2026-07-29T20:33:15.000Z
Marvell Technology,marvell-technology-derivatives,SunX,sunperp,MRVL/USDT,perpetual,188.60162298,3283864.02466108,0.0,0.0,0.0,0,2026-07-29T20:33:16.000Z
Marvell Technology,marvell-technology-derivatives,BingX,bingx,MRVL/USDT,perpetual,160.79382093,2483958.39781884,0.0,0.0,0.0,0,2026-07-29T20:33:18.000Z
Marvell Technology,marvell-technology-derivatives,LBank,lbank,MRVL/USDT,perpetual,160.84862776,81372429.60021552,0.0,0.0,0.0,0,2026-07-29T20:33:17.000Z
Marvell Technology,marvell-technology-derivatives,CoinW,coinw,MRVL/USDT,perpetual,160.87372841,49569162.71864054,0.0,0.0,0.0,0,2026-07-29T20:33:17.000Z
Marvell Technology,marvell-technology-derivatives,Deepcoin,deepcoin,MRVL/USDT,perpetual,160.83377467,24052303.39213288,0.0,0.0,0.0,0,2026-07-29T20:33:15.000Z
Marvell Technology,marvell-technology-derivatives,Ourbit,ourbit,MRVL/USDT,perpetual,160.87372841,23298611.68137393,0.0,0.0,0.0,0,2026-07-29T20:33:16.000Z
Marvell Technology,marvell-technology-derivatives,Tapbit,tapbit,MRVL/USDT,perpetual,160.85375154,19145585.60592047,0.0,0.0,0.0,0,2026-07-29T20:33:15.000Z
Marvell Technology,marvell-technology-derivatives,Hotcoin,hotcoin-global,MRVL/USDT,perpetual,160.83377467,17903608.8671625,0.0,0.0,0.0,0,2026-07-29T20:33:21.000Z
Marvell Technology,marvell-technology-derivatives,Toobit,toobit,MRVL/USDT,perpetual,160.86373997,12707225.86842408,0.0,0.0,0.0,0,2026-07-29T20:33:17.000Z
Marvell Technology,marvell-technology-derivatives,OrangeX,orangex,MRVL/USDT,perpetual,160.82378623,12522640.66323319,0.0,0.0,0.0,0,2026-07-29T20:33:15.000Z
Marvell Technology,marvell-technology-derivatives,WhiteBIT,whitebit,MRVL/USDT,perpetual,160.76385563,9950936.0290472,0.0,0.0,0.0,0,2026-07-29T20:33:15.000Z
Marvell Technology,marvell-technology-derivatives,Coinbase International Exchange,coinbase-international-exchange,MRVL/USDC,perpetual,160.5287365,8120087.82713272,0.0,0.0,0.0,0,2026-07-29T20:33:16.000Z
Marvell Technology,marvell-technology-derivatives,DigiFinex,digifinex,MRVL/USDT,perpetual,160.79382093,6145692.59003441,0.0,0.0,0.0,0,2026-07-29T20:33:16.000Z
Marvell Technology,marvell-technology-derivatives,MGBX,mgbx,MRVL/USDT,perpetual,167.40233355,3714524.59147607,0.0,0.0,0.0,0,2026-07-29T15:15:16.000Z
Marvell Technology,marvell-technology-derivatives,KCEX,kcex,MRVL/USDT,perpetual,160.87372841,2780857.65542824,0.0,0.0,0.0,0,2026-07-29T20:33:15.000Z
Marvell Technology,marvell-technology-derivatives,Zoomex,zoomex,MRVL/USDT,perpetual,160.90369371,2327532.05872388,0.0,0.0,0.0,0,2026-07-29T20:33:17.000Z
Marvell Technology,marvell-technology-derivatives,Bitunix,bitunix,MRVL/USDT,perpetual,161.78110795,1978294.97646767,0.0,0.0,0.0,0,2026-07-29T20:24:16.000Z
Marvell Technology,marvell-technology-derivatives,WEEX,weex,MRVL/USDT,perpetual,160.80868026,1390105.21890175,0.0,0.0,0.0,0,2026-07-29T20:33:17.000Z
Marvell Technology,marvell-technology-derivatives,Ondo Perps,ondoperps,MRVL/USD,perpetual,160.56519876,1146151.31876188,0.0,0.0,0.0,0,2026-07-29T20:33:16.000Z
Marvell Technology,marvell-technology-derivatives,BloFin,blofin,MRVL/USDT,perpetual,160.74387876,429884.09475259,0.0,0.0,0.0,0,2026-07-29T20:33:16.000Z
Marvell Technology,marvell-technology-derivatives,YUBIT,yubit,MRVL/USDT,perpetual,160.83864089,317309.93093569,0.0,0.0,0.0,0,2026-07-29T20:33:15.000Z
Marvell Technology,marvell-technology-derivatives,ApeX Omni,apex-omni,MRVL/USDT,perpetual,160.0346999,158434.73415546,0.0,0.0,0.0,0,2026-07-29T20:33:17.000Z
Marvell Technology,marvell-technology-derivatives,Lighter,lighter,MRVL/USDC,perpetual,161.9623648,121273.36929908,0.0,0.0,0.0,0,2026-07-29T20:33:15.000Z
Marvell Technology,marvell-technology-derivatives,ADEN,aden-decentralized-derivatives-exchange,MRVL/USDT,perpetual,160.49864554,35.19523136,0.0,0.0,0.0,0,2026-07-29T20:30:56.000Z
Marvell Technology,marvell-technology-derivatives,BitMart,bitmart,MRVL/USDT,perpetual,193.62555539,0.0,0.0,0.0,0.0,0,2026-07-29T20:33:16.000Z
Marvell Technology,marvell-technology-derivatives,BYDFi,bydfi,MRVL/USDT,perpetual,162.02239839,1486982.31104426,0.0,0.0,0.0,0,2026-07-29T20:33:16.000Z
Marvell Technology,marvell-technology-derivatives,BTSE,btse,MRVL/USDT,perpetual,160.35333561096945,1991247.719,,,,0,2026-07-29T20:27:15.447Z
Marvell Technology,marvell-technology-derivatives,BTSE,btse,MRVL/USDT,perpetual,160.35333561096945,1991247.719,,,,0,2026-07-29T20:27:15.447Z
Marvell Technology,marvell-technology-derivatives,Fillx,fillx,MRVL/USDC,perpetual,160.35333561096945,0.0,,,,0,2026-07-29T20:33:16.593Z
Marvell Technology,marvell-technology-derivatives,DeriW,deriw,MRVL/USDT,perpetual,160.35333561096945,0.0,,,,0,2026-07-29T20:33:15.453Z
Marvell Technology,marvell-technology-derivatives,DeriW,deriw,MRVL/USDT,perpetual,160.35333561096945,0.0,,,,0,2026-07-29T20:33:15.453Z
Marvell Technology,marvell-technology-derivatives,ADEN,aden-decentralized-derivatives-exchange,MRVL/USDC,perpetual,160.35333561096945,0.0,,,,0,2026-07-29T20:30:56.831Z
Blackstone,blackstone-derivatives,Binance,binance,BX/USDT,perpetual,129.38996779,1566846.40764481,0.0,0.0,0.0,0,2026-07-29T20:33:17.000Z
Blackstone,blackstone-derivatives,Aster,aster-pro,BX/USDT,perpetual,129.50005518,50352.00869122,0.0,0.0,0.0,0,2026-07-29T20:33:15.000Z
Blackstone,blackstone-derivatives,KuCoin,kucoin,BX/USDT,perpetual,129.41992842,512753.79247359,0.0,0.0,0.0,0,2026-07-29T20:33:19.000Z
Blackstone,blackstone-derivatives,Hyperliquid,hyperliquid,xyz:BX/USDC,perpetual,129.28269745,432587.42309111,0.0,0.0,0.0,0,2026-07-29T20:33:26.000Z
Blackstone,blackstone-derivatives,Bybit,bybit,BX/USDT,perpetual,129.3901824,227321.61009584,0.0,0.0,0.0,0,2026-07-29T20:33:16.000Z
Blackstone,blackstone-derivatives,OKX,okx,BX/USDT,perpetual,129.31917403,64473.36740399,0.0,0.0,0.0,0,2026-07-29T20:31:28.000Z
Blackstone,blackstone-derivatives,Gate,gate,BX/USDT,perpetual,129.55974469,22680.19580573,0.0,0.0,0.0,0,2026-07-29T20:33:20.000Z
Blackstone,blackstone-derivatives,HTX,htx,BX/USDT,perpetual,129.05970719,7174.47367433,0.0,0.0,0.0,0,2026-07-29T20:27:17.000Z
Blackstone,blackstone-derivatives,Bitget,bitget,BX/USDT,perpetual,129.30028649,94214.65714743,0.0,0.0,0.0,0,2026-07-29T20:33:16.000Z
Blackstone,blackstone-derivatives,BingX,bingx,BX/USDT,perpetual,129.33025179,1233968.56921357,0.0,0.0,0.0,0,2026-07-29T20:33:18.000Z
Blackstone,blackstone-derivatives,SunX,sunperp,BX/USDT,perpetual,131.59762646,55508.89146796,0.0,0.0,0.0,0,2026-07-29T20:33:16.000Z
Blackstone,blackstone-derivatives,LBank,lbank,BX/USDT,perpetual,129.31007278,1205002.28338506,0.0,0.0,0.0,0,2026-07-29T20:33:17.000Z
Blackstone,blackstone-derivatives,Ourbit,ourbit,BX/USDT,perpetual,129.44012458,1120645.40432072,0.0,0.0,0.0,0,2026-07-29T20:33:16.000Z
Blackstone,blackstone-derivatives,WhiteBIT,whitebit,BX/USDT,perpetual,129.21039058,1030392.36771374,0.0,0.0,0.0,0,2026-07-29T20:33:15.000Z
Blackstone,blackstone-derivatives,CoinW,coinw,BX/USDT,perpetual,129.37020553,818891.78605192,0.0,0.0,0.0,0,2026-07-29T20:33:17.000Z
Blackstone,blackstone-derivatives,Hotcoin,hotcoin-global,BX/USDT,perpetual,129.33025179,338725.79802326,0.0,0.0,0.0,0,2026-07-29T20:33:21.000Z
Blackstone,blackstone-derivatives,OrangeX,orangex,BX/USDT,perpetual,129.3901824,227311.09227415,0.0,0.0,0.0,0,2026-07-29T20:33:15.000Z
Blackstone,blackstone-derivatives,WEEX,weex,BX/USDT,perpetual,129.35002029,206760.88066873,0.0,0.0,0.0,0,2026-07-29T20:33:17.000Z
Blackstone,blackstone-derivatives,Toobit,toobit,BX/USDT,perpetual,129.30028649,183700.15466837,0.0,0.0,0.0,0,2026-07-29T20:33:17.000Z
Blackstone,blackstone-derivatives,KCEX,kcex,BX/USDT,perpetual,129.41015927,158552.87905848,0.0,0.0,0.0,0,2026-07-29T20:33:15.000Z
Blackstone,blackstone-derivatives,Bitunix,bitunix,BX/USDT,perpetual,128.87952311,125691.03592181,0.0,0.0,0.0,0,2026-07-29T20:24:16.000Z
Blackstone,blackstone-derivatives,YUBIT,yubit,BX/USDT,perpetual,129.4299153,88551.01453021,0.0,0.0,0.0,0,2026-07-29T20:33:15.000Z
Blackstone,blackstone-derivatives,Zoomex,zoomex,BX/USDT,perpetual,129.3901824,68196.48302875,0.0,0.0,0.0,0,2026-07-29T20:33:17.000Z
Blackstone,blackstone-derivatives,ADEN,aden-decentralized-derivatives-exchange,BX/USDT,perpetual,128.94430018,0.0,0.0,0.0,0.0,0,2026-07-29T20:30:56.000Z
Blackstone,blackstone-derivatives,BTSE,btse,BX/USDT,perpetual,128.77326576059866,74791.9929,,,,0,2026-07-29T20:27:15.447Z
Blackstone,blackstone-derivatives,BTSE,btse,BX/USDT,perpetual,128.77326576059866,74791.9929,,,,0,2026-07-29T20:27:15.447Z
Blackstone,blackstone-derivatives,BitMart,bitmart,BX/USDT,perpetual,128.77326576059866,0.0,,,,0,2026-07-29T20:33:16.200Z
Blackstone,blackstone-derivatives,BitMart,bitmart,BX/USDT,perpetual,128.77326576059866,0.0,,,,0,2026-07-29T20:33:16.200Z
Rocket Lab Corp,rocket-lab-corp-derivatives,Binance,binance,RKLB/USDT,perpetual,57.96382935,18576977.32139003,0.0,0.0,0.0,0,2026-07-29T20:33:17.000Z
Rocket Lab Corp,rocket-lab-corp-derivatives,Aster,aster-pro,RKLB/USDT,perpetual,58.33245833,23175.63552174,0.0,0.0,0.0,0,2026-07-29T20:33:15.000Z
Rocket Lab Corp,rocket-lab-corp-derivatives,KuCoin,kucoin,RKLB/USDT,perpetual,57.89392122,433686.97389918,0.0,0.0,0.0,0,2026-07-29T20:33:19.000Z
Rocket Lab Corp,rocket-lab-corp-derivatives,Hyperliquid,hyperliquid,xyz:RKLB/USDC,perpetual,57.84031106,3569254.62703795,0.0,0.0,0.0,0,2026-07-29T20:33:26.000Z
Rocket Lab Corp,rocket-lab-corp-derivatives,OKX,okx,RKLB/USDT,perpetual,58.58713893,2931502.99335841,0.0,0.0,0.0,0,2026-07-29T20:31:28.000Z
Rocket Lab Corp,rocket-lab-corp-derivatives,Bybit,bybit,RKLB/USDT,perpetual,57.97287468,1449646.81586347,0.0,0.0,0.0,0,2026-07-29T20:33:16.000Z
Rocket Lab Corp,rocket-lab-corp-derivatives,Gate,gate,RKLB/USDT,perpetual,57.95384247,747161.15062468,0.0,0.0,0.0,0,2026-07-29T20:33:20.000Z
Rocket Lab Corp,rocket-lab-corp-derivatives,HTX,htx,RKLB/USDT,perpetual,58.33658591,135640.71478575,0.0,0.0,0.0,0,2026-07-29T20:27:17.000Z
Rocket Lab Corp,rocket-lab-corp-derivatives,Bitget,bitget,RKLB/USDT,perpetual,57.99285155,3111386.57790498,0.0,0.0,0.0,0,2026-07-29T20:33:16.000Z
Rocket Lab Corp,rocket-lab-corp-derivatives,Crypto.com Exchange,crypto-com-exchange,RKLB/USD,perpetual,63.15874172,7459.774728,0.0,0.0,0.0,0,2026-07-29T12:30:18.000Z
Rocket Lab Corp,rocket-lab-corp-derivatives,Phemex,phemex,RKLB/USDT,perpetual,57.99285155,837416.05387389,0.0,0.0,0.0,0,2026-07-29T20:33:16.000Z
Rocket Lab Corp,rocket-lab-corp-derivatives,SunX,sunperp,RKLB/USDT,perpetual,66.25328701,3981339.10182865,0.0,0.0,0.0,0,2026-07-29T20:33:16.000Z
Rocket Lab Corp,rocket-lab-corp-derivatives,BingX,bingx,RKLB/USDT,perpetual,57.94290938,1657351.55483489,0.0,0.0,0.0,0,2026-07-29T20:33:18.000Z
Rocket Lab Corp,rocket-lab-corp-derivatives,Tapbit,tapbit,RKLB/USDT,perpetual,57.94290938,21289040.74259533,0.0,0.0,0.0,0,2026-07-29T20:33:15.000Z
Rocket Lab Corp,rocket-lab-corp-derivatives,Ourbit,ourbit,RKLB/USDT,perpetual,57.95289782,14600265.63288225,0.0,0.0,0.0,0,2026-07-29T20:33:16.000Z
Rocket Lab Corp,rocket-lab-corp-derivatives,LBank,lbank,RKLB/USDT,perpetual,57.93386872,10006293.943808,0.0,0.0,0.0,0,2026-07-29T20:33:17.000Z
Rocket Lab Corp,rocket-lab-corp-derivatives,CoinW,coinw,RKLB/USDT,perpetual,57.94290938,5059706.33486739,0.0,0.0,0.0,0,2026-07-29T20:33:17.000Z
Rocket Lab Corp,rocket-lab-corp-derivatives,WhiteBIT,whitebit,RKLB/USDT,perpetual,57.90295564,3773149.08255094,0.0,0.0,0.0,0,2026-07-29T20:33:15.000Z
Rocket Lab Corp,rocket-lab-corp-derivatives,Bitrue,bitrue,RKLB/USDT,perpetual,57.95289782,2589704.15256197,0.0,0.0,0.0,0,2026-07-29T20:33:16.000Z
Rocket Lab Corp,rocket-lab-corp-derivatives,WEEX,weex,RKLB/USDT,perpetual,57.92388185,2480270.76389896,0.0,0.0,0.0,0,2026-07-29T20:33:17.000Z
Rocket Lab Corp,rocket-lab-corp-derivatives,Hotcoin,hotcoin-global,RKLB/USDT,perpetual,57.99285155,2412021.18208923,0.0,0.0,0.0,0,2026-07-29T20:33:21.000Z
Rocket Lab Corp,rocket-lab-corp-derivatives,KCEX,kcex,RKLB/USDT,perpetual,57.93292095,1734091.91672386,0.0,0.0,0.0,0,2026-07-29T20:33:15.000Z
Rocket Lab Corp,rocket-lab-corp-derivatives,Toobit,toobit,RKLB/USDT,perpetual,57.96288625,1493482.96929759,0.0,0.0,0.0,0,2026-07-29T20:33:17.000Z
Rocket Lab Corp,rocket-lab-corp-derivatives,YUBIT,yubit,RKLB/USDT,perpetual,57.92388185,909856.19200224,0.0,0.0,0.0,0,2026-07-29T20:33:15.000Z
Rocket Lab Corp,rocket-lab-corp-derivatives,OrangeX,orangex,RKLB/USDT,perpetual,57.93292095,613110.89450656,0.0,0.0,0.0,0,2026-07-29T20:33:15.000Z
Rocket Lab Corp,rocket-lab-corp-derivatives,MGBX,mgbx,RKLB/USDT,perpetual,61.26302293,492968.33722639,0.0,0.0,0.0,0,2026-07-29T15:15:16.000Z
Rocket Lab Corp,rocket-lab-corp-derivatives,Zoomex,zoomex,RKLB/USDT,perpetual,57.97287468,434894.04475904,0.0,0.0,0.0,0,2026-07-29T20:33:17.000Z
Rocket Lab Corp,rocket-lab-corp-derivatives,Bitunix,bitunix,RKLB/USDT,perpetual,58.58160142,179205.80326111,0.0,0.0,0.0,0,2026-07-29T20:24:16.000Z
Rocket Lab Corp,rocket-lab-corp-derivatives,ApeX Omni,apex-omni,RKLB/USDT,perpetual,57.81305973,133421.54169411,0.0,0.0,0.0,0,2026-07-29T20:33:17.000Z
Rocket Lab Corp,rocket-lab-corp-derivatives,BloFin,blofin,RKLB/USDT,perpetual,57.89296721,55369.57987331,0.0,0.0,0.0,0,2026-07-29T20:33:16.000Z
Rocket Lab Corp,rocket-lab-corp-derivatives,Lighter,lighter,RKLB/USDC,perpetual,57.97936772,24959.85878847,0.0,0.0,0.0,0,2026-07-29T20:33:15.000Z
Rocket Lab Corp,rocket-lab-corp-derivatives,ADEN,aden-decentralized-derivatives-exchange,RKLB/USDT,perpetual,57.92454851,4381.24943401,0.0,0.0,0.0,0,2026-07-29T20:30:56.000Z
Rocket Lab Corp,rocket-lab-corp-derivatives,BitMart,bitmart,RKLB/USDT,perpetual,63.79616504,0.0,0.0,0.0,0.0,0,2026-07-29T20:33:16.000Z
Rocket Lab Corp,rocket-lab-corp-derivatives,BTSE,btse,RKLB/USDT,perpetual,57.84623076528281,606125.649,,,,0,2026-07-29T20:27:15.447Z
Rocket Lab Corp,rocket-lab-corp-derivatives,BTSE,btse,RKLB/USDT,perpetual,57.84623076528281,606125.649,,,,0,2026-07-29T20:27:15.447Z
Ishares Msci Brazil ETF,ishares-msci-brazil-etf-derivatives,Binance,binance,EWZ/USDT,perpetual,35.44342356,233735.17457194,0.0,0.0,0.0,0,2026-07-29T20:33:17.000Z
Ishares Msci Brazil ETF,ishares-msci-brazil-etf-derivatives,Aster,aster-pro,EWZ/USDT,perpetual,35.83850351,996.945662,0.0,0.0,0.0,0,2026-07-29T20:33:15.000Z
Ishares Msci Brazil ETF,ishares-msci-brazil-etf-derivatives,KuCoin,kucoin,EWZ/USDT,perpetual,35.39348918,776649.63161813,0.0,0.0,0.0,0,2026-07-29T20:33:19.000Z
Ishares Msci Brazil ETF,ishares-msci-brazil-etf-derivatives,Hyperliquid,hyperliquid,xyz:EWZ/USDC,perpetual,35.45976862,234038.8561245,0.0,0.0,0.0,0,2026-07-29T20:33:26.000Z
Ishares Msci Brazil ETF,ishares-msci-brazil-etf-derivatives,OKX,okx,EWZ/USDT,perpetual,35.47588092,34085.2263879,0.0,0.0,0.0,0,2026-07-29T20:31:28.000Z
Ishares Msci Brazil ETF,ishares-msci-brazil-etf-derivatives,Gate,gate,EWZ/USDT,perpetual,35.36352855,19843.92297049,0.0,0.0,0.0,0,2026-07-29T20:33:20.000Z
Ishares Msci Brazil ETF,ishares-msci-brazil-etf-derivatives,HTX,htx,EWZ/USDT,perpetual,35.46145205,4734.4135125,0.0,0.0,0.0,0,2026-07-29T20:27:17.000Z
Ishares Msci Brazil ETF,ishares-msci-brazil-etf-derivatives,MEXC,mexc,EWZ/USDT,perpetual,35.44895456,90879.97838705,0.0,0.0,0.0,0,2026-07-29T20:33:16.000Z
Ishares Msci Brazil ETF,ishares-msci-brazil-etf-derivatives,Phemex,phemex,EWZ/USDT,perpetual,35.44895456,18628.45628479,0.0,0.0,0.0,0,2026-07-29T20:33:16.000Z
Ishares Msci Brazil ETF,ishares-msci-brazil-etf-derivatives,BingX,bingx,EWZ/USDT,perpetual,35.49866084,325929.86577372,0.0,0.0,0.0,0,2026-07-29T19:57:19.000Z
Ishares Msci Brazil ETF,ishares-msci-brazil-etf-derivatives,SunX,sunperp,EWZ/USDT,perpetual,35.82851507,168852.07248466,0.0,0.0,0.0,0,2026-07-29T20:33:16.000Z
Ishares Msci Brazil ETF,ishares-msci-brazil-etf-derivatives,LBank,lbank,EWZ/USDT,perpetual,35.40347606,1162393.77470616,0.0,0.0,0.0,0,2026-07-29T20:33:17.000Z
Ishares Msci Brazil ETF,ishares-msci-brazil-etf-derivatives,CoinW,coinw,EWZ/USDT,perpetual,35.42897769,680208.78356929,0.0,0.0,0.0,0,2026-07-29T20:33:17.000Z
Ishares Msci Brazil ETF,ishares-msci-brazil-etf-derivatives,WEEX,weex,EWZ/USDT,perpetual,35.40347606,378075.18291896,0.0,0.0,0.0,0,2026-07-29T20:33:17.000Z
Ishares Msci Brazil ETF,ishares-msci-brazil-etf-derivatives,OrangeX,orangex,EWZ/USDT,perpetual,35.39901238,336085.80480419,0.0,0.0,0.0,0,2026-07-29T20:33:15.000Z
Ishares Msci Brazil ETF,ishares-msci-brazil-etf-derivatives,Ourbit,ourbit,EWZ/USDT,perpetual,35.41898925,279117.08243725,0.0,0.0,0.0,0,2026-07-29T20:33:16.000Z
Ishares Msci Brazil ETF,ishares-msci-brazil-etf-derivatives,WhiteBIT,whitebit,EWZ/USDT,perpetual,35.45894299,119991.23830044,0.0,0.0,0.0,0,2026-07-29T20:33:15.000Z
Ishares Msci Brazil ETF,ishares-msci-brazil-etf-derivatives,Toobit,toobit,EWZ/USDT,perpetual,35.39901238,102743.56823844,0.0,0.0,0.0,0,2026-07-29T20:33:17.000Z
Ishares Msci Brazil ETF,ishares-msci-brazil-etf-derivatives,Bitunix,bitunix,EWZ/USDT,perpetual,35.41864597,78301.76658629,0.0,0.0,0.0,0,2026-07-29T20:24:16.000Z
Ishares Msci Brazil ETF,ishares-msci-brazil-etf-derivatives,Bitrue,bitrue,EWZ/USDT,perpetual,35.38902395,60005.82278569,0.0,0.0,0.0,0,2026-07-29T20:33:16.000Z
Ishares Msci Brazil ETF,ishares-msci-brazil-etf-derivatives,Hotcoin,hotcoin-global,EWZ/USDT,perpetual,35.43896612,44279.72962853,0.0,0.0,0.0,0,2026-07-29T20:33:21.000Z
Ishares Msci Brazil ETF,ishares-msci-brazil-etf-derivatives,KCEX,kcex,EWZ/USDT,perpetual,35.41898925,23499.92703285,0.0,0.0,0.0,0,2026-07-29T20:33:15.000Z
Ishares Msci Brazil ETF,ishares-msci-brazil-etf-derivatives,YUBIT,yubit,EWZ/USDT,perpetual,35.39348918,18913.24597924,0.0,0.0,0.0,0,2026-07-29T20:33:15.000Z
Ishares Msci Brazil ETF,ishares-msci-brazil-etf-derivatives,BitMart,bitmart,EWZ/USDT,perpetual,35.1338304,0.0,0.0,0.0,0.0,0,2026-07-29T20:33:16.000Z
Ishares Msci Brazil ETF,ishares-msci-brazil-etf-derivatives,BTSE,btse,EWZ/USDT,perpetual,35.425219944976874,692976.736,,,,0,2026-07-29T20:27:15.447Z
Ishares Msci Brazil ETF,ishares-msci-brazil-etf-derivatives,BTSE,btse,EWZ/USDT,perpetual,35.425219944976874,692976.736,,,,0,2026-07-29T20:27:15.447Z
Ishares Msci Brazil ETF,ishares-msci-brazil-etf-derivatives,ADEN,aden-decentralized-derivatives-exchange,EWZ/USDT,perpetual,35.425219944976874,0.0,,,,0,2026-07-29T20:30:56.831Z
Ishares Msci Brazil ETF,ishares-msci-brazil-etf-derivatives,ADEN,aden-decentralized-derivatives-exchange,EWZ/USDT,perpetual,35.425219944976874,0.0,,,,0,2026-07-29T20:30:56.831Z
eBay,ebay-derivstives,Binance,binance,EBAY/USDT,perpetual,115.2984855,408377.12004437,0.0,0.0,0.0,0,2026-07-29T20:33:17.000Z
eBay,ebay-derivstives,Aster,aster-pro,EBAY/USDT,perpetual,117.88350569,210951.66443909,0.0,0.0,0.0,0,2026-07-29T20:33:15.000Z
eBay,ebay-derivstives,Hyperliquid,hyperliquid,xyz:EBAY/USDC,perpetual,115.26674154,174056.56882945,0.0,0.0,0.0,0,2026-07-29T20:33:26.000Z
eBay,ebay-derivstives,HTX,htx,EBAY/USDT,perpetual,115.10487662,10828.21092302,0.0,0.0,0.0,0,2026-07-29T20:27:17.000Z
eBay,ebay-derivstives,Gate,gate,EBAY/USDT,perpetual,115.14868236,3509.3882898,0.0,0.0,0.0,0,2026-07-29T20:33:20.000Z
eBay,ebay-derivstives,SunX,sunperp,EBAY/USDT,perpetual,113.1589761,192074.90675617,0.0,0.0,0.0,0,2026-07-29T20:33:16.000Z
eBay,ebay-derivstives,CoinW,coinw,EBAY/USDT,perpetual,115.1766399,699104.31491467,0.0,0.0,0.0,0,2026-07-29T20:33:17.000Z
eBay,ebay-derivstives,Ourbit,ourbit,EBAY/USDT,perpetual,115.1466746,636242.2277248,0.0,0.0,0.0,0,2026-07-29T20:33:16.000Z
eBay,ebay-derivstives,LBank,lbank,EBAY/USDT,perpetual,115.16865611,436724.92490781,0.0,0.0,0.0,0,2026-07-29T20:33:17.000Z
eBay,ebay-derivstives,WEEX,weex,EBAY/USDT,perpetual,115.20860362,105210.6200332,0.0,0.0,0.0,0,2026-07-29T20:33:17.000Z
eBay,ebay-derivstives,Hotcoin,hotcoin-global,EBAY/USDT,perpetual,115.33645486,92565.82039352,0.0,0.0,0.0,0,2026-07-29T20:33:21.000Z
eBay,ebay-derivstives,Toobit,toobit,EBAY/USDT,perpetual,115.28651268,87343.77426776,0.0,0.0,0.0,0,2026-07-29T20:33:17.000Z
eBay,ebay-derivstives,Bitunix,bitunix,EBAY/USDT,perpetual,115.21547695,85813.63589356,0.0,0.0,0.0,0,2026-07-29T20:24:16.000Z
eBay,ebay-derivstives,KCEX,kcex,EBAY/USDT,perpetual,115.21659364,41481.10138891,0.0,0.0,0.0,0,2026-07-29T20:33:15.000Z
eBay,ebay-derivstives,YUBIT,yubit,EBAY/USDT,perpetual,115.21859049,30509.45732175,0.0,0.0,0.0,0,2026-07-29T20:33:15.000Z
eBay,ebay-derivstives,BitMart,bitmart,EBAY/USDT,perpetual,109.49611044,0.0,0.0,0.0,0.0,0,2026-07-29T20:33:16.000Z
eBay,ebay-derivstives,ADEN,aden-decentralized-derivatives-exchange,EBAY/USDT,perpetual,115.16768673985892,0.0,,,,0,2026-07-29T20:30:56.831Z
eBay,ebay-derivstives,ADEN,aden-decentralized-derivatives-exchange,EBAY/USDT,perpetual,115.16768673985892,0.0,,,,0,2026-07-29T20:30:56.831Z
Zoom,zoom-derivatives,Binance,binance,ZM/USDT,perpetual,92.49844718,913487.10199956,0.0,0.0,0.0,0,2026-07-29T20:33:17.000Z
Zoom,zoom-derivatives,Aster,aster-pro,ZM/USDT,perpetual,93.3519102,9795.82766058,0.0,0.0,0.0,0,2026-07-29T20:33:15.000Z
Zoom,zoom-derivatives,KuCoin,kucoin,ZM/USDT,perpetual,92.41855217,1100546.99456615,0.0,0.0,0.0,0,2026-07-29T20:33:19.000Z
Zoom,zoom-derivatives,Bybit,bybit,ZM/USDT,perpetual,92.64273134,2279435.50756581,0.0,0.0,0.0,0,2026-07-29T20:33:16.000Z
Zoom,zoom-derivatives,Hyperliquid,hyperliquid,xyz:ZM/USDC,perpetual,92.58428622,839941.77353082,0.0,0.0,0.0,0,2026-07-29T20:33:26.000Z
Zoom,zoom-derivatives,OKX,okx,ZM/USDT,perpetual,92.50495751,164575.56990861,0.0,0.0,0.0,0,2026-07-29T20:31:28.000Z
Zoom,zoom-derivatives,Gate,gate,ZM/USDT,perpetual,92.22880153,149792.15714248,0.0,0.0,0.0,0,2026-07-29T20:33:20.000Z
Zoom,zoom-derivatives,HTX,htx,ZM/USDT,perpetual,92.28967761,4427.04203698,0.0,0.0,0.0,0,2026-07-29T20:27:17.000Z
Zoom,zoom-derivatives,MEXC,mexc,ZMSTOCK/USDT,perpetual,92.58280073,90709.10933198,0.0,0.0,0.0,0,2026-07-29T20:33:16.000Z
Zoom,zoom-derivatives,Phemex,phemex,ZM/USDT,perpetual,92.42298578,72422.61120255,0.0,0.0,0.0,0,2026-07-29T20:33:16.000Z
Zoom,zoom-derivatives,SunX,sunperp,ZM/USDT,perpetual,91.0445818,179548.61083526,0.0,0.0,0.0,0,2026-07-29T20:33:16.000Z
Zoom,zoom-derivatives,CoinW,coinw,ZM/USDT,perpetual,92.51288169,2328564.68424308,0.0,0.0,0.0,0,2026-07-29T20:33:17.000Z
Zoom,zoom-derivatives,WEEX,weex,ZM/USDT,perpetual,92.46848655,1180962.66021176,0.0,0.0,0.0,0,2026-07-29T20:33:17.000Z
Zoom,zoom-derivatives,Ourbit,ourbit,ZM/USDT,perpetual,92.45295108,938384.02662912,0.0,0.0,0.0,0,2026-07-29T20:33:16.000Z
Zoom,zoom-derivatives,Zoomex,zoomex,ZM/USDT,perpetual,92.64273134,683830.65226974,0.0,0.0,0.0,0,2026-07-29T20:33:17.000Z
Zoom,zoom-derivatives,LBank,lbank,ZM/USDT,perpetual,92.51842094,360943.72468075,0.0,0.0,0.0,0,2026-07-29T20:33:17.000Z
Zoom,zoom-derivatives,Hotcoin,hotcoin-global,ZM/USDT,perpetual,92.44296265,248785.93709813,0.0,0.0,0.0,0,2026-07-29T20:33:21.000Z
Zoom,zoom-derivatives,Bitrue,bitrue,ZM/USDT,perpetual,92.49290482,165283.0855138,0.0,0.0,0.0,0,2026-07-29T20:33:16.000Z
Zoom,zoom-derivatives,Toobit,toobit,ZM/USDT,perpetual,92.56282386,154320.6327687,0.0,0.0,0.0,0,2026-07-29T20:33:17.000Z
Zoom,zoom-derivatives,OrangeX,orangex,ZM/USDT,perpetual,92.49290482,147005.77575538,0.0,0.0,0.0,0,2026-07-29T20:33:15.000Z
Zoom,zoom-derivatives,Bitunix,bitunix,ZM/USDT,perpetual,92.42209001,91204.88119459,0.0,0.0,0.0,0,2026-07-29T20:24:16.000Z
Zoom,zoom-derivatives,YUBIT,yubit,ZM/USDT,perpetual,92.45849968,58591.87403351,0.0,0.0,0.0,0,2026-07-29T20:33:15.000Z
Zoom,zoom-derivatives,KCEX,kcex,ZM/USDT,perpetual,92.49290482,56650.86460634,0.0,0.0,0.0,0,2026-07-29T20:33:15.000Z
Zoom,zoom-derivatives,BitMart,bitmart,ZM/USDT,perpetual,86.58621648,0.0,0.0,0.0,0.0,0,2026-07-29T20:33:16.000Z
Zoom,zoom-derivatives,ADEN,aden-decentralized-derivatives-exchange,ZM/USDT,perpetual,92.47924409839507,0.0,,,,0,2026-07-29T20:30:56.831Z
Zoom,zoom-derivatives,ADEN,aden-decentralized-derivatives-exchange,ZM/USDT,perpetual,92.47924409839507,0.0,,,,0,2026-07-29T20:30:56.831Z
Pop Mart International Group Limited,pop-mart-international-group-limited-derivatives,Binance,binance,POPMART/USDT,perpetual,21.13223,1254627.71008589,0.0,0.0,0.0,0,2026-07-29T20:33:17.000Z
Pop Mart International Group Limited,pop-mart-international-group-limited-derivatives,Aster,aster-pro,POPMART/USDT,perpetual,21.12553928,3308.97861791,0.0,0.0,0.0,0,2026-07-29T20:33:15.000Z
Pop Mart International Group Limited,pop-mart-international-group-limited-derivatives,KuCoin,kucoin,POPMART/USDT,perpetual,21.16219063,960977.88065541,0.0,0.0,0.0,0,2026-07-29T20:33:19.000Z
Pop Mart International Group Limited,pop-mart-international-group-limited-derivatives,Bybit,bybit,POPMART/USDT,perpetual,21.03564336,317632.68140591,0.0,0.0,0.0,0,2026-07-29T20:33:16.000Z
Pop Mart International Group Limited,pop-mart-international-group-limited-derivatives,Gate,gate,POPMART/USDT,perpetual,21.14621162,64235.58759245,0.0,0.0,0.0,0,2026-07-29T20:33:20.000Z
Pop Mart International Group Limited,pop-mart-international-group-limited-derivatives,HTX,htx,POPMART/USDT,perpetual,21.15700153,1610.77103065,0.0,0.0,0.0,0,2026-07-29T20:27:17.000Z
Pop Mart International Group Limited,pop-mart-international-group-limited-derivatives,Bitget,bitget,POPMART/USDT,perpetual,21.18047567,404491.51380551,0.0,0.0,0.0,0,2026-07-29T20:33:16.000Z
Pop Mart International Group Limited,pop-mart-international-group-limited-derivatives,LBank,lbank,POPMART/USDT,perpetual,21.13223,2924192.94764167,0.0,0.0,0.0,0,2026-07-29T20:33:17.000Z
Pop Mart International Group Limited,pop-mart-international-group-limited-derivatives,CoinW,coinw,POPMART/USDT,perpetual,21.13552771,1185173.44784217,0.0,0.0,0.0,0,2026-07-29T20:33:17.000Z
Pop Mart International Group Limited,pop-mart-international-group-limited-derivatives,Ourbit,ourbit,POPMART/USDT,perpetual,21.13552771,605526.7849539,0.0,0.0,0.0,0,2026-07-29T20:33:16.000Z
Pop Mart International Group Limited,pop-mart-international-group-limited-derivatives,WEEX,weex,POPMART/USDT,perpetual,21.12224312,363976.29835577,0.0,0.0,0.0,0,2026-07-29T20:33:17.000Z
Pop Mart International Group Limited,pop-mart-international-group-limited-derivatives,Hotcoin,hotcoin-global,POPMART/USDT,perpetual,21.16549301,232400.90890508,0.0,0.0,0.0,0,2026-07-29T20:33:21.000Z
Pop Mart International Group Limited,pop-mart-international-group-limited-derivatives,Bitrue,bitrue,POPMART/USDT,perpetual,21.14551615,110468.5522062,0.0,0.0,0.0,0,2026-07-29T20:33:16.000Z
Pop Mart International Group Limited,pop-mart-international-group-limited-derivatives,Bitunix,bitunix,POPMART/USDT,perpetual,21.19525289,108076.92177256,0.0,0.0,0.0,0,2026-07-29T20:24:16.000Z
Pop Mart International Group Limited,pop-mart-international-group-limited-derivatives,Zoomex,zoomex,POPMART/USDT,perpetual,21.03564336,95289.80442177,0.0,0.0,0.0,0,2026-07-29T20:33:17.000Z
Pop Mart International Group Limited,pop-mart-international-group-limited-derivatives,KCEX,kcex,POPMART/USDT,perpetual,21.13552771,91513.29708346,0.0,0.0,0.0,0,2026-07-29T20:33:15.000Z
Pop Mart International Group Limited,pop-mart-international-group-limited-derivatives,Toobit,toobit,POPMART/USDT,perpetual,21.13552771,90969.11078292,0.0,0.0,0.0,0,2026-07-29T20:33:17.000Z
Pop Mart International Group Limited,pop-mart-international-group-limited-derivatives,BitMart,bitmart,POPMART/USDT,perpetual,20.5110463,0.0,0.0,0.0,0.0,0,2026-07-29T20:33:16.000Z
Pop Mart International Group Limited,pop-mart-international-group-limited-derivatives,Lighter,lighter,POPMART/USDC,perpetual,21.139887906549617,0.0,,,,0,2026-07-29T20:33:15.315Z
Pop Mart International Group Limited,pop-mart-international-group-limited-derivatives,ADEN,aden-decentralized-derivatives-exchange,POPMART/USDT,perpetual,21.139887906549617,0.0,,,,0,2026-07-29T20:30:56.831Z
Pop Mart International Group Limited,pop-mart-international-group-limited-derivatives,ADEN,aden-decentralized-derivatives-exchange,POPMART/USDT,perpetual,21.139887906549617,0.0,,,,0,2026-07-29T20:30:56.831Z
MiniMax Group,minimax-group-derivatives,Binance,binance,MINIMAX/USDT,perpetual,26.72488066,8976267.39496096,0.0,0.0,0.0,0,2026-07-29T20:33:17.000Z
MiniMax Group,minimax-group-derivatives,Aster,aster-pro,MINIMAX/USDT,perpetual,27.05866946,45003.52156828,0.0,0.0,0.0,0,2026-07-29T20:33:15.000Z
MiniMax Group,minimax-group-derivatives,KuCoin,kucoin,MINIMAX/USDT,perpetual,26.71489378,1324956.58784572,0.0,0.0,0.0,0,2026-07-29T20:33:19.000Z
MiniMax Group,minimax-group-derivatives,Hyperliquid,hyperliquid,xyz:MINIMAX/USDC,perpetual,26.76027873,3186999.85099853,0.0,0.0,0.0,0,2026-07-29T20:33:26.000Z
MiniMax Group,minimax-group-derivatives,Bybit,bybit,MINIMAX/USDT,perpetual,26.6691205,1900507.69752862,0.0,0.0,0.0,0,2026-07-29T20:33:16.000Z
MiniMax Group,minimax-group-derivatives,Gate,gate,MINIMAX/USDT,perpetual,26.78480192,436395.52976812,0.0,0.0,0.0,0,2026-07-29T20:33:20.000Z
MiniMax Group,minimax-group-derivatives,HTX,htx,MINIMAX/USDT,perpetual,26.89076871,383303.08189619,0.0,0.0,0.0,0,2026-07-29T20:27:17.000Z
MiniMax Group,minimax-group-derivatives,OKX,okx,MINIMAX/USDT,perpetual,26.79667469,363689.82826342,0.0,0.0,0.0,0,2026-07-29T20:31:28.000Z
MiniMax Group,minimax-group-derivatives,Bitget,bitget,MINIMAX/USDT,perpetual,26.73404533,1762150.0910782,0.0,0.0,0.0,0,2026-07-29T20:33:16.000Z
MiniMax Group,minimax-group-derivatives,MEXC,mexc,MINIMAXSTOCK/USDT,perpetual,26.75901642,156871.98781965,0.0,0.0,0.0,0,2026-07-29T20:33:16.000Z
MiniMax Group,minimax-group-derivatives,LBank,lbank,MINIMAX/USDT,perpetual,26.70490691,5400079.8911478,0.0,0.0,0.0,0,2026-07-29T20:33:17.000Z
MiniMax Group,minimax-group-derivatives,Ourbit,ourbit,MINIMAX/USDT,perpetual,26.71906268,3455557.3523287,0.0,0.0,0.0,0,2026-07-29T20:33:16.000Z
MiniMax Group,minimax-group-derivatives,BitMart,bitmart,MINIMAX/USDT,perpetual,26.75484129,1601768.65049611,0.0,0.0,0.0,0,2026-07-29T20:33:16.000Z
MiniMax Group,minimax-group-derivatives,Bitrue,bitrue,MINIMAX/USDT,perpetual,26.71906268,648374.62961558,0.0,0.0,0.0,0,2026-07-29T20:33:16.000Z
MiniMax Group,minimax-group-derivatives,WEEX,weex,MINIMAX/USDT,perpetual,26.72488066,621992.81176087,0.0,0.0,0.0,0,2026-07-29T20:33:17.000Z
MiniMax Group,minimax-group-derivatives,Zoomex,zoomex,MINIMAX/USDT,perpetual,26.6691205,570152.30925859,0.0,0.0,0.0,0,2026-07-29T20:33:17.000Z
MiniMax Group,minimax-group-derivatives,KCEX,kcex,MINIMAX/USDT,perpetual,26.70907424,464312.80202907,0.0,0.0,0.0,0,2026-07-29T20:33:15.000Z
MiniMax Group,minimax-group-derivatives,Bitunix,bitunix,MINIMAX/USDT,perpetual,26.70881538,308035.7043133,0.0,0.0,0.0,0,2026-07-29T20:24:16.000Z
MiniMax Group,minimax-group-derivatives,Toobit,toobit,MINIMAX/USDT,perpetual,26.72905111,266066.08915007,0.0,0.0,0.0,0,2026-07-29T20:33:17.000Z
MiniMax Group,minimax-group-derivatives,Hotcoin,hotcoin-global,MINIMAX/USDT,perpetual,26.80895859,67699.61234267,0.0,0.0,0.0,0,2026-07-29T20:33:21.000Z
MiniMax Group,minimax-group-derivatives,Lighter,lighter,MINIMAX/USDC,perpetual,26.75547892,22783.24448768,0.0,0.0,0.0,0,2026-07-29T20:33:15.000Z
MiniMax Group,minimax-group-derivatives,ADEN,aden-decentralized-derivatives-exchange,MINIMAX/USDT,perpetual,26.79971782,0.0,0.0,0.0,0.0,0,2026-07-29T20:30:56.000Z
Tencent Holdings Ltd,tencent-holdings-ltd-derivatives,Binance,binance,TENCENT/USDT,perpetual,59.58170329,1289391.35625014,0.0,0.0,0.0,0,2026-07-29T20:33:17.000Z
Tencent Holdings Ltd,tencent-holdings-ltd-derivatives,Aster,aster-pro,TENCENT/USDT,perpetual,59.72085075,6777.04303443,0.0,0.0,0.0,0,2026-07-29T20:33:15.000Z
Tencent Holdings Ltd,tencent-holdings-ltd-derivatives,KuCoin,kucoin,TENCENT/USDT,perpetual,59.77145394,1305468.13654756,0.0,0.0,0.0,0,2026-07-29T20:33:19.000Z
Tencent Holdings Ltd,tencent-holdings-ltd-derivatives,Bybit,bybit,TENCENT/USDT,perpetual,59.97056161,2062068.76997657,0.0,0.0,0.0,0,2026-07-29T20:33:16.000Z
Tencent Holdings Ltd,tencent-holdings-ltd-derivatives,Gate,gate,TENCENT/USDT,perpetual,59.88130958,287409.31353341,0.0,0.0,0.0,0,2026-07-29T20:33:20.000Z
Tencent Holdings Ltd,tencent-holdings-ltd-derivatives,HTX,htx,TENCENT/USDT,perpetual,59.83495713,18545.4364055,0.0,0.0,0.0,0,2026-07-29T20:27:17.000Z
Tencent Holdings Ltd,tencent-holdings-ltd-derivatives,Bitget,bitget,TENCENT/USDT,perpetual,60.10041126,206520.62862264,0.0,0.0,0.0,0,2026-07-29T20:33:16.000Z
Tencent Holdings Ltd,tencent-holdings-ltd-derivatives,CoinW,coinw,TENCENT/USDT,perpetual,59.52108205,3047342.45975866,0.0,0.0,0.0,0,2026-07-29T20:33:17.000Z
Tencent Holdings Ltd,tencent-holdings-ltd-derivatives,LBank,lbank,TENCENT/USDT,perpetual,59.58170329,1154079.85847808,0.0,0.0,0.0,0,2026-07-29T20:33:17.000Z
Tencent Holdings Ltd,tencent-holdings-ltd-derivatives,Zoomex,zoomex,TENCENT/USDT,perpetual,59.97056161,618620.63099297,0.0,0.0,0.0,0,2026-07-29T20:33:17.000Z
Tencent Holdings Ltd,tencent-holdings-ltd-derivatives,Ourbit,ourbit,TENCENT/USDT,perpetual,59.5910011,490461.76860649,0.0,0.0,0.0,0,2026-07-29T20:33:16.000Z
Tencent Holdings Ltd,tencent-holdings-ltd-derivatives,WEEX,weex,TENCENT/USDT,perpetual,59.68157205,359078.84513122,0.0,0.0,0.0,0,2026-07-29T20:33:17.000Z
Tencent Holdings Ltd,tencent-holdings-ltd-derivatives,Hotcoin,hotcoin-global,TENCENT/USDT,perpetual,59.80075822,158494.48327348,0.0,0.0,0.0,0,2026-07-29T20:33:21.000Z
Tencent Holdings Ltd,tencent-holdings-ltd-derivatives,Toobit,toobit,TENCENT/USDT,perpetual,59.54105892,139339.77891792,0.0,0.0,0.0,0,2026-07-29T20:33:17.000Z
Tencent Holdings Ltd,tencent-holdings-ltd-derivatives,Bitrue,bitrue,TENCENT/USDT,perpetual,59.5910011,128552.44839327,0.0,0.0,0.0,0,2026-07-29T20:33:16.000Z
Tencent Holdings Ltd,tencent-holdings-ltd-derivatives,Bitunix,bitunix,TENCENT/USDT,perpetual,59.68031858,102721.16503586,0.0,0.0,0.0,0,2026-07-29T20:24:16.000Z
Tencent Holdings Ltd,tencent-holdings-ltd-derivatives,KCEX,kcex,TENCENT/USDT,perpetual,59.5910011,100784.23150455,0.0,0.0,0.0,0,2026-07-29T20:33:15.000Z
Tencent Holdings Ltd,tencent-holdings-ltd-derivatives,Lighter,lighter,TENCENT/USDC,perpetual,59.66176903,37121.23605923,0.0,0.0,0.0,0,2026-07-29T20:33:15.000Z
Tencent Holdings Ltd,tencent-holdings-ltd-derivatives,BitMart,bitmart,TENCENT/USDT,perpetual,55.34726779,0.0,0.0,0.0,0.0,0,2026-07-29T20:33:16.000Z
Tencent Holdings Ltd,tencent-holdings-ltd-derivatives,ADEN,aden-decentralized-derivatives-exchange,TENCENT/USDT,perpetual,60.19198643,0.0,0.0,0.0,0.0,0,2026-07-29T20:30:56.000Z
Tencent Holdings Ltd,tencent-holdings-ltd-derivatives,DeriW,deriw,TENCENT/USDT,perpetual,59.80234565706175,0.0,,,,0,2026-07-29T20:33:15.453Z
Tencent Holdings Ltd,tencent-holdings-ltd-derivatives,DeriW,deriw,TENCENT/USDT,perpetual,59.80234565706175,0.0,,,,0,2026-07-29T20:33:15.453Z
Direxion Daily Semiconductor ETF,direxion-daily-semiconductor-etf-derivatives,Binance,binance,SOXL/USDT,perpetual,89.74206936,3312771207.5002384,0.0,0.0,0.0,0,2026-07-29T20:33:17.000Z
Direxion Daily Semiconductor ETF,direxion-daily-semiconductor-etf-derivatives,Aster,aster-pro,SOXL/USDT,perpetual,89.73609686,4744192.74002511,0.0,0.0,0.0,0,2026-07-29T20:33:15.000Z
Direxion Daily Semiconductor ETF,direxion-daily-semiconductor-etf-derivatives,KuCoin,kucoin,SOXL/USDT,perpetual,89.70212185,8374568.75359748,0.0,0.0,0.0,0,2026-07-29T20:33:19.000Z
Direxion Daily Semiconductor ETF,direxion-daily-semiconductor-etf-derivatives,Bybit,bybit,SOXL/USDT,perpetual,89.68615469,608872364.4378011,0.0,0.0,0.0,0,2026-07-29T20:33:16.000Z
Direxion Daily Semiconductor ETF,direxion-daily-semiconductor-etf-derivatives,OKX,okx,SOXL/USDT,perpetual,90.67723054,498831281.9699108,0.0,0.0,0.0,0,2026-07-29T20:31:28.000Z
Direxion Daily Semiconductor ETF,direxion-daily-semiconductor-etf-derivatives,Gate,gate,SOXL/USDT,perpetual,89.65218747,83023405.3976766,0.0,0.0,0.0,0,2026-07-29T20:33:20.000Z
Direxion Daily Semiconductor ETF,direxion-daily-semiconductor-etf-derivatives,HTX,htx,SOXL/USDT,perpetual,89.90227281,2060574.80703845,0.0,0.0,0.0,0,2026-07-29T20:27:17.000Z
Direxion Daily Semiconductor ETF,direxion-daily-semiconductor-etf-derivatives,Bitget,bitget,SOXL/USDT,perpetual,89.60624721,505299129.2510952,0.0,0.0,0.0,0,2026-07-29T20:33:16.000Z
Direxion Daily Semiconductor ETF,direxion-daily-semiconductor-etf-derivatives,Crypto.com Exchange,crypto-com-exchange,SOXL/USD,perpetual,105.16785885,15504.78578014,0.0,0.0,0.0,0,2026-07-29T12:30:18.000Z
Direxion Daily Semiconductor ETF,direxion-daily-semiconductor-etf-derivatives,MEXC,mexc,SOXL/USDT,perpetual,89.66617782,96524676.50510244,0.0,0.0,0.0,0,2026-07-29T20:33:16.000Z
Direxion Daily Semiconductor ETF,direxion-daily-semiconductor-etf-derivatives,MEXC,mexc,SOXL/USDC,perpetual,89.84250288,5282034.24387592,0.0,0.0,0.0,0,2026-07-29T20:33:16.000Z
Direxion Daily Semiconductor ETF,direxion-daily-semiconductor-etf-derivatives,Phemex,phemex,SOXL/USDT,perpetual,89.79602747,932541.55447886,0.0,0.0,0.0,0,2026-07-29T20:33:16.000Z
Direxion Daily Semiconductor ETF,direxion-daily-semiconductor-etf-derivatives,Biconomy.com,biconomy,SOXL/USDT,perpetual,89.82599277,241714620.1790417,0.0,0.0,0.0,0,2026-07-29T20:33:15.000Z
Direxion Daily Semiconductor ETF,direxion-daily-semiconductor-etf-derivatives,BingX,bingx,SOXL/USDT,perpetual,89.5762819,11856401.47462559,0.0,0.0,0.0,0,2026-07-29T20:33:18.000Z
Direxion Daily Semiconductor ETF,direxion-daily-semiconductor-etf-derivatives,SunX,sunperp,SOXL/USDT,perpetual,127.06287713,4258065.83838653,0.0,0.0,0.0,0,2026-07-29T20:33:16.000Z
Direxion Daily Semiconductor ETF,direxion-daily-semiconductor-etf-derivatives,CoinW,coinw,SOXL/USDT,perpetual,89.66617782,1991915062.5680947,0.0,0.0,0.0,0,2026-07-29T20:33:17.000Z
Direxion Daily Semiconductor ETF,direxion-daily-semiconductor-etf-derivatives,LBank,lbank,SOXL/USDT,perpetual,89.6422006,719303181.2422113,0.0,0.0,0.0,0,2026-07-29T20:33:17.000Z
Direxion Daily Semiconductor ETF,direxion-daily-semiconductor-etf-derivatives,Ourbit,ourbit,SOXL/USDT,perpetual,89.65618938,349438126.4461397,0.0,0.0,0.0,0,2026-07-29T20:33:16.000Z
Direxion Daily Semiconductor ETF,direxion-daily-semiconductor-etf-derivatives,Hotcoin,hotcoin-global,SOXL/USDT,perpetual,89.66617782,290375586.5020638,0.0,0.0,0.0,0,2026-07-29T20:33:21.000Z
Direxion Daily Semiconductor ETF,direxion-daily-semiconductor-etf-derivatives,Toobit,toobit,SOXL/USDT,perpetual,89.66617782,251059528.73836514,0.0,0.0,0.0,0,2026-07-29T20:33:17.000Z
Direxion Daily Semiconductor ETF,direxion-daily-semiconductor-etf-derivatives,Bitrue,bitrue,SOXL/USDT,perpetual,89.67616625,215664664.4889495,0.0,0.0,0.0,0,2026-07-29T20:33:16.000Z
Direxion Daily Semiconductor ETF,direxion-daily-semiconductor-etf-derivatives,Zoomex,zoomex,SOXL/USDT,perpetual,89.69614312,182656587.37898853,0.0,0.0,0.0,0,2026-07-29T20:33:17.000Z
Direxion Daily Semiconductor ETF,direxion-daily-semiconductor-etf-derivatives,DigiFinex,digifinex,SOXL/USDT,perpetual,89.66617782,110942911.82058156,0.0,0.0,0.0,0,2026-07-29T20:33:16.000Z
Direxion Daily Semiconductor ETF,direxion-daily-semiconductor-etf-derivatives,Tapbit,tapbit,SOXL/USDT,perpetual,89.66617782,100964916.76025769,0.0,0.0,0.0,0,2026-07-29T20:33:15.000Z
Direxion Daily Semiconductor ETF,direxion-daily-semiconductor-etf-derivatives,MGBX,mgbx,SOXL/USDT,perpetual,97.80114858,59893778.16925528,0.0,0.0,0.0,0,2026-07-29T15:15:16.000Z
Direxion Daily Semiconductor ETF,direxion-daily-semiconductor-etf-derivatives,KCEX,kcex,SOXL/USDT,perpetual,89.65618938,46905665.78671884,0.0,0.0,0.0,0,2026-07-29T20:33:15.000Z
Direxion Daily Semiconductor ETF,direxion-daily-semiconductor-etf-derivatives,Bitunix,bitunix,SOXL/USDT,perpetual,91.04369939,40831579.64919263,0.0,0.0,0.0,0,2026-07-29T20:24:16.000Z
Direxion Daily Semiconductor ETF,direxion-daily-semiconductor-etf-derivatives,WhiteBIT,whitebit,SOXL/USDT,perpetual,89.66617782,27860629.25948039,0.0,0.0,0.0,0,2026-07-29T20:33:15.000Z
Direxion Daily Semiconductor ETF,direxion-daily-semiconductor-etf-derivatives,WEEX,weex,SOXL/USDT,perpetual,89.6422006,9887007.41861422,0.0,0.0,0.0,0,2026-07-29T20:33:17.000Z
Direxion Daily Semiconductor ETF,direxion-daily-semiconductor-etf-derivatives,Coinbase International Exchange,coinbase-international-exchange,SOXL/USDC,perpetual,89.72252624,8130445.78938556,0.0,0.0,0.0,0,2026-07-29T20:33:16.000Z
Direxion Daily Semiconductor ETF,direxion-daily-semiconductor-etf-derivatives,Lighter,lighter,SOXL/USDC,perpetual,89.91800218,6240657.33162969,0.0,0.0,0.0,0,2026-07-29T20:33:15.000Z
Direxion Daily Semiconductor ETF,direxion-daily-semiconductor-etf-derivatives,YUBIT,yubit,SOXL/USDT,perpetual,89.57229246,3831078.95398438,0.0,0.0,0.0,0,2026-07-29T20:33:15.000Z
Direxion Daily Semiconductor ETF,direxion-daily-semiconductor-etf-derivatives,BloFin,blofin,SOXL/USDT,perpetual,89.53632817,2893552.48045982,0.0,0.0,0.0,0,2026-07-29T20:33:16.000Z
Direxion Daily Semiconductor ETF,direxion-daily-semiconductor-etf-derivatives,OrangeX,orangex,SOXL/USDT,perpetual,89.70613155,830465.34532234,0.0,0.0,0.0,0,2026-07-29T20:33:15.000Z
Direxion Daily Semiconductor ETF,direxion-daily-semiconductor-etf-derivatives,ApeX Omni,apex-omni,SOXL/USDT,perpetual,89.52633973,204559.09153649,0.0,0.0,0.0,0,2026-07-29T20:33:17.000Z
Direxion Daily Semiconductor ETF,direxion-daily-semiconductor-etf-derivatives,ADEN,aden-decentralized-derivatives-exchange,SOXL/USDT,perpetual,89.61873586,49897.87669959,0.0,0.0,0.0,0,2026-07-29T20:30:56.000Z
Direxion Daily Semiconductor ETF,direxion-daily-semiconductor-etf-derivatives,Fillx,fillx,SOXL/USDC,perpetual,90.14244446,277.77866169,0.0,0.0,0.0,0,2026-07-29T20:33:16.000Z
Direxion Daily Semiconductor ETF,direxion-daily-semiconductor-etf-derivatives,BitMart,bitmart,SOXL/USDT,perpetual,138.41810386,0.0,0.0,0.0,0.0,0,2026-07-29T20:33:16.000Z
Direxion Daily Semiconductor ETF,direxion-daily-semiconductor-etf-derivatives,BYDFi,bydfi,SOXL/USDT,perpetual,90.93470902,29076614.92793687,0.0,0.0,0.0,0,2026-07-29T20:33:16.000Z
Direxion Daily Semiconductor ETF,direxion-daily-semiconductor-etf-derivatives,ADEN,aden-decentralized-derivatives-exchange,SOXL/USDC,perpetual,89.2533522165572,0.0,,,,0,2026-07-29T20:30:56.831Z
Global X Defense Tech ETF,global-x-defense-tech-etf-derivatives,HTX,htx,SHLD/USDT,perpetual,61.84277455,33568.72631816,0.0,0.0,0.0,0,2026-07-29T20:27:17.000Z
Global X Defense Tech ETF,global-x-defense-tech-etf-derivatives,OKX,okx,SHLD/USDT,perpetual,61.91300277,17180.85826741,0.0,0.0,0.0,0,2026-07-29T20:31:28.000Z
Global X Defense Tech ETF,global-x-defense-tech-etf-derivatives,Gate,gate,SHLD/USDT,perpetual,61.71889479,6071.02203008,0.0,0.0,0.0,0,2026-07-29T20:33:20.000Z
Global X Defense Tech ETF,global-x-defense-tech-etf-derivatives,MEXC,mexc,SHLD/USDT,perpetual,61.91830637,111380.12498929,0.0,0.0,0.0,0,2026-07-29T20:33:16.000Z
Global X Defense Tech ETF,global-x-defense-tech-etf-derivatives,SunX,sunperp,SHLD/USDT,perpetual,63.86605113,910277.25374578,0.0,0.0,0.0,0,2026-07-29T20:33:16.000Z
Global X Defense Tech ETF,global-x-defense-tech-etf-derivatives,WEEX,weex,SHLD/USDT,perpetual,61.93860607,273482.37601347,0.0,0.0,0.0,0,2026-07-29T20:33:17.000Z
Global X Defense Tech ETF,global-x-defense-tech-etf-derivatives,LBank,lbank,SHLD/USDT,perpetual,61.92861919,118393.82389842,0.0,0.0,0.0,0,2026-07-29T20:33:17.000Z
Global X Defense Tech ETF,global-x-defense-tech-etf-derivatives,Bitunix,bitunix,SHLD/USDT,perpetual,61.92769459,72591.64359981,0.0,0.0,0.0,0,2026-07-29T20:24:16.000Z
Global X Defense Tech ETF,global-x-defense-tech-etf-derivatives,Hotcoin,hotcoin-global,SHLD/USDT,perpetual,61.84838733,27992.588095,0.0,0.0,0.0,0,2026-07-29T20:33:21.000Z
Global X Defense Tech ETF,global-x-defense-tech-etf-derivatives,BitMart,bitmart,SHLD/USDT,perpetual,60.72020718,0.0,0.0,0.0,0.0,0,2026-07-29T20:33:16.000Z
Global X Defense Tech ETF,global-x-defense-tech-etf-derivatives,ADEN,aden-decentralized-derivatives-exchange,SHLD/USDT,perpetual,61.75022571,0.0,0.0,0.0,0.0,0,2026-07-29T20:30:56.000Z
Western Digital Corp,western-digital-corp-derivatives,Binance,binance,WDC/USDT,perpetual,454.48276122,54290183.61094379,0.0,0.0,0.0,0,2026-07-29T20:33:17.000Z
Western Digital Corp,western-digital-corp-derivatives,Aster,aster-pro,WDC/USDT,perpetual,452.60593911,21447.53644366,0.0,0.0,0.0,0,2026-07-29T20:33:15.000Z
Western Digital Corp,western-digital-corp-derivatives,KuCoin,kucoin,WDC/USDT,perpetual,452.41547785,333280.0191379,0.0,0.0,0.0,0,2026-07-29T20:33:19.000Z
Western Digital Corp,western-digital-corp-derivatives,OKX,okx,WDC/USDT,perpetual,458.17020307,7541522.7779318,0.0,0.0,0.0,0,2026-07-29T20:31:28.000Z
Western Digital Corp,western-digital-corp-derivatives,Hyperliquid,hyperliquid,xyz:WDC/USDC,perpetual,453.51914396,5066180.71672589,0.0,0.0,0.0,0,2026-07-29T20:33:26.000Z
Western Digital Corp,western-digital-corp-derivatives,Bybit,bybit,WDC/USDT,perpetual,453.96436622,3725497.29174618,0.0,0.0,0.0,0,2026-07-29T20:33:16.000Z
Western Digital Corp,western-digital-corp-derivatives,Gate,gate,WDC/USDT,perpetual,453.50404735,1455326.54582767,0.0,0.0,0.0,0,2026-07-29T20:33:20.000Z
Western Digital Corp,western-digital-corp-derivatives,HTX,htx,WDC/USDT,perpetual,457.71244916,43484.37954609,0.0,0.0,0.0,0,2026-07-29T20:27:17.000Z
Western Digital Corp,western-digital-corp-derivatives,Bitget,bitget,WDC/USDT,perpetual,453.46494449,2373009.10208333,0.0,0.0,0.0,0,2026-07-29T20:33:16.000Z
Western Digital Corp,western-digital-corp-derivatives,Crypto.com Exchange,crypto-com-exchange,WDC/USD,perpetual,475.12621622,5740.61238688,0.0,0.0,0.0,0,2026-07-29T12:30:18.000Z
Western Digital Corp,western-digital-corp-derivatives,Phemex,phemex,WDC/USDT,perpetual,453.52487509,927756.4057807,0.0,0.0,0.0,0,2026-07-29T20:33:16.000Z
Western Digital Corp,western-digital-corp-derivatives,BingX,bingx,WDC/USDT,perpetual,453.73463222,1647002.43781398,0.0,0.0,0.0,0,2026-07-29T20:33:18.000Z
Western Digital Corp,western-digital-corp-derivatives,SunX,sunperp,WDC/USDT,perpetual,496.32531755,910515.04561263,0.0,0.0,0.0,0,2026-07-29T20:33:16.000Z
Western Digital Corp,western-digital-corp-derivatives,CoinW,coinw,WDC/USDT,perpetual,453.42499075,21325159.40092053,0.0,0.0,0.0,0,2026-07-29T20:33:17.000Z
Western Digital Corp,western-digital-corp-derivatives,Ourbit,ourbit,WDC/USDT,perpetual,453.75460909,19649357.6719325,0.0,0.0,0.0,0,2026-07-29T20:33:16.000Z
Western Digital Corp,western-digital-corp-derivatives,LBank,lbank,WDC/USDT,perpetual,453.32428358,12430901.31413805,0.0,0.0,0.0,0,2026-07-29T20:33:17.000Z
Western Digital Corp,western-digital-corp-derivatives,Tapbit,tapbit,WDC/USDT,perpetual,453.72464379,11857930.22452501,0.0,0.0,0.0,0,2026-07-29T20:33:15.000Z
Western Digital Corp,western-digital-corp-derivatives,Bitrue,bitrue,WDC/USDT,perpetual,453.70466692,7355832.1010677,0.0,0.0,0.0,0,2026-07-29T20:33:16.000Z
Western Digital Corp,western-digital-corp-derivatives,Hotcoin,hotcoin-global,WDC/USDT,perpetual,453.85449344,6847453.50793612,0.0,0.0,0.0,0,2026-07-29T20:33:21.000Z
Western Digital Corp,western-digital-corp-derivatives,WhiteBIT,whitebit,WDC/USDT,perpetual,453.21523362,5393451.99816184,0.0,0.0,0.0,0,2026-07-29T20:33:15.000Z
Western Digital Corp,western-digital-corp-derivatives,WEEX,weex,WDC/USDT,perpetual,453.56396861,3473115.77574798,0.0,0.0,0.0,0,2026-07-29T20:33:17.000Z
Western Digital Corp,western-digital-corp-derivatives,KCEX,kcex,WDC/USDT,perpetual,454.48376482,1802767.24051508,0.0,0.0,0.0,0,2026-07-29T20:33:15.000Z
Western Digital Corp,western-digital-corp-derivatives,YUBIT,yubit,WDC/USDT,perpetual,453.6538505,1549870.8745044,0.0,0.0,0.0,0,2026-07-29T20:33:15.000Z
Western Digital Corp,western-digital-corp-derivatives,MGBX,mgbx,WDC/USDT,perpetual,465.87857728,1261171.21938727,0.0,0.0,0.0,0,2026-07-29T15:15:16.000Z
Western Digital Corp,western-digital-corp-derivatives,Zoomex,zoomex,WDC/USDT,perpetual,454.44381108,1117453.06946396,0.0,0.0,0.0,0,2026-07-29T20:33:17.000Z
Western Digital Corp,western-digital-corp-derivatives,Bitunix,bitunix,WDC/USDT,perpetual,458.4047767,994082.84082513,0.0,0.0,0.0,0,2026-07-29T20:24:16.000Z
Western Digital Corp,western-digital-corp-derivatives,BloFin,blofin,WDC/USDT,perpetual,453.86448187,258742.21287992,0.0,0.0,0.0,0,2026-07-29T20:33:16.000Z
Western Digital Corp,western-digital-corp-derivatives,ADEN,aden-decentralized-derivatives-exchange,WDC/USDT,perpetual,453.58747161,0.0,0.0,0.0,0.0,0,2026-07-29T20:30:56.000Z
Western Digital Corp,western-digital-corp-derivatives,BitMart,bitmart,WDC/USDT,perpetual,514.03450388,0.0,0.0,0.0,0.0,0,2026-07-29T20:33:16.000Z
Western Digital Corp,western-digital-corp-derivatives,BTSE,btse,WDC/USDT,perpetual,453.77815653072594,234390.9629,,,,0,2026-07-29T20:27:15.447Z
Western Digital Corp,western-digital-corp-derivatives,BTSE,btse,WDC/USDT,perpetual,453.77815653072594,234390.9629,,,,0,2026-07-29T20:27:15.447Z
Western Digital Corp,western-digital-corp-derivatives,Fillx,fillx,WDC/USDC,perpetual,453.77815653072594,0.0,,,,0,2026-07-29T20:33:16.593Z
Western Digital Corp,western-digital-corp-derivatives,ADEN,aden-decentralized-derivatives-exchange,WDC/USDC,perpetual,453.77815653072594,0.0,,,,0,2026-07-29T20:30:56.831Z
Arm Holdings PLC - ADR,arm-holdings-plc-adr-derivatives,Binance,binance,ARM/USDT,perpetual,223.95569835,37341277.71869569,0.0,0.0,0.0,0,2026-07-29T20:33:17.000Z
Arm Holdings PLC - ADR,arm-holdings-plc-adr-derivatives,Aster,aster-pro,ARM/USDT,perpetual,223.69099389,102339.883255,0.0,0.0,0.0,0,2026-07-29T20:33:15.000Z
Arm Holdings PLC - ADR,arm-holdings-plc-adr-derivatives,KuCoin,kucoin,ARM/USDT,perpetual,224.10550149,380460.75142772,0.0,0.0,0.0,0,2026-07-29T20:33:19.000Z
Arm Holdings PLC - ADR,arm-holdings-plc-adr-derivatives,OKX,okx,ARM/USDT,perpetual,224.07133684,9948213.89928895,0.0,0.0,0.0,0,2026-07-29T20:31:28.000Z
Arm Holdings PLC - ADR,arm-holdings-plc-adr-derivatives,Hyperliquid,hyperliquid,xyz:ARM/USDC,perpetual,224.14532628,7764314.49107119,0.0,0.0,0.0,0,2026-07-29T20:33:26.000Z
Arm Holdings PLC - ADR,arm-holdings-plc-adr-derivatives,Gate,gate,ARM/USDT,perpetual,223.5562233,1142311.88045529,0.0,0.0,0.0,0,2026-07-29T20:33:20.000Z
Arm Holdings PLC - ADR,arm-holdings-plc-adr-derivatives,Bybit,bybit,ARM/USDT,perpetual,224.20040406,946142.99831337,0.0,0.0,0.0,0,2026-07-29T20:33:16.000Z
Arm Holdings PLC - ADR,arm-holdings-plc-adr-derivatives,HTX,htx,ARM/USDT,perpetual,226.6536189,10392.14614202,0.0,0.0,0.0,0,2026-07-29T20:27:17.000Z
Arm Holdings PLC - ADR,arm-holdings-plc-adr-derivatives,Crypto.com Exchange,crypto-com-exchange,ARM/USD,perpetual,242.6704323,3214.84298218,0.0,0.0,0.0,0,2026-07-29T12:30:18.000Z
Arm Holdings PLC - ADR,arm-holdings-plc-adr-derivatives,Phemex,phemex,ARM/USDT,perpetual,224.03060067,237018.09598172,0.0,0.0,0.0,0,2026-07-29T20:33:16.000Z
Arm Holdings PLC - ADR,arm-holdings-plc-adr-derivatives,BingX,bingx,ARM/USDT,perpetual,223.85080885,1809105.35297605,0.0,0.0,0.0,0,2026-07-29T20:33:18.000Z
Arm Holdings PLC - ADR,arm-holdings-plc-adr-derivatives,SunX,sunperp,ARM/USDT,perpetual,265.52255819,618264.34705507,0.0,0.0,0.0,0,2026-07-29T20:33:16.000Z
Arm Holdings PLC - ADR,arm-holdings-plc-adr-derivatives,Ourbit,ourbit,ARM/USDT,perpetual,223.97067006,16366633.53826067,0.0,0.0,0.0,0,2026-07-29T20:33:16.000Z
Arm Holdings PLC - ADR,arm-holdings-plc-adr-derivatives,LBank,lbank,ARM/USDT,perpetual,223.98565897,14626218.82457892,0.0,0.0,0.0,0,2026-07-29T20:33:17.000Z
Arm Holdings PLC - ADR,arm-holdings-plc-adr-derivatives,CoinW,coinw,ARM/USDT,perpetual,224.02061224,13274428.27749698,0.0,0.0,0.0,0,2026-07-29T20:33:17.000Z
Arm Holdings PLC - ADR,arm-holdings-plc-adr-derivatives,Tapbit,tapbit,ARM/USDT,perpetual,223.96068163,9053891.84948177,0.0,0.0,0.0,0,2026-07-29T20:33:15.000Z
Arm Holdings PLC - ADR,arm-holdings-plc-adr-derivatives,Toobit,toobit,ARM/USDT,perpetual,224.0106238,3499928.88196435,0.0,0.0,0.0,0,2026-07-29T20:33:17.000Z
Arm Holdings PLC - ADR,arm-holdings-plc-adr-derivatives,WhiteBIT,whitebit,ARM/USDT,perpetual,224.13048502,2307724.51344621,0.0,0.0,0.0,0,2026-07-29T20:33:15.000Z
Arm Holdings PLC - ADR,arm-holdings-plc-adr-derivatives,WEEX,weex,ARM/USDT,perpetual,224.02560648,1664653.61954526,0.0,0.0,0.0,0,2026-07-29T20:33:17.000Z
Arm Holdings PLC - ADR,arm-holdings-plc-adr-derivatives,DigiFinex,digifinex,ARM/USDT,perpetual,223.87078572,1463250.79735969,0.0,0.0,0.0,0,2026-07-29T20:33:16.000Z
Arm Holdings PLC - ADR,arm-holdings-plc-adr-derivatives,KCEX,kcex,ARM/USDT,perpetual,224.42014962,782904.56394008,0.0,0.0,0.0,0,2026-07-29T20:33:15.000Z
Arm Holdings PLC - ADR,arm-holdings-plc-adr-derivatives,Bitunix,bitunix,ARM/USDT,perpetual,224.29811447,674527.22690392,0.0,0.0,0.0,0,2026-07-29T20:24:16.000Z
Arm Holdings PLC - ADR,arm-holdings-plc-adr-derivatives,MGBX,mgbx,ARM/USDT,perpetual,230.6425494,656661.14135743,0.0,0.0,0.0,0,2026-07-29T15:15:16.000Z
Arm Holdings PLC - ADR,arm-holdings-plc-adr-derivatives,OrangeX,orangex,ARM/USDT,perpetual,224.05057754,299282.15880877,0.0,0.0,0.0,0,2026-07-29T20:33:15.000Z
Arm Holdings PLC - ADR,arm-holdings-plc-adr-derivatives,Zoomex,zoomex,ARM/USDT,perpetual,224.20040406,283842.89949401,0.0,0.0,0.0,0,2026-07-29T20:33:17.000Z
Arm Holdings PLC - ADR,arm-holdings-plc-adr-derivatives,YUBIT,yubit,ARM/USDT,perpetual,223.93572459,135898.3650659,0.0,0.0,0.0,0,2026-07-29T20:33:15.000Z
Arm Holdings PLC - ADR,arm-holdings-plc-adr-derivatives,BloFin,blofin,ARM/USDT,perpetual,224.2403578,130932.51437547,0.0,0.0,0.0,0,2026-07-29T20:33:16.000Z
Arm Holdings PLC - ADR,arm-holdings-plc-adr-derivatives,Coinbase International Exchange,coinbase-international-exchange,ARM/USDC,perpetual,223.57645775,117516.60595512,0.0,0.0,0.0,0,2026-07-29T20:33:16.000Z
Arm Holdings PLC - ADR,arm-holdings-plc-adr-derivatives,ADEN,aden-decentralized-derivatives-exchange,ARM/USDT,perpetual,224.72607215,45.09704287,0.0,0.0,0.0,0,2026-07-29T20:30:56.000Z
Arm Holdings PLC - ADR,arm-holdings-plc-adr-derivatives,BitMart,bitmart,ARM/USDT,perpetual,260.41778328,0.0,0.0,0.0,0.0,0,2026-07-29T20:33:16.000Z
Arm Holdings PLC - ADR,arm-holdings-plc-adr-derivatives,BYDFi,bydfi,ARM/USDT,perpetual,240.25318912,248382.83568498,0.0,0.0,0.0,0,2026-07-29T08:30:15.000Z
Arm Holdings PLC - ADR,arm-holdings-plc-adr-derivatives,EasiCoin,easicoin,ARM/USDT,perpetual,224.00563273,1040596.04590154,0.0,0.0,0.0,0,2026-07-29T20:33:16.000Z
Arm Holdings PLC - ADR,arm-holdings-plc-adr-derivatives,BTSE,btse,ARM/USDT,perpetual,224.18200522466347,266529.5136,,,,0,2026-07-29T20:27:15.447Z
Arm Holdings PLC - ADR,arm-holdings-plc-adr-derivatives,BTSE,btse,ARM/USDT,perpetual,224.18200522466347,266529.5136,,,,0,2026-07-29T20:27:15.447Z
Arm Holdings PLC - ADR,arm-holdings-plc-adr-derivatives,Lighter,lighter,ARM/USDC,perpetual,224.18200522466347,0.0,,,,0,2026-07-29T20:33:15.315Z
Coherent,coherent-derivatives,Binance,binance,COHR/USDT,perpetual,218.98223401,3984658.95699373,0.0,0.0,0.0,0,2026-07-29T20:33:17.000Z
Coherent,coherent-derivatives,Aster,aster-pro,COHR/USDT,perpetual,223.16160686,2867.70955213,0.0,0.0,0.0,0,2026-07-29T20:33:15.000Z
Coherent,coherent-derivatives,KuCoin,kucoin,COHR/USDT,perpetual,218.91232587,574084.54572792,0.0,0.0,0.0,0,2026-07-29T20:33:19.000Z
Coherent,coherent-derivatives,Bybit,bybit,COHR/USDT,perpetual,219.08632552,992533.069631,0.0,0.0,0.0,0,2026-07-29T20:33:16.000Z
Coherent,coherent-derivatives,OKX,okx,COHR/USDT,perpetual,221.15496374,497658.38025912,0.0,0.0,0.0,0,2026-07-29T20:31:28.000Z
Coherent,coherent-derivatives,Gate,gate,COHR/USDT,perpetual,218.39300831,280161.83748928,0.0,0.0,0.0,0,2026-07-29T20:33:20.000Z
Coherent,coherent-derivatives,HTX,htx,COHR/USDT,perpetual,219.86100273,42563.26451315,0.0,0.0,0.0,0,2026-07-29T20:27:17.000Z
Coherent,coherent-derivatives,Bitget,bitget,COHR/USDT,perpetual,218.76669561,1012633.79621151,0.0,0.0,0.0,0,2026-07-29T20:33:16.000Z
Coherent,coherent-derivatives,Crypto.com Exchange,crypto-com-exchange,COHR/USD,perpetual,244.91145213,429.9556604,0.0,0.0,0.0,0,2026-07-29T12:30:18.000Z
Coherent,coherent-derivatives,Phemex,phemex,COHR/USDT,perpetual,219.03638335,216704.05649081,0.0,0.0,0.0,0,2026-07-29T20:33:16.000Z
Coherent,coherent-derivatives,BingX,bingx,COHR/USDT,perpetual,218.85659153,1667015.65501936,0.0,0.0,0.0,0,2026-07-29T20:33:18.000Z
Coherent,coherent-derivatives,SunX,sunperp,COHR/USDT,perpetual,268.3492852,940287.90357848,0.0,0.0,0.0,0,2026-07-29T20:33:16.000Z
Coherent,coherent-derivatives,WhiteBIT,whitebit,COHR/USDT,perpetual,218.63684596,3961023.48296645,0.0,0.0,0.0,0,2026-07-29T20:33:15.000Z
Coherent,coherent-derivatives,Ourbit,ourbit,COHR/USDT,perpetual,218.6767997,3100079.85091626,0.0,0.0,0.0,0,2026-07-29T20:33:16.000Z
Coherent,coherent-derivatives,Tapbit,tapbit,COHR/USDT,perpetual,218.77668405,2779601.52616832,0.0,0.0,0.0,0,2026-07-29T20:33:15.000Z
Coherent,coherent-derivatives,CoinW,coinw,COHR/USDT,perpetual,218.70676501,2410458.21181272,0.0,0.0,0.0,0,2026-07-29T20:33:17.000Z
Coherent,coherent-derivatives,LBank,lbank,COHR/USDT,perpetual,218.9422865,1493816.37189444,0.0,0.0,0.0,0,2026-07-29T20:33:17.000Z
Coherent,coherent-derivatives,WEEX,weex,COHR/USDT,perpetual,218.3131133,982783.54349066,0.0,0.0,0.0,0,2026-07-29T20:33:17.000Z
Coherent,coherent-derivatives,Hotcoin,hotcoin-global,COHR/USDT,perpetual,219.01640648,821348.98092854,0.0,0.0,0.0,0,2026-07-29T20:33:21.000Z
Coherent,coherent-derivatives,Bitrue,bitrue,COHR/USDT,perpetual,218.95647587,659775.89034608,0.0,0.0,0.0,0,2026-07-29T20:33:16.000Z
Coherent,coherent-derivatives,Toobit,toobit,COHR/USDT,perpetual,218.62685753,341001.30876731,0.0,0.0,0.0,0,2026-07-29T20:33:17.000Z
Coherent,coherent-derivatives,Zoomex,zoomex,COHR/USDT,perpetual,219.08632552,297759.9208893,0.0,0.0,0.0,0,2026-07-29T20:33:17.000Z
Coherent,coherent-derivatives,KCEX,kcex,COHR/USDT,perpetual,219.00641804,206321.51806768,0.0,0.0,0.0,0,2026-07-29T20:33:15.000Z
Coherent,coherent-derivatives,Bitunix,bitunix,COHR/USDT,perpetual,221.08186969,205438.11499316,0.0,0.0,0.0,0,2026-07-29T20:24:16.000Z
Coherent,coherent-derivatives,YUBIT,yubit,COHR/USDT,perpetual,218.5228377,180712.42461591,0.0,0.0,0.0,0,2026-07-29T20:33:15.000Z
Coherent,coherent-derivatives,MGBX,mgbx,COHR/USDT,perpetual,227.20742635,113429.03935534,0.0,0.0,0.0,0,2026-07-29T15:15:16.000Z
Coherent,coherent-derivatives,BloFin,blofin,COHR/USDT,perpetual,218.09747049,39998.02330726,0.0,0.0,0.0,0,2026-07-29T20:33:16.000Z
Coherent,coherent-derivatives,ADEN,aden-decentralized-derivatives-exchange,COHR/USDT,perpetual,217.84384868,26.80750902,0.0,0.0,0.0,0,2026-07-29T20:30:56.000Z
Coherent,coherent-derivatives,BitMart,bitmart,COHR/USDT,perpetual,281.82964581,0.0,0.0,0.0,0.0,0,2026-07-29T20:33:16.000Z
Home Depot Inc,home-depot-inc-derivatives,Binance,binance,HD/USDT,perpetual,337.67625741,529405.66523822,0.0,0.0,0.0,0,2026-07-29T20:33:17.000Z
Home Depot Inc,home-depot-inc-derivatives,Aster,aster-pro,HD/USDT,perpetual,342.40353966,15426.51802757,0.0,0.0,0.0,0,2026-07-29T20:33:15.000Z
Home Depot Inc,home-depot-inc-derivatives,KuCoin,kucoin,HD/USDT,perpetual,338.69491878,450089.4113484,0.0,0.0,0.0,0,2026-07-29T20:33:19.000Z
Home Depot Inc,home-depot-inc-derivatives,HTX,htx,HD/USDT,perpetual,338.01256749,37150.30380725,0.0,0.0,0.0,0,2026-07-29T20:27:17.000Z
Home Depot Inc,home-depot-inc-derivatives,Gate,gate,HD/USDT,perpetual,338.35536499,5038.37903302,0.0,0.0,0.0,0,2026-07-29T20:33:20.000Z
Home Depot Inc,home-depot-inc-derivatives,Phemex,phemex,HD/USDT,perpetual,338.49806171,39250.65776279,0.0,0.0,0.0,0,2026-07-29T20:33:16.000Z
Home Depot Inc,home-depot-inc-derivatives,SunX,sunperp,HD/USDT,perpetual,336.49038635,165186.41265883,0.0,0.0,0.0,0,2026-07-29T20:33:16.000Z
Home Depot Inc,home-depot-inc-derivatives,Ourbit,ourbit,HD/USDT,perpetual,338.24835085,9423395.4835124,0.0,0.0,0.0,0,2026-07-29T20:33:16.000Z
Home Depot Inc,home-depot-inc-derivatives,KCEX,kcex,HD/USDT,perpetual,338.19840867,4198484.65602051,0.0,0.0,0.0,0,2026-07-29T20:33:15.000Z
Home Depot Inc,home-depot-inc-derivatives,LBank,lbank,HD/USDT,perpetual,338.1855881,228932.95230377,0.0,0.0,0.0,0,2026-07-29T20:33:17.000Z
Home Depot Inc,home-depot-inc-derivatives,Toobit,toobit,HD/USDT,perpetual,337.93870937,161696.35330969,0.0,0.0,0.0,0,2026-07-29T20:33:17.000Z
Home Depot Inc,home-depot-inc-derivatives,OrangeX,orangex,HD/USDT,perpetual,338.04858215,132022.71426078,0.0,0.0,0.0,0,2026-07-29T20:33:15.000Z
Home Depot Inc,home-depot-inc-derivatives,WEEX,weex,HD/USDT,perpetual,337.99583745,110261.5090268,0.0,0.0,0.0,0,2026-07-29T20:33:17.000Z
Home Depot Inc,home-depot-inc-derivatives,Bitrue,bitrue,HD/USDT,perpetual,338.09852433,101755.70599897,0.0,0.0,0.0,0,2026-07-29T20:33:16.000Z
Home Depot Inc,home-depot-inc-derivatives,Hotcoin,hotcoin-global,HD/USDT,perpetual,337.90874407,100452.68838989,0.0,0.0,0.0,0,2026-07-29T20:33:21.000Z
Home Depot Inc,home-depot-inc-derivatives,Bitunix,bitunix,HD/USDT,perpetual,337.84553901,78518.67333077,0.0,0.0,0.0,0,2026-07-29T20:24:16.000Z
Home Depot Inc,home-depot-inc-derivatives,YUBIT,yubit,HD/USDT,perpetual,337.83604743,35824.70252312,0.0,0.0,0.0,0,2026-07-29T20:33:15.000Z
Home Depot Inc,home-depot-inc-derivatives,BitMart,bitmart,HD/USDT,perpetual,331.10489289,0.0,0.0,0.0,0.0,0,2026-07-29T20:33:16.000Z
Home Depot Inc,home-depot-inc-derivatives,ADEN,aden-decentralized-derivatives-exchange,HD/USDT,perpetual,338.51749423,0.0,0.0,0.0,0.0,0,2026-07-29T20:30:56.000Z
Uber Technologies Inc,uber-technologies-inc-derivatives,Binance,binance,UBER/USDT,perpetual,70.77699149,427228.43730454,0.0,0.0,0.0,0,2026-07-29T20:33:17.000Z
Uber Technologies Inc,uber-technologies-inc-derivatives,Aster,aster-pro,UBER/USDT,perpetual,71.30743494,10003.61706652,0.0,0.0,0.0,0,2026-07-29T20:33:15.000Z
Uber Technologies Inc,uber-technologies-inc-derivatives,KuCoin,kucoin,UBER/USDT,perpetual,70.51733271,525899.65840483,0.0,0.0,0.0,0,2026-07-29T20:33:19.000Z
Uber Technologies Inc,uber-technologies-inc-derivatives,Gate,gate,UBER/USDT,perpetual,70.87686025,138183.41227036,0.0,0.0,0.0,0,2026-07-29T20:33:20.000Z
Uber Technologies Inc,uber-technologies-inc-derivatives,HTX,htx,UBER/USDT,perpetual,70.8729584,26673.74782194,0.0,0.0,0.0,0,2026-07-29T20:27:17.000Z
Uber Technologies Inc,uber-technologies-inc-derivatives,Phemex,phemex,UBER/USDT,perpetual,70.84796694,32332.92472973,0.0,0.0,0.0,0,2026-07-29T20:33:16.000Z
Uber Technologies Inc,uber-technologies-inc-derivatives,SunX,sunperp,UBER/USDT,perpetual,67.9812862,319496.78640619,0.0,0.0,0.0,0,2026-07-29T20:33:16.000Z
Uber Technologies Inc,uber-technologies-inc-derivatives,Ourbit,ourbit,UBER/USDT,perpetual,70.7480826,7675941.01774384,0.0,0.0,0.0,0,2026-07-29T20:33:16.000Z
Uber Technologies Inc,uber-technologies-inc-derivatives,BitMart,bitmart,UBER/USDT,perpetual,70.76700461,1604637.91557602,0.0,0.0,0.0,0,2026-07-29T20:33:16.000Z
Uber Technologies Inc,uber-technologies-inc-derivatives,OrangeX,orangex,UBER/USDT,perpetual,70.75807103,384028.61304726,0.0,0.0,0.0,0,2026-07-29T20:33:15.000Z
Uber Technologies Inc,uber-technologies-inc-derivatives,LBank,lbank,UBER/USDT,perpetual,70.63717522,283569.71617352,0.0,0.0,0.0,0,2026-07-29T20:33:17.000Z
Uber Technologies Inc,uber-technologies-inc-derivatives,WEEX,weex,UBER/USDT,perpetual,70.74703086,197786.01310114,0.0,0.0,0.0,0,2026-07-29T20:33:17.000Z
Uber Technologies Inc,uber-technologies-inc-derivatives,Bitunix,bitunix,UBER/USDT,perpetual,70.83729194,77488.19649277,0.0,0.0,0.0,0,2026-07-29T20:24:16.000Z
Uber Technologies Inc,uber-technologies-inc-derivatives,Hotcoin,hotcoin-global,UBER/USDT,perpetual,70.7480826,67203.18714077,0.0,0.0,0.0,0,2026-07-29T20:33:21.000Z
Uber Technologies Inc,uber-technologies-inc-derivatives,Toobit,toobit,UBER/USDT,perpetual,70.72810573,59913.08646272,0.0,0.0,0.0,0,2026-07-29T20:33:17.000Z
Uber Technologies Inc,uber-technologies-inc-derivatives,KCEX,kcex,UBER/USDT,perpetual,70.76805947,38738.87324506,0.0,0.0,0.0,0,2026-07-29T20:33:15.000Z
Uber Technologies Inc,uber-technologies-inc-derivatives,YUBIT,yubit,UBER/USDT,perpetual,70.75701774,38642.34983428,0.0,0.0,0.0,0,2026-07-29T20:33:15.000Z
Uber Technologies Inc,uber-technologies-inc-derivatives,DeriW,deriw,UBER/USDT,perpetual,70.76648414362788,0.0,,,,0,2026-07-29T20:33:15.453Z
Uber Technologies Inc,uber-technologies-inc-derivatives,DeriW,deriw,UBER/USDT,perpetual,70.76648414362788,0.0,,,,0,2026-07-29T20:33:15.453Z
Uber Technologies Inc,uber-technologies-inc-derivatives,ADEN,aden-decentralized-derivatives-exchange,UBER/USDT,perpetual,70.76648414362788,0.0,,,,0,2026-07-29T20:30:56.831Z
Uber Technologies Inc,uber-technologies-inc-derivatives,ADEN,aden-decentralized-derivatives-exchange,UBER/USDT,perpetual,70.76648414362788,0.0,,,,0,2026-07-29T20:30:56.831Z
Walt Disney Co,walt-disney-co-derivatives,Binance,binance,DIS/USDT,perpetual,98.62040228,292545.21511141,0.0,0.0,0.0,0,2026-07-29T20:33:17.000Z
Walt Disney Co,walt-disney-co-derivatives,Aster,aster-pro,DIS/USDT,perpetual,98.84554926,42066.59216405,0.0,0.0,0.0,0,2026-07-29T20:33:15.000Z
Walt Disney Co,walt-disney-co-derivatives,KuCoin,kucoin,DIS/USDT,perpetual,97.53183278,602647.33837451,0.0,0.0,0.0,0,2026-07-29T20:33:19.000Z
Walt Disney Co,walt-disney-co-derivatives,HTX,htx,DIS/USDT,perpetual,98.37306474,11963.01075246,0.0,0.0,0.0,0,2026-07-29T20:27:17.000Z
Walt Disney Co,walt-disney-co-derivatives,Phemex,phemex,DIS/USDT,perpetual,98.26622005,23909.22841321,0.0,0.0,0.0,0,2026-07-29T20:33:16.000Z
Walt Disney Co,walt-disney-co-derivatives,SunX,sunperp,DIS/USDT,perpetual,96.58816303,441141.74800254,0.0,0.0,0.0,0,2026-07-29T20:33:16.000Z
Walt Disney Co,walt-disney-co-derivatives,OrangeX,orangex,DIS/USDT,perpetual,98.46598874,213222.70485922,0.0,0.0,0.0,0,2026-07-29T20:33:15.000Z
Walt Disney Co,walt-disney-co-derivatives,LBank,lbank,DIS/USDT,perpetual,98.58045478,185988.75315792,0.0,0.0,0.0,0,2026-07-29T20:33:17.000Z
Walt Disney Co,walt-disney-co-derivatives,Bitunix,bitunix,DIS/USDT,perpetual,98.3851277,83574.23057376,0.0,0.0,0.0,0,2026-07-29T20:24:16.000Z
Walt Disney Co,walt-disney-co-derivatives,Toobit,toobit,DIS/USDT,perpetual,98.31616222,81486.56528091,0.0,0.0,0.0,0,2026-07-29T20:33:17.000Z
Walt Disney Co,walt-disney-co-derivatives,WEEX,weex,DIS/USDT,perpetual,98.45062539,35995.4128915,0.0,0.0,0.0,0,2026-07-29T20:33:17.000Z
Walt Disney Co,walt-disney-co-derivatives,YUBIT,yubit,DIS/USDT,perpetual,98.47059914,33851.14598673,0.0,0.0,0.0,0,2026-07-29T20:33:15.000Z
Walt Disney Co,walt-disney-co-derivatives,ADEN,aden-decentralized-derivatives-exchange,DIS/USDT,perpetual,98.32889387,86.8834266,0.0,0.0,0.0,0,2026-07-29T20:30:56.000Z
Walt Disney Co,walt-disney-co-derivatives,BitMart,bitmart,DIS/USDT,perpetual,95.12499562,0.0,0.0,0.0,0.0,0,2026-07-29T20:33:16.000Z
Walt Disney Co,walt-disney-co-derivatives,Ourbit,ourbit,DIS/USDT,perpetual,98.38786421839674,7908958.955432969,,,,0,2026-07-29T20:33:16.966Z
Walt Disney Co,walt-disney-co-derivatives,Ourbit,ourbit,DIS/USDT,perpetual,98.38786421839674,7846722.629607489,,,,0,2026-07-29T20:33:16.966Z
Walt Disney Co,walt-disney-co-derivatives,Gate,gate,DIS/USDT,perpetual,98.38786421839674,2367.0,,,,0,2026-07-29T20:33:20.005Z
Walt Disney Co,walt-disney-co-derivatives,Gate,gate,DIS/USDT,perpetual,98.38786421839674,2367.0,,,,0,2026-07-29T20:33:20.005Z
Hyperliquid Strategies Inc,hyperliquid-strategies-inc-derivatives,Hyperliquid,hyperliquid,xyz:PURRDAT/USDC,perpetual,5.94338513,2410350.43231322,0.0,0.0,0.0,0,2026-07-29T20:33:26.000Z
Hyperliquid Strategies Inc,hyperliquid-strategies-inc-derivatives,Bybit,bybit,PURR/USDT,perpetual,5.95310705,72148.44395382,0.0,0.0,0.0,0,2026-07-29T20:33:16.000Z
Hyperliquid Strategies Inc,hyperliquid-strategies-inc-derivatives,Zoomex,zoomex,PURR/USDT,perpetual,5.95310705,21644.53318615,0.0,0.0,0.0,0,2026-07-29T20:33:17.000Z
"Fluence Energy, Inc. Class A Common Stock",fluence-energy-inc-class-a-common-stock-derivatives,Binance,binance,FLNC/USDT,perpetual,11.97426454,4411351.57971573,0.0,0.0,0.0,0,2026-07-29T20:33:17.000Z
"Fluence Energy, Inc. Class A Common Stock",fluence-energy-inc-class-a-common-stock-derivatives,Aster,aster-pro,FLNC/USDT,perpetual,11.97613314,39961.47962026,0.0,0.0,0.0,0,2026-07-29T20:33:15.000Z
"Fluence Energy, Inc. Class A Common Stock",fluence-energy-inc-class-a-common-stock-derivatives,KuCoin,kucoin,FLNC/USDT,perpetual,11.95429079,740354.99463896,0.0,0.0,0.0,0,2026-07-29T20:33:19.000Z
"Fluence Energy, Inc. Class A Common Stock",fluence-energy-inc-class-a-common-stock-derivatives,Bybit,bybit,FLNC/USDT,perpetual,11.94616784,389291.66309562,0.0,0.0,0.0,0,2026-07-29T20:33:16.000Z
"Fluence Energy, Inc. Class A Common Stock",fluence-energy-inc-class-a-common-stock-derivatives,Gate,gate,FLNC/USDT,perpetual,11.94829866,349582.6111946,0.0,0.0,0.0,0,2026-07-29T20:33:20.000Z
"Fluence Energy, Inc. Class A Common Stock",fluence-energy-inc-class-a-common-stock-derivatives,OKX,okx,FLNC/USDT,perpetual,12.00507006,339388.13272507,0.0,0.0,0.0,0,2026-07-29T20:31:28.000Z
"Fluence Energy, Inc. Class A Common Stock",fluence-energy-inc-class-a-common-stock-derivatives,HTX,htx,FLNC/USDT,perpetual,11.97698057,4320.95295984,0.0,0.0,0.0,0,2026-07-29T20:27:17.000Z
"Fluence Energy, Inc. Class A Common Stock",fluence-energy-inc-class-a-common-stock-derivatives,Bitget,bitget,FLNC/USDT,perpetual,11.9821262,416777.91761139,0.0,0.0,0.0,0,2026-07-29T20:33:16.000Z
"Fluence Energy, Inc. Class A Common Stock",fluence-energy-inc-class-a-common-stock-derivatives,Phemex,phemex,FLNC/USDT,perpetual,11.98612158,310625.45879055,0.0,0.0,0.0,0,2026-07-29T20:33:16.000Z
"Fluence Energy, Inc. Class A Common Stock",fluence-energy-inc-class-a-common-stock-derivatives,MEXC,mexc,FLNCSTOCK/USDT,perpetual,11.95615627,97867.94419937,0.0,0.0,0.0,0,2026-07-29T20:33:16.000Z
"Fluence Energy, Inc. Class A Common Stock",fluence-energy-inc-class-a-common-stock-derivatives,SunX,sunperp,FLNC/USDT,perpetual,13.33456025,1219573.71464915,0.0,0.0,0.0,0,2026-07-29T20:33:16.000Z
"Fluence Energy, Inc. Class A Common Stock",fluence-energy-inc-class-a-common-stock-derivatives,BingX,bingx,FLNC/USDT,perpetual,11.94616784,1212801.59791068,0.0,0.0,0.0,0,2026-07-29T20:33:18.000Z
"Fluence Energy, Inc. Class A Common Stock",fluence-energy-inc-class-a-common-stock-derivatives,Ourbit,ourbit,FLNC/USDT,perpetual,11.96614471,4229378.9847639,0.0,0.0,0.0,0,2026-07-29T20:33:16.000Z
"Fluence Energy, Inc. Class A Common Stock",fluence-energy-inc-class-a-common-stock-derivatives,OrangeX,orangex,FLNC/USDT,perpetual,11.95615627,3951229.37211801,0.0,0.0,0.0,0,2026-07-29T20:33:15.000Z
"Fluence Energy, Inc. Class A Common Stock",fluence-energy-inc-class-a-common-stock-derivatives,LBank,lbank,FLNC/USDT,perpetual,11.97426454,2296008.56206861,0.0,0.0,0.0,0,2026-07-29T20:33:17.000Z
"Fluence Energy, Inc. Class A Common Stock",fluence-energy-inc-class-a-common-stock-derivatives,CoinW,coinw,FLNC/USDT,perpetual,11.97613314,1335317.88941631,0.0,0.0,0.0,0,2026-07-29T20:33:17.000Z
"Fluence Energy, Inc. Class A Common Stock",fluence-energy-inc-class-a-common-stock-derivatives,WhiteBIT,whitebit,FLNC/USDT,perpetual,11.94616784,816626.38460258,0.0,0.0,0.0,0,2026-07-29T20:33:15.000Z
"Fluence Energy, Inc. Class A Common Stock",fluence-energy-inc-class-a-common-stock-derivatives,Toobit,toobit,FLNC/USDT,perpetual,11.96614471,804088.65462088,0.0,0.0,0.0,0,2026-07-29T20:33:17.000Z
"Fluence Energy, Inc. Class A Common Stock",fluence-energy-inc-class-a-common-stock-derivatives,Bitrue,bitrue,FLNC/USDT,perpetual,11.95615627,660566.00714995,0.0,0.0,0.0,0,2026-07-29T20:33:16.000Z
"Fluence Energy, Inc. Class A Common Stock",fluence-energy-inc-class-a-common-stock-derivatives,Hotcoin,hotcoin-global,FLNC/USDT,perpetual,11.96614471,509098.52777758,0.0,0.0,0.0,0,2026-07-29T20:33:21.000Z
"Fluence Energy, Inc. Class A Common Stock",fluence-energy-inc-class-a-common-stock-derivatives,YUBIT,yubit,FLNC/USDT,perpetual,11.96427766,339641.42497271,0.0,0.0,0.0,0,2026-07-29T20:33:15.000Z
"Fluence Energy, Inc. Class A Common Stock",fluence-energy-inc-class-a-common-stock-derivatives,WEEX,weex,FLNC/USDT,perpetual,11.95429079,286154.8450387,0.0,0.0,0.0,0,2026-07-29T20:33:17.000Z
"Fluence Energy, Inc. Class A Common Stock",fluence-energy-inc-class-a-common-stock-derivatives,KCEX,kcex,FLNC/USDT,perpetual,11.95615627,284464.97624718,0.0,0.0,0.0,0,2026-07-29T20:33:15.000Z
"Fluence Energy, Inc. Class A Common Stock",fluence-energy-inc-class-a-common-stock-derivatives,Zoomex,zoomex,FLNC/USDT,perpetual,11.94616784,116787.49892869,0.0,0.0,0.0,0,2026-07-29T20:33:17.000Z
"Fluence Energy, Inc. Class A Common Stock",fluence-energy-inc-class-a-common-stock-derivatives,Bitunix,bitunix,FLNC/USDT,perpetual,11.99599374,103050.26079093,0.0,0.0,0.0,0,2026-07-29T20:24:16.000Z
"Fluence Energy, Inc. Class A Common Stock",fluence-energy-inc-class-a-common-stock-derivatives,BitMart,bitmart,FLNC/USDT,perpetual,13.40238783,0.0,0.0,0.0,0.0,0,2026-07-29T20:33:16.000Z
"Fluence Energy, Inc. Class A Common Stock",fluence-energy-inc-class-a-common-stock-derivatives,ADEN,aden-decentralized-derivatives-exchange,FLNC/USDT,perpetual,11.98545711,0.0,0.0,0.0,0.0,0,2026-07-29T20:30:56.000Z
Corning Inc,corning-inc-derivatives,Binance,binance,GLW/USDT,perpetual,121.56025687,39658505.96274083,0.0,0.0,0.0,0,2026-07-29T20:33:17.000Z
Corning Inc,corning-inc-derivatives,Aster,aster-pro,GLW/USDT,perpetual,125.12512081,9542.74070352,0.0,0.0,0.0,0,2026-07-29T20:33:15.000Z
Corning Inc,corning-inc-derivatives,KuCoin,kucoin,GLW/USDT,perpetual,121.41045373,539648.35615082,0.0,0.0,0.0,0,2026-07-29T20:33:19.000Z
Corning Inc,corning-inc-derivatives,OKX,okx,GLW/USDT,perpetual,123.11688742,8655725.3827429,0.0,0.0,0.0,0,2026-07-29T20:31:28.000Z
Corning Inc,corning-inc-derivatives,Gate,gate,GLW/USDT,perpetual,121.51032249,2556773.12764031,0.0,0.0,0.0,0,2026-07-29T20:33:20.000Z
Corning Inc,corning-inc-derivatives,Bybit,bybit,GLW/USDT,perpetual,121.82893738,1207039.78346891,0.0,0.0,0.0,0,2026-07-29T20:33:16.000Z
Corning Inc,corning-inc-derivatives,HTX,htx,GLW/USDT,perpetual,122.58674355,29824.58314414,0.0,0.0,0.0,0,2026-07-29T20:27:17.000Z
Corning Inc,corning-inc-derivatives,Bitget,bitget,GLW/USDT,perpetual,121.59920338,4959458.3873133,0.0,0.0,0.0,0,2026-07-29T20:33:16.000Z
Corning Inc,corning-inc-derivatives,Phemex,phemex,GLW/USDT,perpetual,121.73904146,1045844.44175066,0.0,0.0,0.0,0,2026-07-29T20:33:16.000Z
Corning Inc,corning-inc-derivatives,Biconomy.com,biconomy,GLW/USDT,perpetual,121.59920338,9537835.31055059,0.0,0.0,0.0,0,2026-07-29T20:33:15.000Z
Corning Inc,corning-inc-derivatives,BingX,bingx,GLW/USDT,perpetual,121.52928434,1699042.63179843,0.0,0.0,0.0,0,2026-07-29T20:33:18.000Z
Corning Inc,corning-inc-derivatives,SunX,sunperp,GLW/USDT,perpetual,142.34518214,566292.16152536,0.0,0.0,0.0,0,2026-07-29T20:33:16.000Z
Corning Inc,corning-inc-derivatives,Ourbit,ourbit,GLW/USDT,perpetual,121.5192959,54745891.21302908,0.0,0.0,0.0,0,2026-07-29T20:33:16.000Z
Corning Inc,corning-inc-derivatives,CoinW,coinw,GLW/USDT,perpetual,121.50930747,14206283.06656403,0.0,0.0,0.0,0,2026-07-29T20:33:17.000Z
Corning Inc,corning-inc-derivatives,Bitrue,bitrue,GLW/USDT,perpetual,121.49931903,5593020.82538831,0.0,0.0,0.0,0,2026-07-29T20:33:16.000Z
Corning Inc,corning-inc-derivatives,WhiteBIT,whitebit,GLW/USDT,perpetual,121.50930747,3657354.76494289,0.0,0.0,0.0,0,2026-07-29T20:33:15.000Z
Corning Inc,corning-inc-derivatives,Hotcoin,hotcoin-global,GLW/USDT,perpetual,121.59920338,1509448.24830754,0.0,0.0,0.0,0,2026-07-29T20:33:21.000Z
Corning Inc,corning-inc-derivatives,KCEX,kcex,GLW/USDT,perpetual,121.63915712,1444640.74476573,0.0,0.0,0.0,0,2026-07-29T20:33:15.000Z
Corning Inc,corning-inc-derivatives,Bitunix,bitunix,GLW/USDT,perpetual,123.19615889,1369507.63312729,0.0,0.0,0.0,0,2026-07-29T20:24:16.000Z
Corning Inc,corning-inc-derivatives,MGBX,mgbx,GLW/USDT,perpetual,126.33064434,1092153.56434736,0.0,0.0,0.0,0,2026-07-29T15:15:16.000Z
Corning Inc,corning-inc-derivatives,OrangeX,orangex,GLW/USDT,perpetual,121.55924964,772765.93400154,0.0,0.0,0.0,0,2026-07-29T20:33:15.000Z
Corning Inc,corning-inc-derivatives,LBank,lbank,GLW/USDT,perpetual,121.47037498,764496.22129445,0.0,0.0,0.0,0,2026-07-29T20:33:17.000Z
Corning Inc,corning-inc-derivatives,WEEX,weex,GLW/USDT,perpetual,121.48036186,728280.9519178,0.0,0.0,0.0,0,2026-07-29T20:33:17.000Z
Corning Inc,corning-inc-derivatives,Zoomex,zoomex,GLW/USDT,perpetual,121.82893738,362111.93504067,0.0,0.0,0.0,0,2026-07-29T20:33:17.000Z
Corning Inc,corning-inc-derivatives,BloFin,blofin,GLW/USDT,perpetual,121.53927277,92636.0817397,0.0,0.0,0.0,0,2026-07-29T20:33:16.000Z
Corning Inc,corning-inc-derivatives,ADEN,aden-decentralized-derivatives-exchange,GLW/USDT,perpetual,122.37172682,246.75118501,0.0,0.0,0.0,0,2026-07-29T20:30:56.000Z
Corning Inc,corning-inc-derivatives,BitMart,bitmart,GLW/USDT,perpetual,146.88697486,0.0,0.0,0.0,0.0,0,2026-07-29T20:33:16.000Z
Corning Inc,corning-inc-derivatives,Fillx,fillx,GLW/USDC,perpetual,122.16523296528499,0.0,,,,0,2026-07-29T20:33:16.593Z
Corning Inc,corning-inc-derivatives,ADEN,aden-decentralized-derivatives-exchange,GLW/USDC,perpetual,122.16523296528499,0.0,,,,0,2026-07-29T20:30:56.831Z
JPmorgan Chase & Co,jpmorgan-chase-co-derivatives,Binance,binance,JPM/USDT,perpetual,344.77692638,946289.18916138,0.0,0.0,0.0,0,2026-07-29T20:33:17.000Z
JPmorgan Chase & Co,jpmorgan-chase-co-derivatives,Aster,aster-pro,JPM/USDT,perpetual,349.44538609,6935.05008209,0.0,0.0,0.0,0,2026-07-29T20:33:15.000Z
JPmorgan Chase & Co,jpmorgan-chase-co-derivatives,KuCoin,kucoin,JPM/USDT,perpetual,345.61582398,614641.17958899,0.0,0.0,0.0,0,2026-07-29T20:33:19.000Z
JPmorgan Chase & Co,jpmorgan-chase-co-derivatives,Gate,gate,JPM/USDT,perpetual,345.57587647,151741.5953729,0.0,0.0,0.0,0,2026-07-29T20:33:20.000Z
JPmorgan Chase & Co,jpmorgan-chase-co-derivatives,HTX,htx,JPM/USDT,perpetual,345.11484704,38374.1344568,0.0,0.0,0.0,0,2026-07-29T20:27:17.000Z
JPmorgan Chase & Co,jpmorgan-chase-co-derivatives,Bitget,bitget,JPM/USDT,perpetual,345.4699891,19598.94488076,0.0,0.0,0.0,0,2026-07-29T20:33:16.000Z
JPmorgan Chase & Co,jpmorgan-chase-co-derivatives,Phemex,phemex,JPM/USDT,perpetual,344.69089119,63730.88183467,0.0,0.0,0.0,0,2026-07-29T20:33:16.000Z
JPmorgan Chase & Co,jpmorgan-chase-co-derivatives,BingX,bingx,JPM/USDT,perpetual,344.7508218,1642295.14826469,0.0,0.0,0.0,0,2026-07-29T20:33:18.000Z
JPmorgan Chase & Co,jpmorgan-chase-co-derivatives,SunX,sunperp,JPM/USDT,perpetual,355.60825026,457402.00086977,0.0,0.0,0.0,0,2026-07-29T20:33:16.000Z
JPmorgan Chase & Co,jpmorgan-chase-co-derivatives,BitMart,bitmart,JPM/USDT,perpetual,344.73697887,1599053.50089204,0.0,0.0,0.0,0,2026-07-29T20:33:16.000Z
JPmorgan Chase & Co,jpmorgan-chase-co-derivatives,LBank,lbank,JPM/USDT,perpetual,344.78691325,1395148.64779872,0.0,0.0,0.0,0,2026-07-29T20:33:17.000Z
JPmorgan Chase & Co,jpmorgan-chase-co-derivatives,Toobit,toobit,JPM/USDT,perpetual,344.84071771,934826.35476679,0.0,0.0,0.0,0,2026-07-29T20:33:17.000Z
JPmorgan Chase & Co,jpmorgan-chase-co-derivatives,Ourbit,ourbit,JPM/USDT,perpetual,344.79077554,585789.8331878,0.0,0.0,0.0,0,2026-07-29T20:33:16.000Z
JPmorgan Chase & Co,jpmorgan-chase-co-derivatives,Bitunix,bitunix,JPM/USDT,perpetual,345.02715391,229981.29891354,0.0,0.0,0.0,0,2026-07-29T20:24:16.000Z
JPmorgan Chase & Co,jpmorgan-chase-co-derivatives,Hotcoin,hotcoin-global,JPM/USDT,perpetual,345.04048641,228761.12332013,0.0,0.0,0.0,0,2026-07-29T20:33:21.000Z
JPmorgan Chase & Co,jpmorgan-chase-co-derivatives,WEEX,weex,JPM/USDT,perpetual,344.73697887,140541.63291712,0.0,0.0,0.0,0,2026-07-29T20:33:17.000Z
JPmorgan Chase & Co,jpmorgan-chase-co-derivatives,OrangeX,orangex,JPM/USDT,perpetual,344.78078711,127544.41956418,0.0,0.0,0.0,0,2026-07-29T20:33:15.000Z
JPmorgan Chase & Co,jpmorgan-chase-co-derivatives,Bitrue,bitrue,JPM/USDT,perpetual,344.80076397,124004.28080071,0.0,0.0,0.0,0,2026-07-29T20:33:16.000Z
JPmorgan Chase & Co,jpmorgan-chase-co-derivatives,KCEX,kcex,JPM/USDT,perpetual,344.77079867,62146.83516198,0.0,0.0,0.0,0,2026-07-29T20:33:15.000Z
JPmorgan Chase & Co,jpmorgan-chase-co-derivatives,YUBIT,yubit,JPM/USDT,perpetual,344.73697887,40226.65788467,0.0,0.0,0.0,0,2026-07-29T20:33:15.000Z
JPmorgan Chase & Co,jpmorgan-chase-co-derivatives,ADEN,aden-decentralized-derivatives-exchange,JPM/USDT,perpetual,345.26986443,0.0,0.0,0.0,0.0,0,2026-07-29T20:30:56.000Z
Visa Inc,visa-inc-derivatives,Binance,binance,V/USDT,perpetual,368.97512736,1620103.21372615,0.0,0.0,0.0,0,2026-07-29T20:33:17.000Z
Visa Inc,visa-inc-derivatives,Aster,aster-pro,V/USDT,perpetual,360.65240976,10166.00903699,0.0,0.0,0.0,0,2026-07-29T20:33:15.000Z
Visa Inc,visa-inc-derivatives,KuCoin,kucoin,V/USDT,perpetual,370.03373624,613681.80431035,0.0,0.0,0.0,0,2026-07-29T20:33:19.000Z
Visa Inc,visa-inc-derivatives,Bybit,bybit,V/USDT,perpetual,368.15372418,5193072.41827524,0.0,0.0,0.0,0,2026-07-29T20:33:16.000Z
Visa Inc,visa-inc-derivatives,HTX,htx,V/USDT,perpetual,369.27858014,41652.1365439,0.0,0.0,0.0,0,2026-07-29T20:27:17.000Z
Visa Inc,visa-inc-derivatives,Gate,gate,V/USDT,perpetual,369.41454991,34751.333045,0.0,0.0,0.0,0,2026-07-29T20:33:20.000Z
Visa Inc,visa-inc-derivatives,Bitget,bitget,V/USDT,perpetual,369.41226694,55240.69360744,0.0,0.0,0.0,0,2026-07-29T20:33:16.000Z
Visa Inc,visa-inc-derivatives,Phemex,phemex,V/USDT,perpetual,369.43224381,105460.45322649,0.0,0.0,0.0,0,2026-07-29T20:33:16.000Z
Visa Inc,visa-inc-derivatives,BingX,bingx,V/USDT,perpetual,368.56325,1240953.74126072,0.0,0.0,0.0,0,2026-07-29T20:33:18.000Z
Visa Inc,visa-inc-derivatives,SunX,sunperp,V/USDT,perpetual,362.08075591,115853.48959431,0.0,0.0,0.0,0,2026-07-29T20:33:16.000Z
Visa Inc,visa-inc-derivatives,KCEX,kcex,V/USDT,perpetual,368.94281051,6291311.44097471,0.0,0.0,0.0,0,2026-07-29T20:33:15.000Z
Visa Inc,visa-inc-derivatives,Ourbit,ourbit,V/USDT,perpetual,369.20250981,2027122.1380918,0.0,0.0,0.0,0,2026-07-29T20:33:16.000Z
Visa Inc,visa-inc-derivatives,Zoomex,zoomex,V/USDT,perpetual,368.15372418,1557921.72548257,0.0,0.0,0.0,0,2026-07-29T20:33:17.000Z
Visa Inc,visa-inc-derivatives,LBank,lbank,V/USDT,perpetual,368.82532422,667392.77257418,0.0,0.0,0.0,0,2026-07-29T20:33:17.000Z
Visa Inc,visa-inc-derivatives,WEEX,weex,V/USDT,perpetual,369.2947074,643227.57891389,0.0,0.0,0.0,0,2026-07-29T20:33:17.000Z
Visa Inc,visa-inc-derivatives,Toobit,toobit,V/USDT,perpetual,369.36232477,354459.89451356,0.0,0.0,0.0,0,2026-07-29T20:33:17.000Z
Visa Inc,visa-inc-derivatives,Bitunix,bitunix,V/USDT,perpetual,368.97918805,195879.97486652,0.0,0.0,0.0,0,2026-07-29T20:24:16.000Z
Visa Inc,visa-inc-derivatives,OrangeX,orangex,V/USDT,perpetual,369.26244042,152050.55453448,0.0,0.0,0.0,0,2026-07-29T20:33:15.000Z
Visa Inc,visa-inc-derivatives,YUBIT,yubit,V/USDT,perpetual,369.19483864,95381.56845444,0.0,0.0,0.0,0,2026-07-29T20:33:15.000Z
Visa Inc,visa-inc-derivatives,BloFin,blofin,V/USDT,perpetual,368.92283364,22064.32418084,0.0,0.0,0.0,0,2026-07-29T20:33:16.000Z
Visa Inc,visa-inc-derivatives,ADEN,aden-decentralized-derivatives-exchange,V/USDT,perpetual,368.88318271,341.03664773,0.0,0.0,0.0,0,2026-07-29T20:30:56.000Z
Visa Inc,visa-inc-derivatives,BitMart,bitmart,V/USDT,perpetual,353.8649837,0.0,0.0,0.0,0.0,0,2026-07-29T20:33:16.000Z
Walmart Inc,walmart-inc-derivatives,Binance,binance,WMT/USDT,perpetual,114.27982413,678700.18512908,0.0,0.0,0.0,0,2026-07-29T20:33:17.000Z
Walmart Inc,walmart-inc-derivatives,Aster,aster-pro,WMT/USDT,perpetual,112.8693115,46099.31277953,0.0,0.0,0.0,0,2026-07-29T20:33:15.000Z
Walmart Inc,walmart-inc-derivatives,KuCoin,kucoin,WMT/USDT,perpetual,114.16996849,416548.51785683,0.0,0.0,0.0,0,2026-07-29T20:33:19.000Z
Walmart Inc,walmart-inc-derivatives,Gate,gate,WMT/USDT,perpetual,114.31977164,3994.75047217,0.0,0.0,0.0,0,2026-07-29T20:33:20.000Z
Walmart Inc,walmart-inc-derivatives,Bitget,bitget,WMT/USDT,perpetual,114.27768078,44796.53912797,0.0,0.0,0.0,0,2026-07-29T20:33:16.000Z
Walmart Inc,walmart-inc-derivatives,Phemex,phemex,WMT/USDT,perpetual,114.26769235,51725.28580861,0.0,0.0,0.0,0,2026-07-29T20:33:16.000Z
Walmart Inc,walmart-inc-derivatives,BingX,bingx,WMT/USDT,perpetual,114.28766922,1633323.09677466,0.0,0.0,0.0,0,2026-07-29T20:33:18.000Z
Walmart Inc,walmart-inc-derivatives,SunX,sunperp,WMT/USDT,perpetual,111.77058369,312506.4071883,0.0,0.0,0.0,0,2026-07-29T20:33:16.000Z
Walmart Inc,walmart-inc-derivatives,Ourbit,ourbit,WMT/USDT,perpetual,114.26769235,682716.95971599,0.0,0.0,0.0,0,2026-07-29T20:33:16.000Z
Walmart Inc,walmart-inc-derivatives,KCEX,kcex,WMT/USDT,perpetual,114.25770391,470604.01858961,0.0,0.0,0.0,0,2026-07-29T20:33:15.000Z
Walmart Inc,walmart-inc-derivatives,LBank,lbank,WMT/USDT,perpetual,114.23987663,343188.25086551,0.0,0.0,0.0,0,2026-07-29T20:33:17.000Z
Walmart Inc,walmart-inc-derivatives,Bitrue,bitrue,WMT/USDT,perpetual,114.26769235,340099.59453925,0.0,0.0,0.0,0,2026-07-29T20:33:16.000Z
Walmart Inc,walmart-inc-derivatives,Toobit,toobit,WMT/USDT,perpetual,114.28766922,177200.97390429,0.0,0.0,0.0,0,2026-07-29T20:33:17.000Z
Walmart Inc,walmart-inc-derivatives,Bitunix,bitunix,WMT/USDT,perpetual,114.24660818,154705.89880857,0.0,0.0,0.0,0,2026-07-29T20:24:16.000Z
Walmart Inc,walmart-inc-derivatives,OrangeX,orangex,WMT/USDT,perpetual,114.37756513,133484.85128954,0.0,0.0,0.0,0,2026-07-29T20:33:15.000Z
Walmart Inc,walmart-inc-derivatives,WEEX,weex,WMT/USDT,perpetual,114.23987663,126386.98643103,0.0,0.0,0.0,0,2026-07-29T20:33:17.000Z
Walmart Inc,walmart-inc-derivatives,Hotcoin,hotcoin-global,WMT/USDT,perpetual,114.37756513,111764.59062631,0.0,0.0,0.0,0,2026-07-29T20:33:21.000Z
Walmart Inc,walmart-inc-derivatives,YUBIT,yubit,WMT/USDT,perpetual,114.18994225,4077.87124262,0.0,0.0,0.0,0,2026-07-29T20:33:15.000Z
Walmart Inc,walmart-inc-derivatives,BitMart,bitmart,WMT/USDT,perpetual,109.16654353,0.0,0.0,0.0,0.0,0,2026-07-29T20:33:16.000Z
Walmart Inc,walmart-inc-derivatives,ADEN,aden-decentralized-derivatives-exchange,WMT/USDT,perpetual,114.34080131,0.0,0.0,0.0,0.0,0,2026-07-29T20:30:56.000Z
Berkshire Hathaway Inc Class B,berkshire-hathaway-class-b-derivatives,Binance,binance,BRKB/USDT,perpetual,508.13226006,886240.85936596,0.0,0.0,0.0,0,2026-07-29T20:33:17.000Z
Berkshire Hathaway Inc Class B,berkshire-hathaway-class-b-derivatives,Aster,aster-pro,BRKB/USDT,perpetual,511.58764569,101514.47896961,0.0,0.0,0.0,0,2026-07-29T20:33:15.000Z
Berkshire Hathaway Inc Class B,berkshire-hathaway-class-b-derivatives,KuCoin,kucoin,BRKB/USDT,perpetual,506.3545961,547526.96761575,0.0,0.0,0.0,0,2026-07-29T20:33:19.000Z
Berkshire Hathaway Inc Class B,berkshire-hathaway-class-b-derivatives,Gate,gate,BRKB/USDT,perpetual,507.43317873,43869.35099772,0.0,0.0,0.0,0,2026-07-29T20:33:20.000Z
Berkshire Hathaway Inc Class B,berkshire-hathaway-class-b-derivatives,HTX,htx,BRKB/USDT,perpetual,508.15761335,33622.29322889,0.0,0.0,0.0,0,2026-07-29T20:27:17.000Z
Berkshire Hathaway Inc Class B,berkshire-hathaway-class-b-derivatives,Bitget,bitget,BRKB/USDT,perpetual,508.70098808,35668.66995527,0.0,0.0,0.0,0,2026-07-29T20:33:16.000Z
Berkshire Hathaway Inc Class B,berkshire-hathaway-class-b-derivatives,Phemex,phemex,BRKB/USDT,perpetual,507.92189018,57600.50654013,0.0,0.0,0.0,0,2026-07-29T20:33:16.000Z
Berkshire Hathaway Inc Class B,berkshire-hathaway-class-b-derivatives,BingX,bingx,BRKB/USDT,perpetual,508.51120782,1223609.94320288,0.0,0.0,0.0,0,2026-07-29T20:33:18.000Z
Berkshire Hathaway Inc Class B,berkshire-hathaway-class-b-derivatives,SunX,sunperp,BRKB/USDT,perpetual,495.19662444,93750.85551153,0.0,0.0,0.0,0,2026-07-29T20:33:16.000Z
Berkshire Hathaway Inc Class B,berkshire-hathaway-class-b-derivatives,LBank,lbank,BRKB/USDT,perpetual,508.42187947,356620.21523291,0.0,0.0,0.0,0,2026-07-29T20:33:17.000Z
Berkshire Hathaway Inc Class B,berkshire-hathaway-class-b-derivatives,Bitunix,bitunix,BRKB/USDT,perpetual,508.26655919,211072.93590069,0.0,0.0,0.0,0,2026-07-29T20:24:16.000Z
Berkshire Hathaway Inc Class B,berkshire-hathaway-class-b-derivatives,WEEX,weex,BRKB/USDT,perpetual,508.31202383,207253.29917833,0.0,0.0,0.0,0,2026-07-29T20:33:17.000Z
Berkshire Hathaway Inc Class B,berkshire-hathaway-class-b-derivatives,Toobit,toobit,BRKB/USDT,perpetual,508.41132347,174877.16847942,0.0,0.0,0.0,0,2026-07-29T20:33:17.000Z
Berkshire Hathaway Inc Class B,berkshire-hathaway-class-b-derivatives,OrangeX,orangex,BRKB/USDT,perpetual,508.3913466,130132.36305031,0.0,0.0,0.0,0,2026-07-29T20:33:15.000Z
Berkshire Hathaway Inc Class B,berkshire-hathaway-class-b-derivatives,KCEX,kcex,BRKB/USDT,perpetual,508.38135817,82940.06770746,0.0,0.0,0.0,0,2026-07-29T20:33:15.000Z
Berkshire Hathaway Inc Class B,berkshire-hathaway-class-b-derivatives,YUBIT,yubit,BRKB/USDT,perpetual,508.64159074,6186.08083055,0.0,0.0,0.0,0,2026-07-29T20:33:15.000Z
Berkshire Hathaway Inc Class B,berkshire-hathaway-class-b-derivatives,BitMart,bitmart,BRKB/USDT,perpetual,493.59136834,0.0,0.0,0.0,0.0,0,2026-07-29T20:33:16.000Z
Berkshire Hathaway Inc Class B,berkshire-hathaway-class-b-derivatives,ADEN,aden-decentralized-derivatives-exchange,BRKB/USDT,perpetual,507.32674924,0.0,0.0,0.0,0.0,0,2026-07-29T20:30:56.000Z
Nebius Group NV,nebius-group-nv-derivatives,Binance,binance,NBIS/USDT,perpetual,147.17659427,88511834.12384003,0.0,0.0,0.0,0,2026-07-29T20:33:17.000Z
Nebius Group NV,nebius-group-nv-derivatives,Aster,aster-pro,NBIS/USDT,perpetual,146.22069478,75639.87851065,0.0,0.0,0.0,0,2026-07-29T20:33:15.000Z
Nebius Group NV,nebius-group-nv-derivatives,KuCoin,kucoin,NBIS/USDT,perpetual,146.85701423,349734.87750045,0.0,0.0,0.0,0,2026-07-29T20:33:19.000Z
Nebius Group NV,nebius-group-nv-derivatives,Hyperliquid,hyperliquid,xyz:NBIS/USDC,perpetual,146.90761205,66684860.9230672,0.0,0.0,0.0,0,2026-07-29T20:33:26.000Z
Nebius Group NV,nebius-group-nv-derivatives,OKX,okx,NBIS/USDT,perpetual,148.87485388,18555266.03473086,0.0,0.0,0.0,0,2026-07-29T20:31:28.000Z
Nebius Group NV,nebius-group-nv-derivatives,Bybit,bybit,NBIS/USDT,perpetual,147.32941103,12925015.61442266,0.0,0.0,0.0,0,2026-07-29T20:33:16.000Z
Nebius Group NV,nebius-group-nv-derivatives,Gate,gate,NBIS/USDT,perpetual,147.2465024,1991616.80327805,0.0,0.0,0.0,0,2026-07-29T20:33:20.000Z
Nebius Group NV,nebius-group-nv-derivatives,HTX,htx,NBIS/USDT,perpetual,147.39977084,41532.96209106,0.0,0.0,0.0,0,2026-07-29T20:27:17.000Z
Nebius Group NV,nebius-group-nv-derivatives,Bitget,bitget,NBIS/USDT,perpetual,147.19956138,7894650.50559673,0.0,0.0,0.0,0,2026-07-29T20:33:16.000Z
Nebius Group NV,nebius-group-nv-derivatives,Crypto.com Exchange,crypto-com-exchange,NBIS/USD,perpetual,168.45665976,8265.5714228,0.0,0.0,0.0,0,2026-07-29T12:30:18.000Z
Nebius Group NV,nebius-group-nv-derivatives,Phemex,phemex,NBIS/USDT,perpetual,147.03974642,1069755.46508558,0.0,0.0,0.0,0,2026-07-29T20:33:16.000Z
Nebius Group NV,nebius-group-nv-derivatives,Biconomy.com,biconomy,NBIS/USDT,perpetual,147.20954981,22994379.48089237,0.0,0.0,0.0,0,2026-07-29T20:33:15.000Z
Nebius Group NV,nebius-group-nv-derivatives,BingX,bingx,NBIS/USDT,perpetual,147.15960764,2082265.3579616,0.0,0.0,0.0,0,2026-07-29T20:33:18.000Z
Nebius Group NV,nebius-group-nv-derivatives,SunX,sunperp,NBIS/USDT,perpetual,188.09221282,390871.21776948,0.0,0.0,0.0,0,2026-07-29T20:33:16.000Z
Nebius Group NV,nebius-group-nv-derivatives,LBank,lbank,NBIS/USDT,perpetual,147.10668614,39190387.0597658,0.0,0.0,0.0,0,2026-07-29T20:33:17.000Z
Nebius Group NV,nebius-group-nv-derivatives,CoinW,coinw,NBIS/USDT,perpetual,147.16959607,26999167.66123008,0.0,0.0,0.0,0,2026-07-29T20:33:17.000Z
Nebius Group NV,nebius-group-nv-derivatives,Ourbit,ourbit,NBIS/USDT,perpetual,147.19956138,24530803.89896981,0.0,0.0,0.0,0,2026-07-29T20:33:16.000Z
Nebius Group NV,nebius-group-nv-derivatives,Bitrue,bitrue,NBIS/USDT,perpetual,147.17958451,12118334.3392411,0.0,0.0,0.0,0,2026-07-29T20:33:16.000Z
Nebius Group NV,nebius-group-nv-derivatives,Hotcoin,hotcoin-global,NBIS/USDT,perpetual,147.30943416,10969939.18673723,0.0,0.0,0.0,0,2026-07-29T20:33:21.000Z
Nebius Group NV,nebius-group-nv-derivatives,Tapbit,tapbit,NBIS/USDT,perpetual,147.18957294,9866722.31777919,0.0,0.0,0.0,0,2026-07-29T20:33:15.000Z
Nebius Group NV,nebius-group-nv-derivatives,Toobit,toobit,NBIS/USDT,perpetual,147.1496192,7158448.8800135,0.0,0.0,0.0,0,2026-07-29T20:33:17.000Z
Nebius Group NV,nebius-group-nv-derivatives,WhiteBIT,whitebit,NBIS/USDT,perpetual,147.17958451,6820867.78017336,0.0,0.0,0.0,0,2026-07-29T20:33:15.000Z
Nebius Group NV,nebius-group-nv-derivatives,Zoomex,zoomex,NBIS/USDT,perpetual,147.32941103,3877504.6843268,0.0,0.0,0.0,0,2026-07-29T20:33:17.000Z
Nebius Group NV,nebius-group-nv-derivatives,YUBIT,yubit,NBIS/USDT,perpetual,147.12665989,2141660.69960841,0.0,0.0,0.0,0,2026-07-29T20:33:15.000Z
Nebius Group NV,nebius-group-nv-derivatives,KCEX,kcex,NBIS/USDT,perpetual,147.19956138,2065653.83002682,0.0,0.0,0.0,0,2026-07-29T20:33:15.000Z
Nebius Group NV,nebius-group-nv-derivatives,MGBX,mgbx,NBIS/USDT,perpetual,152.47352846,2005181.75425727,0.0,0.0,0.0,0,2026-07-29T15:15:16.000Z
Nebius Group NV,nebius-group-nv-derivatives,Bitunix,bitunix,NBIS/USDT,perpetual,149.01601219,1832440.9524056,0.0,0.0,0.0,0,2026-07-29T20:24:16.000Z
Nebius Group NV,nebius-group-nv-derivatives,WEEX,weex,NBIS/USDT,perpetual,147.11667301,1223769.26577024,0.0,0.0,0.0,0,2026-07-29T20:33:17.000Z
Nebius Group NV,nebius-group-nv-derivatives,OrangeX,orangex,NBIS/USDT,perpetual,147.22952668,972616.23242966,0.0,0.0,0.0,0,2026-07-29T20:33:15.000Z
Nebius Group NV,nebius-group-nv-derivatives,Lighter,lighter,NBIS/USDC,perpetual,145.438245,569560.36518195,0.0,0.0,0.0,0,2026-07-29T20:33:15.000Z
Nebius Group NV,nebius-group-nv-derivatives,Coinbase International Exchange,coinbase-international-exchange,NBIS/USDC,perpetual,147.49127559,320757.13859403,0.0,0.0,0.0,0,2026-07-29T20:33:16.000Z
Nebius Group NV,nebius-group-nv-derivatives,BloFin,blofin,NBIS/USDT,perpetual,147.16959607,236930.45825522,0.0,0.0,0.0,0,2026-07-29T20:33:16.000Z
Nebius Group NV,nebius-group-nv-derivatives,ADEN,aden-decentralized-derivatives-exchange,NBIS/USDT,perpetual,146.76416473,86.6427985,0.0,0.0,0.0,0,2026-07-29T20:30:56.000Z
Nebius Group NV,nebius-group-nv-derivatives,BitMart,bitmart,NBIS/USDT,perpetual,190.54959752,0.0,0.0,0.0,0.0,0,2026-07-29T20:33:16.000Z
Nebius Group NV,nebius-group-nv-derivatives,BTSE,btse,NBIS/USDT,perpetual,146.14651377642573,562658.952,,,,0,2026-07-29T20:27:15.447Z
Nebius Group NV,nebius-group-nv-derivatives,BTSE,btse,NBIS/USDT,perpetual,146.14651377642573,562658.952,,,,0,2026-07-29T20:27:15.447Z
Nebius Group NV,nebius-group-nv-derivatives,Fillx,fillx,NBIS/USDC,perpetual,146.14651377642573,0.0,,,,0,2026-07-29T20:33:16.593Z
Nebius Group NV,nebius-group-nv-derivatives,ADEN,aden-decentralized-derivatives-exchange,NBIS/USDC,perpetual,146.14651377642573,0.0,,,,0,2026-07-29T20:30:56.831Z
GE Vernova Inc,ge-vernova-inc-derivatives,Binance,binance,GEV/USDT,perpetual,898.31951243,880705.25783628,0.0,0.0,0.0,0,2026-07-29T20:33:17.000Z
GE Vernova Inc,ge-vernova-inc-derivatives,Bybit,bybit,GEV/USDT,perpetual,898.95911813,195185.43295708,0.0,0.0,0.0,0,2026-07-29T20:33:16.000Z
GE Vernova Inc,ge-vernova-inc-derivatives,OKX,okx,GEV/USDT,perpetual,903.36654091,180545.03013415,0.0,0.0,0.0,0,2026-07-29T20:31:28.000Z
GE Vernova Inc,ge-vernova-inc-derivatives,HTX,htx,GEV/USDT,perpetual,902.39905791,40111.39996314,0.0,0.0,0.0,0,2026-07-29T20:27:17.000Z
GE Vernova Inc,ge-vernova-inc-derivatives,Gate,gate,GEV/USDT,perpetual,898.81885624,14698.68436234,0.0,0.0,0.0,0,2026-07-29T20:33:20.000Z
GE Vernova Inc,ge-vernova-inc-derivatives,Hyperliquid,hyperliquid,xyz:GEV/USDC,perpetual,1079.68847234,0.0,0.0,0.0,0.0,0,2026-07-29T20:33:26.000Z
GE Vernova Inc,ge-vernova-inc-derivatives,Bitget,bitget,GEV/USDT,perpetual,897.12124615,133243.91596242,0.0,0.0,0.0,0,2026-07-29T20:33:16.000Z
GE Vernova Inc,ge-vernova-inc-derivatives,BingX,bingx,GEV/USDT,perpetual,899.21881743,1226405.15669634,0.0,0.0,0.0,0,2026-07-29T20:33:18.000Z
GE Vernova Inc,ge-vernova-inc-derivatives,KCEX,kcex,GEV/USDT,perpetual,899.01904873,2475668.16616698,0.0,0.0,0.0,0,2026-07-29T20:33:15.000Z
GE Vernova Inc,ge-vernova-inc-derivatives,CoinW,coinw,GEV/USDT,perpetual,898.85923378,510024.5255883,0.0,0.0,0.0,0,2026-07-29T20:33:17.000Z
GE Vernova Inc,ge-vernova-inc-derivatives,Hotcoin,hotcoin-global,GEV/USDT,perpetual,898.57955761,203510.36053541,0.0,0.0,0.0,0,2026-07-29T20:33:21.000Z
GE Vernova Inc,ge-vernova-inc-derivatives,LBank,lbank,GEV/USDT,perpetual,899.40808193,134963.23944062,0.0,0.0,0.0,0,2026-07-29T20:33:17.000Z
GE Vernova Inc,ge-vernova-inc-derivatives,OrangeX,orangex,GEV/USDT,perpetual,898.38977735,133432.91142939,0.0,0.0,0.0,0,2026-07-29T20:33:15.000Z
GE Vernova Inc,ge-vernova-inc-derivatives,Toobit,toobit,GEV/USDT,perpetual,899.43856299,123386.07620408,0.0,0.0,0.0,0,2026-07-29T20:33:17.000Z
GE Vernova Inc,ge-vernova-inc-derivatives,Bitunix,bitunix,GEV/USDT,perpetual,902.42634692,102190.75433169,0.0,0.0,0.0,0,2026-07-29T20:24:16.000Z
GE Vernova Inc,ge-vernova-inc-derivatives,Bitrue,bitrue,GEV/USDT,perpetual,899.55842421,96250.60548469,0.0,0.0,0.0,0,2026-07-29T20:33:16.000Z
GE Vernova Inc,ge-vernova-inc-derivatives,WEEX,weex,GEV/USDT,perpetual,899.30821317,93171.41321395,0.0,0.0,0.0,0,2026-07-29T20:33:17.000Z
GE Vernova Inc,ge-vernova-inc-derivatives,Zoomex,zoomex,GEV/USDT,perpetual,898.95911813,58555.62988712,0.0,0.0,0.0,0,2026-07-29T20:33:17.000Z
GE Vernova Inc,ge-vernova-inc-derivatives,Lighter,lighter,GEV/USDC,perpetual,902.7787412,5709.40508068,0.0,0.0,0.0,0,2026-07-29T20:33:15.000Z
GE Vernova Inc,ge-vernova-inc-derivatives,BitMart,bitmart,GEV/USDT,perpetual,1015.63534692,0.0,0.0,0.0,0.0,0,2026-07-29T20:33:16.000Z
GE Vernova Inc,ge-vernova-inc-derivatives,ADEN,aden-decentralized-derivatives-exchange,GEV/USDT,perpetual,900.4825053,0.0,0.0,0.0,0.0,0,2026-07-29T20:30:56.000Z
iShares MSCI Taiwan ETF,ishares-msci-taiwan-etf-derivatives,Binance,binance,EWT/USDT,perpetual,89.33260743,1539862.42577261,0.0,0.0,0.0,0,2026-07-29T20:33:17.000Z
iShares MSCI Taiwan ETF,ishares-msci-taiwan-etf-derivatives,Aster,aster-pro,EWT/USDT,perpetual,91.41415388,16849.49040409,0.0,0.0,0.0,0,2026-07-29T20:33:15.000Z
iShares MSCI Taiwan ETF,ishares-msci-taiwan-etf-derivatives,Hyperliquid,hyperliquid,xyz:EWT/USDC,perpetual,89.26524387,853991.9545052,0.0,0.0,0.0,0,2026-07-29T20:33:26.000Z
iShares MSCI Taiwan ETF,ishares-msci-taiwan-etf-derivatives,OKX,okx,EWT/USDT,perpetual,89.45874589,565417.74128338,0.0,0.0,0.0,0,2026-07-29T20:31:28.000Z
iShares MSCI Taiwan ETF,ishares-msci-taiwan-etf-derivatives,Bybit,bybit,EWT/USDT,perpetual,89.35653634,364517.12000824,0.0,0.0,0.0,0,2026-07-29T20:33:16.000Z
iShares MSCI Taiwan ETF,ishares-msci-taiwan-etf-derivatives,Gate,gate,EWT/USDT,perpetual,89.28267305,18920.1369238,0.0,0.0,0.0,0,2026-07-29T20:33:20.000Z
iShares MSCI Taiwan ETF,ishares-msci-taiwan-etf-derivatives,HTX,htx,EWT/USDT,perpetual,89.21302205,15027.14552146,0.0,0.0,0.0,0,2026-07-29T20:27:17.000Z
iShares MSCI Taiwan ETF,ishares-msci-taiwan-etf-derivatives,Bitget,bitget,EWT/USDT,perpetual,89.52633973,537796.63726733,0.0,0.0,0.0,0,2026-07-29T20:33:16.000Z
iShares MSCI Taiwan ETF,ishares-msci-taiwan-etf-derivatives,Phemex,phemex,EWT/USDT,perpetual,89.26664043,116137.15814172,0.0,0.0,0.0,0,2026-07-29T20:33:16.000Z
iShares MSCI Taiwan ETF,ishares-msci-taiwan-etf-derivatives,BingX,bingx,EWT/USDT,perpetual,89.256652,1229245.86750963,0.0,0.0,0.0,0,2026-07-29T20:33:18.000Z
iShares MSCI Taiwan ETF,ishares-msci-taiwan-etf-derivatives,SunX,sunperp,EWT/USDT,perpetual,97.50709901,90201.02273252,0.0,0.0,0.0,0,2026-07-29T20:33:16.000Z
iShares MSCI Taiwan ETF,ishares-msci-taiwan-etf-derivatives,WOO X,woox,EWT/USDT,perpetual,89.8537357,0.0,0.0,0.0,0.0,0,2026-07-29T20:33:23.000Z
iShares MSCI Taiwan ETF,ishares-msci-taiwan-etf-derivatives,Ourbit,ourbit,EWT/USDT,perpetual,89.3165826,1359537.81747831,0.0,0.0,0.0,0,2026-07-29T20:33:16.000Z
iShares MSCI Taiwan ETF,ishares-msci-taiwan-etf-derivatives,LBank,lbank,EWT/USDT,perpetual,89.29265993,958685.256408,0.0,0.0,0.0,0,2026-07-29T20:33:17.000Z
iShares MSCI Taiwan ETF,ishares-msci-taiwan-etf-derivatives,CoinW,coinw,EWT/USDT,perpetual,89.3165826,585631.69197548,0.0,0.0,0.0,0,2026-07-29T20:33:17.000Z
iShares MSCI Taiwan ETF,ishares-msci-taiwan-etf-derivatives,WhiteBIT,whitebit,EWT/USDT,perpetual,89.61623564,500868.48063961,0.0,0.0,0.0,0,2026-07-29T20:33:15.000Z
iShares MSCI Taiwan ETF,ishares-msci-taiwan-etf-derivatives,Hotcoin,hotcoin-global,EWT/USDT,perpetual,89.3165826,229473.29871038,0.0,0.0,0.0,0,2026-07-29T20:33:21.000Z
iShares MSCI Taiwan ETF,ishares-msci-taiwan-etf-derivatives,Toobit,toobit,EWT/USDT,perpetual,89.29660573,165953.31548158,0.0,0.0,0.0,0,2026-07-29T20:33:17.000Z
iShares MSCI Taiwan ETF,ishares-msci-taiwan-etf-derivatives,KCEX,kcex,EWT/USDT,perpetual,89.36652478,154721.36836715,0.0,0.0,0.0,0,2026-07-29T20:33:15.000Z
iShares MSCI Taiwan ETF,ishares-msci-taiwan-etf-derivatives,Bitunix,bitunix,EWT/USDT,perpetual,89.47553035,145922.05463108,0.0,0.0,0.0,0,2026-07-29T20:24:16.000Z
iShares MSCI Taiwan ETF,ishares-msci-taiwan-etf-derivatives,OrangeX,orangex,EWT/USDT,perpetual,89.29660573,142525.27361472,0.0,0.0,0.0,0,2026-07-29T20:33:15.000Z
iShares MSCI Taiwan ETF,ishares-msci-taiwan-etf-derivatives,Zoomex,zoomex,EWT/USDT,perpetual,89.35653634,109355.13600247,0.0,0.0,0.0,0,2026-07-29T20:33:17.000Z
iShares MSCI Taiwan ETF,ishares-msci-taiwan-etf-derivatives,WEEX,weex,EWT/USDT,perpetual,89.27268618,91528.37446197,0.0,0.0,0.0,0,2026-07-29T20:33:17.000Z
iShares MSCI Taiwan ETF,ishares-msci-taiwan-etf-derivatives,YUBIT,yubit,EWT/USDT,perpetual,89.55231871,61877.07692681,0.0,0.0,0.0,0,2026-07-29T20:33:15.000Z
iShares MSCI Taiwan ETF,ishares-msci-taiwan-etf-derivatives,MGBX,mgbx,EWT/USDT,perpetual,89.92233439,44337.62381754,0.0,0.0,0.0,0,2026-07-29T15:15:16.000Z
iShares MSCI Taiwan ETF,ishares-msci-taiwan-etf-derivatives,BitMart,bitmart,EWT/USDT,perpetual,98.79017918,0.0,0.0,0.0,0.0,0,2026-07-29T20:33:16.000Z
iShares MSCI Taiwan ETF,ishares-msci-taiwan-etf-derivatives,ADEN,aden-decentralized-derivatives-exchange,EWT/USDT,perpetual,89.35902931,0.0,0.0,0.0,0.0,0,2026-07-29T20:30:56.000Z
iShares MSCI Taiwan ETF,ishares-msci-taiwan-etf-derivatives,BTSE,btse,EWT/USDT,perpetual,89.28143677309689,1184887.1402,,,,0,2026-07-29T20:27:15.447Z
iShares MSCI Taiwan ETF,ishares-msci-taiwan-etf-derivatives,BTSE,btse,EWT/USDT,perpetual,89.28143677309689,1184887.1402,,,,0,2026-07-29T20:27:15.447Z
iShares MSCI Taiwan ETF,ishares-msci-taiwan-etf-derivatives,Bitrue,bitrue,EWT/USDT,perpetual,89.28143677309689,148091.42052,,,,0,2026-07-29T20:33:16.408Z
iShares MSCI Taiwan ETF,ishares-msci-taiwan-etf-derivatives,Bitrue,bitrue,EWT/USDT,perpetual,89.28143677309689,148091.42052,,,,0,2026-07-29T20:33:16.408Z
iShares MSCI Taiwan ETF,ishares-msci-taiwan-etf-derivatives,MEXC,mexc,EWT/USDT,perpetual,89.28143677309689,97283.5098,,,,0,2026-07-29T20:33:16.408Z
iShares MSCI Taiwan ETF,ishares-msci-taiwan-etf-derivatives,MEXC,mexc,EWT/USDT,perpetual,89.28143677309689,97283.5098,,,,0,2026-07-29T20:33:16.408Z
Futu Holdings,futu-holdings-derivatives,Aster,aster-pro,FUTU/USDT,perpetual,103.48018293,11355.32196183,0.0,0.0,0.0,0,2026-07-29T20:33:15.000Z
Futu Holdings,futu-holdings-derivatives,Ourbit,ourbit,FUTU/USDT,perpetual,101.27273887,773026.75959822,0.0,0.0,0.0,0,2026-07-29T20:33:16.000Z
Futu Holdings,futu-holdings-derivatives,LBank,lbank,FUTU/USDT,perpetual,101.23696384,501768.4020473,0.0,0.0,0.0,0,2026-07-29T20:33:17.000Z
Futu Holdings,futu-holdings-derivatives,Toobit,toobit,FUTU/USDT,perpetual,101.2227967,265038.0642739,0.0,0.0,0.0,0,2026-07-29T20:33:17.000Z
Futu Holdings,futu-holdings-derivatives,WEEX,weex,FUTU/USDT,perpetual,101.68637327,38439.6706763,0.0,0.0,0.0,0,2026-07-29T20:33:17.000Z
Futu Holdings,futu-holdings-derivatives,YUBIT,yubit,FUTU/USDT,perpetual,101.3368326,13283.62390258,0.0,0.0,0.0,0,2026-07-29T20:33:15.000Z
Futu Holdings,futu-holdings-derivatives,BitMart,bitmart,FUTU/USDT,perpetual,99.37940487,0.0,0.0,0.0,0.0,0,2026-07-29T20:33:16.000Z
Futu Holdings,futu-holdings-derivatives,ADEN,aden-decentralized-derivatives-exchange,FUTU/USDT,perpetual,101.27210437034216,0.0,,,,0,2026-07-29T20:30:56.831Z
Futu Holdings,futu-holdings-derivatives,ADEN,aden-decentralized-derivatives-exchange,FUTU/USDT,perpetual,101.27210437034216,0.0,,,,0,2026-07-29T20:30:56.831Z
Bloom Energy Corp,bloom-energy-corp-derivatives,Binance,binance,BE/USDT,perpetual,159.97976953,49971222.54304965,0.0,0.0,0.0,0,2026-07-29T20:33:17.000Z
Bloom Energy Corp,bloom-energy-corp-derivatives,Aster,aster-pro,BE/USDT,perpetual,163.08117246,9826.62200459,0.0,0.0,0.0,0,2026-07-29T20:33:15.000Z
Bloom Energy Corp,bloom-energy-corp-derivatives,KuCoin,kucoin,BE/USDT,perpetual,160.23942831,335985.68140934,0.0,0.0,0.0,0,2026-07-29T20:33:19.000Z
Bloom Energy Corp,bloom-energy-corp-derivatives,Hyperliquid,hyperliquid,xyz:BE/USDC,perpetual,160.04382179,17362703.39651891,0.0,0.0,0.0,0,2026-07-29T20:33:26.000Z
Bloom Energy Corp,bloom-energy-corp-derivatives,OKX,okx,BE/USDT,perpetual,161.30938985,10133707.51286695,0.0,0.0,0.0,0,2026-07-29T20:31:28.000Z
Bloom Energy Corp,bloom-energy-corp-derivatives,Bybit,bybit,BE/USDT,perpetual,160.41426041,5848734.32414919,0.0,0.0,0.0,0,2026-07-29T20:33:16.000Z
Bloom Energy Corp,bloom-energy-corp-derivatives,Gate,gate,BE/USDT,perpetual,159.98975641,1943169.46823922,0.0,0.0,0.0,0,2026-07-29T20:33:20.000Z
Bloom Energy Corp,bloom-energy-corp-derivatives,HTX,htx,BE/USDT,perpetual,161.1348403,69189.44963755,0.0,0.0,0.0,0,2026-07-29T20:27:17.000Z
Bloom Energy Corp,bloom-energy-corp-derivatives,Bitget,bitget,BE/USDT,perpetual,160.40427198,9725601.81409713,0.0,0.0,0.0,0,2026-07-29T20:33:16.000Z
Bloom Energy Corp,bloom-energy-corp-derivatives,Crypto.com Exchange,crypto-com-exchange,BE/USD,perpetual,180.42210489,19020.67576011,0.0,0.0,0.0,0,2026-07-29T12:30:18.000Z
Bloom Energy Corp,bloom-energy-corp-derivatives,Phemex,phemex,BE/USDT,perpetual,159.89486181,987561.29002801,0.0,0.0,0.0,0,2026-07-29T20:33:16.000Z
Bloom Energy Corp,bloom-energy-corp-derivatives,BingX,bingx,BE/USDT,perpetual,160.07465363,1682862.995787,0.0,0.0,0.0,0,2026-07-29T20:33:18.000Z
Bloom Energy Corp,bloom-energy-corp-derivatives,SunX,sunperp,BE/USDT,perpetual,187.60277952,788809.36192485,0.0,0.0,0.0,0,2026-07-29T20:33:16.000Z
Bloom Energy Corp,bloom-energy-corp-derivatives,Ourbit,ourbit,BE/USDT,perpetual,160.01472303,30560470.71143776,0.0,0.0,0.0,0,2026-07-29T20:33:16.000Z
Bloom Energy Corp,bloom-energy-corp-derivatives,CoinW,coinw,BE/USDT,perpetual,160.08464207,14263494.62275986,0.0,0.0,0.0,0,2026-07-29T20:33:17.000Z
Bloom Energy Corp,bloom-energy-corp-derivatives,Hotcoin,hotcoin-global,BE/USDT,perpetual,160.34434137,6920802.57891448,0.0,0.0,0.0,0,2026-07-29T20:33:21.000Z
Bloom Energy Corp,bloom-energy-corp-derivatives,Bitrue,bitrue,BE/USDT,perpetual,160.04468833,6719830.74178746,0.0,0.0,0.0,0,2026-07-29T20:33:16.000Z
Bloom Energy Corp,bloom-energy-corp-derivatives,WhiteBIT,whitebit,BE/USDT,perpetual,159.92482711,4277089.67686835,0.0,0.0,0.0,0,2026-07-29T20:33:15.000Z
Bloom Energy Corp,bloom-energy-corp-derivatives,Toobit,toobit,BE/USDT,perpetual,160.0646652,4276156.9748203,0.0,0.0,0.0,0,2026-07-29T20:33:17.000Z
Bloom Energy Corp,bloom-energy-corp-derivatives,Bitunix,bitunix,BE/USDT,perpetual,161.33163275,3678074.0519515,0.0,0.0,0.0,0,2026-07-29T20:24:16.000Z
Bloom Energy Corp,bloom-energy-corp-derivatives,LBank,lbank,BE/USDT,perpetual,160.01971704,3232970.54776931,0.0,0.0,0.0,0,2026-07-29T20:33:17.000Z
Bloom Energy Corp,bloom-energy-corp-derivatives,Zoomex,zoomex,BE/USDT,perpetual,160.41426041,1754620.29724476,0.0,0.0,0.0,0,2026-07-29T20:33:17.000Z
Bloom Energy Corp,bloom-energy-corp-derivatives,KCEX,kcex,BE/USDT,perpetual,160.08464207,1573230.11151218,0.0,0.0,0.0,0,2026-07-29T20:33:15.000Z
Bloom Energy Corp,bloom-energy-corp-derivatives,MGBX,mgbx,BE/USDT,perpetual,161.31098164,1182639.48400346,0.0,0.0,0.0,0,2026-07-29T15:15:16.000Z
Bloom Energy Corp,bloom-energy-corp-derivatives,BloFin,blofin,BE/USDT,perpetual,159.99474616,582356.4115393,0.0,0.0,0.0,0,2026-07-29T20:33:16.000Z
Bloom Energy Corp,bloom-energy-corp-derivatives,OrangeX,orangex,BE/USDT,perpetual,160.04468833,529470.87915066,0.0,0.0,0.0,0,2026-07-29T20:33:15.000Z
Bloom Energy Corp,bloom-energy-corp-derivatives,WEEX,weex,BE/USDT,perpetual,160.09961205,236873.12686822,0.0,0.0,0.0,0,2026-07-29T20:33:17.000Z
Bloom Energy Corp,bloom-energy-corp-derivatives,YUBIT,yubit,BE/USDT,perpetual,159.72011075,204304.44219066,0.0,0.0,0.0,0,2026-07-29T20:33:15.000Z
Bloom Energy Corp,bloom-energy-corp-derivatives,Coinbase International Exchange,coinbase-international-exchange,BE/USDC,perpetual,160.32877544,130884.90863427,0.0,0.0,0.0,0,2026-07-29T20:33:16.000Z
Bloom Energy Corp,bloom-energy-corp-derivatives,ADEN,aden-decentralized-derivatives-exchange,BE/USDT,perpetual,159.91930017,4623.17706936,0.0,0.0,0.0,0,2026-07-29T20:30:56.000Z
Bloom Energy Corp,bloom-energy-corp-derivatives,BitMart,bitmart,BE/USDT,perpetual,188.74197293,0.0,0.0,0.0,0.0,0,2026-07-29T20:33:16.000Z
Bloom Energy Corp,bloom-energy-corp-derivatives,BTSE,btse,BE/USDT,perpetual,159.52288249030002,524779.7068,,,,0,2026-07-29T20:27:15.447Z
Bloom Energy Corp,bloom-energy-corp-derivatives,BTSE,btse,BE/USDT,perpetual,159.52288249030002,524779.7068,,,,0,2026-07-29T20:27:15.447Z
Bloom Energy Corp,bloom-energy-corp-derivatives,Lighter,lighter,BE/USDC,perpetual,159.52288249030002,0.0,,,,0,2026-07-29T20:33:15.315Z
CrowdStrike Holdings Inc,crowdstrike-holdings-inc-derivatives,Binance,binance,CRWD/USDT,perpetual,181.55142208,638987.14199989,0.0,0.0,0.0,0,2026-07-29T20:33:17.000Z
CrowdStrike Holdings Inc,crowdstrike-holdings-inc-derivatives,Aster,aster-pro,CRWD/USDT,perpetual,178.50331556,3679.99902283,0.0,0.0,0.0,0,2026-07-29T20:33:15.000Z
CrowdStrike Holdings Inc,crowdstrike-holdings-inc-derivatives,KuCoin,kucoin,CRWD/USDT,perpetual,181.62133022,358490.00293262,0.0,0.0,0.0,0,2026-07-29T20:33:19.000Z
CrowdStrike Holdings Inc,crowdstrike-holdings-inc-derivatives,OKX,okx,CRWD/USDT,perpetual,181.12474676,147638.40357716,0.0,0.0,0.0,0,2026-07-29T20:31:28.000Z
CrowdStrike Holdings Inc,crowdstrike-holdings-inc-derivatives,HTX,htx,CRWD/USDT,perpetual,180.87338375,33729.09898697,0.0,0.0,0.0,0,2026-07-29T20:27:17.000Z
CrowdStrike Holdings Inc,crowdstrike-holdings-inc-derivatives,Bybit,bybit,CRWD/USDT,perpetual,181.53979969,33378.36743824,0.0,0.0,0.0,0,2026-07-29T20:33:16.000Z
CrowdStrike Holdings Inc,crowdstrike-holdings-inc-derivatives,Bitget,bitget,CRWD/USDT,perpetual,181.03038952,518342.19956539,0.0,0.0,0.0,0,2026-07-29T20:33:16.000Z
CrowdStrike Holdings Inc,crowdstrike-holdings-inc-derivatives,Phemex,phemex,CRWD/USDT,perpetual,181.04037796,48745.17170685,0.0,0.0,0.0,0,2026-07-29T20:33:16.000Z
CrowdStrike Holdings Inc,crowdstrike-holdings-inc-derivatives,BingX,bingx,CRWD/USDT,perpetual,181.35001943,1232830.88650741,0.0,0.0,0.0,0,2026-07-29T20:33:18.000Z
CrowdStrike Holdings Inc,crowdstrike-holdings-inc-derivatives,SunX,sunperp,CRWD/USDT,perpetual,180.40111814,172978.23670417,0.0,0.0,0.0,0,2026-07-29T20:33:16.000Z
CrowdStrike Holdings Inc,crowdstrike-holdings-inc-derivatives,CoinW,coinw,CRWD/USDT,perpetual,181.31006569,755711.19125391,0.0,0.0,0.0,0,2026-07-29T20:33:17.000Z
CrowdStrike Holdings Inc,crowdstrike-holdings-inc-derivatives,Ourbit,ourbit,CRWD/USDT,perpetual,181.52981125,298422.50998426,0.0,0.0,0.0,0,2026-07-29T20:33:16.000Z
CrowdStrike Holdings Inc,crowdstrike-holdings-inc-derivatives,Toobit,toobit,CRWD/USDT,perpetual,181.00042422,200459.14535977,0.0,0.0,0.0,0,2026-07-29T20:33:17.000Z
CrowdStrike Holdings Inc,crowdstrike-holdings-inc-derivatives,Hotcoin,hotcoin-global,CRWD/USDT,perpetual,181.54978812,117415.04810547,0.0,0.0,0.0,0,2026-07-29T20:33:21.000Z
CrowdStrike Holdings Inc,crowdstrike-holdings-inc-derivatives,Bitrue,bitrue,CRWD/USDT,perpetual,181.31006569,77184.14064884,0.0,0.0,0.0,0,2026-07-29T20:33:16.000Z
CrowdStrike Holdings Inc,crowdstrike-holdings-inc-derivatives,KCEX,kcex,CRWD/USDT,perpetual,181.31006569,55225.06090814,0.0,0.0,0.0,0,2026-07-29T20:33:15.000Z
CrowdStrike Holdings Inc,crowdstrike-holdings-inc-derivatives,YUBIT,yubit,CRWD/USDT,perpetual,181.40161894,33565.90082926,0.0,0.0,0.0,0,2026-07-29T20:33:15.000Z
CrowdStrike Holdings Inc,crowdstrike-holdings-inc-derivatives,Zoomex,zoomex,CRWD/USDT,perpetual,181.53979969,10013.51023147,0.0,0.0,0.0,0,2026-07-29T20:33:17.000Z
CrowdStrike Holdings Inc,crowdstrike-holdings-inc-derivatives,LBank,lbank,CRWD/USDT,perpetual,674.54357785,0.0,0.0,0.0,0.0,0,2026-07-29T20:33:17.000Z
CrowdStrike Holdings Inc,crowdstrike-holdings-inc-derivatives,BitMart,bitmart,CRWD/USDT,perpetual,183.88835111,0.0,0.0,0.0,0.0,0,2026-07-29T20:33:16.000Z
CrowdStrike Holdings Inc,crowdstrike-holdings-inc-derivatives,DeriW,deriw,CRWD/USDT,perpetual,180.62311737003714,0.0,,,,0,2026-07-29T20:33:15.453Z
CrowdStrike Holdings Inc,crowdstrike-holdings-inc-derivatives,DeriW,deriw,CRWD/USDT,perpetual,180.62311737003714,0.0,,,,0,2026-07-29T20:33:15.453Z
CrowdStrike Holdings Inc,crowdstrike-holdings-inc-derivatives,ADEN,aden-decentralized-derivatives-exchange,CRWD/USDT,perpetual,180.62311737003714,0.0,,,,0,2026-07-29T20:30:56.831Z
CrowdStrike Holdings Inc,crowdstrike-holdings-inc-derivatives,ADEN,aden-decentralized-derivatives-exchange,CRWD/USDT,perpetual,180.62311737003714,0.0,,,,0,2026-07-29T20:30:56.831Z
Applied Optoelectronics Inc,applied-optoelectronics-inc-derivatives,Binance,binance,AAOI/USDT,perpetual,74.89158448,24786755.16474082,0.0,0.0,0.0,0,2026-07-29T20:33:17.000Z
Applied Optoelectronics Inc,applied-optoelectronics-inc-derivatives,Aster,aster-pro,AAOI/USDT,perpetual,74.91325984,8401.44218402,0.0,0.0,0.0,0,2026-07-29T20:33:15.000Z
Applied Optoelectronics Inc,applied-optoelectronics-inc-derivatives,KuCoin,kucoin,AAOI/USDT,perpetual,74.73179446,362638.22432764,0.0,0.0,0.0,0,2026-07-29T20:33:19.000Z
Applied Optoelectronics Inc,applied-optoelectronics-inc-derivatives,OKX,okx,AAOI/USDT,perpetual,75.70584949,10249135.88040213,0.0,0.0,0.0,0,2026-07-29T20:31:28.000Z
Applied Optoelectronics Inc,applied-optoelectronics-inc-derivatives,Bybit,bybit,AAOI/USDT,perpetual,74.95321358,4889100.60679588,0.0,0.0,0.0,0,2026-07-29T20:33:16.000Z
Applied Optoelectronics Inc,applied-optoelectronics-inc-derivatives,Gate,gate,AAOI/USDT,perpetual,74.8815976,984024.88643375,0.0,0.0,0.0,0,2026-07-29T20:33:20.000Z
Applied Optoelectronics Inc,applied-optoelectronics-inc-derivatives,HTX,htx,AAOI/USDT,perpetual,75.8175834,4271.42439927,0.0,0.0,0.0,0,2026-07-29T20:27:17.000Z
Applied Optoelectronics Inc,applied-optoelectronics-inc-derivatives,Bitget,bitget,AAOI/USDT,perpetual,74.95321358,4629160.57034538,0.0,0.0,0.0,0,2026-07-29T20:33:16.000Z
Applied Optoelectronics Inc,applied-optoelectronics-inc-derivatives,Crypto.com Exchange,crypto-com-exchange,AAOI/USD,perpetual,90.28108431,5378.78773093,0.0,0.0,0.0,0,2026-07-29T12:30:18.000Z
Applied Optoelectronics Inc,applied-optoelectronics-inc-derivatives,Phemex,phemex,AAOI/USDT,perpetual,74.86331767,878857.20272283,0.0,0.0,0.0,0,2026-07-29T20:33:16.000Z
Applied Optoelectronics Inc,applied-optoelectronics-inc-derivatives,MEXC,mexc,AAOISTOCK/USDT,perpetual,74.86331767,323050.4065599,0.0,0.0,0.0,0,2026-07-29T20:33:16.000Z
Applied Optoelectronics Inc,applied-optoelectronics-inc-derivatives,BingX,bingx,AAOI/USDT,perpetual,74.88329454,1716294.35646571,0.0,0.0,0.0,0,2026-07-29T20:33:18.000Z
Applied Optoelectronics Inc,applied-optoelectronics-inc-derivatives,SunX,sunperp,AAOI/USDT,perpetual,97.49711058,743471.84947611,0.0,0.0,0.0,0,2026-07-29T20:33:16.000Z
Applied Optoelectronics Inc,applied-optoelectronics-inc-derivatives,LBank,lbank,AAOI/USDT,perpetual,74.87161072,11676686.0909165,0.0,0.0,0.0,0,2026-07-29T20:33:17.000Z
Applied Optoelectronics Inc,applied-optoelectronics-inc-derivatives,Tapbit,tapbit,AAOI/USDT,perpetual,74.91325984,6038107.02961542,0.0,0.0,0.0,0,2026-07-29T20:33:15.000Z
Applied Optoelectronics Inc,applied-optoelectronics-inc-derivatives,CoinW,coinw,AAOI/USDT,perpetual,74.91325984,5607846.43739966,0.0,0.0,0.0,0,2026-07-29T20:33:17.000Z
Applied Optoelectronics Inc,applied-optoelectronics-inc-derivatives,OrangeX,orangex,AAOI/USDT,perpetual,74.89328297,3683105.15632039,0.0,0.0,0.0,0,2026-07-29T20:33:15.000Z
Applied Optoelectronics Inc,applied-optoelectronics-inc-derivatives,Hotcoin,hotcoin-global,AAOI/USDT,perpetual,74.92324828,3617702.15479054,0.0,0.0,0.0,0,2026-07-29T20:33:21.000Z
Applied Optoelectronics Inc,applied-optoelectronics-inc-derivatives,Bitrue,bitrue,AAOI/USDT,perpetual,74.89328297,3490054.82764043,0.0,0.0,0.0,0,2026-07-29T20:33:16.000Z
Applied Optoelectronics Inc,applied-optoelectronics-inc-derivatives,Toobit,toobit,AAOI/USDT,perpetual,74.92324828,2987736.06818174,0.0,0.0,0.0,0,2026-07-29T20:33:17.000Z
Applied Optoelectronics Inc,applied-optoelectronics-inc-derivatives,WhiteBIT,whitebit,AAOI/USDT,perpetual,74.98317889,2868167.08566208,0.0,0.0,0.0,0,2026-07-29T20:33:15.000Z
Applied Optoelectronics Inc,applied-optoelectronics-inc-derivatives,Zoomex,zoomex,AAOI/USDT,perpetual,74.95321358,1466730.18203876,0.0,0.0,0.0,0,2026-07-29T20:33:17.000Z
Applied Optoelectronics Inc,applied-optoelectronics-inc-derivatives,YUBIT,yubit,AAOI/USDT,perpetual,74.89158448,885496.28351797,0.0,0.0,0.0,0,2026-07-29T20:33:15.000Z
Applied Optoelectronics Inc,applied-optoelectronics-inc-derivatives,KCEX,kcex,AAOI/USDT,perpetual,74.90327141,797085.16937812,0.0,0.0,0.0,0,2026-07-29T20:33:15.000Z
Applied Optoelectronics Inc,applied-optoelectronics-inc-derivatives,Bitunix,bitunix,AAOI/USDT,perpetual,75.70161247,773104.97969643,0.0,0.0,0.0,0,2026-07-29T20:24:16.000Z
Applied Optoelectronics Inc,applied-optoelectronics-inc-derivatives,MGBX,mgbx,AAOI/USDT,perpetual,81.13481032,503629.96868724,0.0,0.0,0.0,0,2026-07-29T15:15:16.000Z
Applied Optoelectronics Inc,applied-optoelectronics-inc-derivatives,BloFin,blofin,AAOI/USDT,perpetual,74.80338706,151508.93935691,0.0,0.0,0.0,0,2026-07-29T20:33:16.000Z
Applied Optoelectronics Inc,applied-optoelectronics-inc-derivatives,WEEX,weex,AAOI/USDT,perpetual,74.90157135,55836.58988051,0.0,0.0,0.0,0,2026-07-29T20:33:17.000Z
Applied Optoelectronics Inc,applied-optoelectronics-inc-derivatives,BitMart,bitmart,AAOI/USDT,perpetual,100.51790876,0.0,0.0,0.0,0.0,0,2026-07-29T20:33:16.000Z
Applied Optoelectronics Inc,applied-optoelectronics-inc-derivatives,Fillx,fillx,AAOI/USDC,perpetual,74.91741094955904,0.0,,,,0,2026-07-29T20:33:16.593Z
Applied Optoelectronics Inc,applied-optoelectronics-inc-derivatives,Lighter,lighter,AAOI/USDC,perpetual,74.91741094955904,0.0,,,,0,2026-07-29T20:33:15.315Z
Applied Optoelectronics Inc,applied-optoelectronics-inc-derivatives,ADEN,aden-decentralized-derivatives-exchange,AAOI/USDC,perpetual,74.91741094955904,0.0,,,,0,2026-07-29T20:30:56.831Z
Applied Optoelectronics Inc,applied-optoelectronics-inc-derivatives,ADEN,aden-decentralized-derivatives-exchange,AAOI/USDT,perpetual,74.91741094955904,0.0,,,,0,2026-07-29T20:30:56.831Z
Applied Optoelectronics Inc,applied-optoelectronics-inc-derivatives,ADEN,aden-decentralized-derivatives-exchange,AAOI/USDT,perpetual,74.91741094955904,0.0,,,,0,2026-07-29T20:30:56.831Z
Infleqtion Inc,infleqtion-inc-derivatives,KuCoin,kucoin,INFQ/USDT,perpetual,8.77846416,774046.24075116,0.0,0.0,0.0,0,2026-07-29T20:33:19.000Z
Infleqtion Inc,infleqtion-inc-derivatives,OKX,okx,INFQ/USDT,perpetual,8.82302737,93191.46194986,0.0,0.0,0.0,0,2026-07-29T20:31:28.000Z
Infleqtion Inc,infleqtion-inc-derivatives,Gate,gate,INFQ/USDT,perpetual,8.8483723,17852.53986012,0.0,0.0,0.0,0,2026-07-29T20:33:20.000Z
Infleqtion Inc,infleqtion-inc-derivatives,Bitget,bitget,INFQ/USDT,perpetual,8.79981092,444683.02916325,0.0,0.0,0.0,0,2026-07-29T20:33:16.000Z
Infleqtion Inc,infleqtion-inc-derivatives,MEXC,mexc,INFQSTOCK/USDT,perpetual,8.78183174,3244997.37106963,0.0,0.0,0.0,0,2026-07-29T20:33:16.000Z
Infleqtion Inc,infleqtion-inc-derivatives,BingX,bingx,INFQ/USDT,perpetual,8.78283058,1629105.87978283,0.0,0.0,0.0,0,2026-07-29T20:33:18.000Z
Infleqtion Inc,infleqtion-inc-derivatives,LBank,lbank,INFQ/USDT,perpetual,8.79843791,604204.0015532,0.0,0.0,0.0,0,2026-07-29T20:33:17.000Z
Infleqtion Inc,infleqtion-inc-derivatives,Toobit,toobit,INFQ/USDT,perpetual,8.85574616,75478.06855628,0.0,0.0,0.0,0,2026-07-29T20:33:17.000Z
Infleqtion Inc,infleqtion-inc-derivatives,YUBIT,yubit,INFQ/USDT,perpetual,8.79743923,21492.41667409,0.0,0.0,0.0,0,2026-07-29T20:33:15.000Z
Infleqtion Inc,infleqtion-inc-derivatives,KCEX,kcex,INFQ/USDT,perpetual,8.80580398,7095.30123137,0.0,0.0,0.0,0,2026-07-29T20:33:15.000Z
Infleqtion Inc,infleqtion-inc-derivatives,WEEX,weex,INFQ/USDT,perpetual,8.78046154,5392.08631396,0.0,0.0,0.0,0,2026-07-29T20:33:17.000Z
Infleqtion Inc,infleqtion-inc-derivatives,BitMart,bitmart,INFQ/USDT,perpetual,10.32243522,0.0,0.0,0.0,0.0,0,2026-07-29T20:33:16.000Z
Infleqtion Inc,infleqtion-inc-derivatives,ADEN,aden-decentralized-derivatives-exchange,INFQ/USDT,perpetual,8.833029516564281,0.0,,,,0,2026-07-29T20:30:56.831Z
Infleqtion Inc,infleqtion-inc-derivatives,ADEN,aden-decentralized-derivatives-exchange,INFQ/USDT,perpetual,8.833029516564281,0.0,,,,0,2026-07-29T20:30:56.831Z
Nokia Oyj,nokia-oyj-derivatives,Binance,binance,NOK/USDT,perpetual,8.31906786,9459361.6028894,0.0,0.0,0.0,0,2026-07-29T20:33:17.000Z
Nokia Oyj,nokia-oyj-derivatives,Aster,aster-pro,NOK/USDT,perpetual,8.37030823,7978.30212711,0.0,0.0,0.0,0,2026-07-29T20:33:15.000Z
Nokia Oyj,nokia-oyj-derivatives,KuCoin,kucoin,NOK/USDT,perpetual,8.30908098,474901.11332787,0.0,0.0,0.0,0,2026-07-29T20:33:19.000Z
Nokia Oyj,nokia-oyj-derivatives,Hyperliquid,hyperliquid,xyz:NOK/USDC,perpetual,8.30660326,2532576.06999102,0.0,0.0,0.0,0,2026-07-29T20:33:26.000Z
Nokia Oyj,nokia-oyj-derivatives,OKX,okx,NOK/USDT,perpetual,8.34562109,1657388.60478669,0.0,0.0,0.0,0,2026-07-29T20:31:28.000Z
Nokia Oyj,nokia-oyj-derivatives,Gate,gate,NOK/USDT,perpetual,8.33005342,618681.98593883,0.0,0.0,0.0,0,2026-07-29T20:33:20.000Z
Nokia Oyj,nokia-oyj-derivatives,HTX,htx,NOK/USDT,perpetual,8.36091137,11096.26593703,0.0,0.0,0.0,0,2026-07-29T20:27:17.000Z
Nokia Oyj,nokia-oyj-derivatives,Phemex,phemex,NOK/USDT,perpetual,8.31037763,466980.29830306,0.0,0.0,0.0,0,2026-07-29T20:33:16.000Z
Nokia Oyj,nokia-oyj-derivatives,MEXC,mexc,NOKSTOCK/USDT,perpetual,8.32036606,154460.36427714,0.0,0.0,0.0,0,2026-07-29T20:33:16.000Z
Nokia Oyj,nokia-oyj-derivatives,SunX,sunperp,NOK/USDT,perpetual,9.17937144,251264.67303291,0.0,0.0,0.0,0,2026-07-29T20:33:16.000Z
Nokia Oyj,nokia-oyj-derivatives,OrangeX,orangex,NOK/USDT,perpetual,8.31037763,7826709.11280549,0.0,0.0,0.0,0,2026-07-29T20:33:15.000Z
Nokia Oyj,nokia-oyj-derivatives,LBank,lbank,NOK/USDT,perpetual,8.31906786,5511591.76106714,0.0,0.0,0.0,0,2026-07-29T20:33:17.000Z
Nokia Oyj,nokia-oyj-derivatives,CoinW,coinw,NOK/USDT,perpetual,8.32036606,3165625.97229128,0.0,0.0,0.0,0,2026-07-29T20:33:17.000Z
Nokia Oyj,nokia-oyj-derivatives,WhiteBIT,whitebit,NOK/USDT,perpetual,8.31037763,2221310.81916251,0.0,0.0,0.0,0,2026-07-29T20:33:15.000Z
Nokia Oyj,nokia-oyj-derivatives,Ourbit,ourbit,NOK/USDT,perpetual,8.31337416,1959684.64025343,0.0,0.0,0.0,0,2026-07-29T20:33:16.000Z
Nokia Oyj,nokia-oyj-derivatives,Toobit,toobit,NOK/USDT,perpetual,8.31037763,1663901.47325113,0.0,0.0,0.0,0,2026-07-29T20:33:17.000Z
Nokia Oyj,nokia-oyj-derivatives,Bitrue,bitrue,NOK/USDT,perpetual,8.31037763,1378490.27099496,0.0,0.0,0.0,0,2026-07-29T20:33:16.000Z
Nokia Oyj,nokia-oyj-derivatives,Hotcoin,hotcoin-global,NOK/USDT,perpetual,8.32036606,950261.71615486,0.0,0.0,0.0,0,2026-07-29T20:33:21.000Z
Nokia Oyj,nokia-oyj-derivatives,YUBIT,yubit,NOK/USDT,perpetual,8.30908098,795799.17507729,0.0,0.0,0.0,0,2026-07-29T20:33:15.000Z
Nokia Oyj,nokia-oyj-derivatives,KCEX,kcex,NOK/USDT,perpetual,8.31037763,767169.40408103,0.0,0.0,0.0,0,2026-07-29T20:33:15.000Z
Nokia Oyj,nokia-oyj-derivatives,DigiFinex,digifinex,NOK/USDT,perpetual,8.31037763,356935.53902781,0.0,0.0,0.0,0,2026-07-29T20:33:16.000Z
Nokia Oyj,nokia-oyj-derivatives,Bitunix,bitunix,NOK/USDT,perpetual,8.35025043,338195.83001648,0.0,0.0,0.0,0,2026-07-29T20:24:16.000Z
Nokia Oyj,nokia-oyj-derivatives,WEEX,weex,NOK/USDT,perpetual,8.30908098,294783.84561237,0.0,0.0,0.0,0,2026-07-29T20:33:17.000Z
Nokia Oyj,nokia-oyj-derivatives,MGBX,mgbx,NOK/USDT,perpetual,8.57782179,202784.85076226,0.0,0.0,0.0,0,2026-07-29T15:15:16.000Z
Nokia Oyj,nokia-oyj-derivatives,BloFin,blofin,NOK/USDT,perpetual,8.32036606,21154.07163908,0.0,0.0,0.0,0,2026-07-29T20:33:16.000Z
Nokia Oyj,nokia-oyj-derivatives,Lighter,lighter,NOK/USDC,perpetual,8.309002125520793,0.0,,,,0,2026-07-29T20:33:15.315Z
Nokia Oyj,nokia-oyj-derivatives,ADEN,aden-decentralized-derivatives-exchange,NOK/USDT,perpetual,8.309002125520793,0.0,,,,0,2026-07-29T20:30:56.831Z
Nokia Oyj,nokia-oyj-derivatives,ADEN,aden-decentralized-derivatives-exchange,NOK/USDT,perpetual,8.309002125520793,0.0,,,,0,2026-07-29T20:30:56.831Z
Applied Materials Inc,applied-materials-inc-derivatives,Binance,binance,AMAT/USDT,perpetual,441.32005841,8135892.66621152,0.0,0.0,0.0,0,2026-07-29T20:33:17.000Z
Applied Materials Inc,applied-materials-inc-derivatives,Aster,aster-pro,AMAT/USDT,perpetual,450.10883045,528.14847033,0.0,0.0,0.0,0,2026-07-29T20:33:15.000Z
Applied Materials Inc,applied-materials-inc-derivatives,KuCoin,kucoin,AMAT/USDT,perpetual,440.54108207,526513.49016448,0.0,0.0,0.0,0,2026-07-29T20:33:19.000Z
Applied Materials Inc,applied-materials-inc-derivatives,Hyperliquid,hyperliquid,xyz:AMAT/USDC,perpetual,441.39264288,1770571.22788329,0.0,0.0,0.0,0,2026-07-29T20:33:26.000Z
Applied Materials Inc,applied-materials-inc-derivatives,Gate,gate,AMAT/USDT,perpetual,441.71953346,1234398.86833969,0.0,0.0,0.0,0,2026-07-29T20:33:20.000Z
Applied Materials Inc,applied-materials-inc-derivatives,OKX,okx,AMAT/USDT,perpetual,443.75812645,1116624.13600791,0.0,0.0,0.0,0,2026-07-29T20:31:28.000Z
Applied Materials Inc,applied-materials-inc-derivatives,Bybit,bybit,AMAT/USDT,perpetual,440.74966718,921442.15588987,0.0,0.0,0.0,0,2026-07-29T20:33:16.000Z
Applied Materials Inc,applied-materials-inc-derivatives,HTX,htx,AMAT/USDT,perpetual,446.57455648,47293.98164376,0.0,0.0,0.0,0,2026-07-29T20:27:17.000Z
Applied Materials Inc,applied-materials-inc-derivatives,Bitget,bitget,AMAT/USDT,perpetual,441.25907735,847385.27886211,0.0,0.0,0.0,0,2026-07-29T20:33:16.000Z
Applied Materials Inc,applied-materials-inc-derivatives,Phemex,phemex,AMAT/USDT,perpetual,441.10925083,497735.73266872,0.0,0.0,0.0,0,2026-07-29T20:33:16.000Z
Applied Materials Inc,applied-materials-inc-derivatives,BingX,bingx,AMAT/USDT,perpetual,441.57870726,1665778.88704151,0.0,0.0,0.0,0,2026-07-29T20:33:18.000Z
Applied Materials Inc,applied-materials-inc-derivatives,SunX,sunperp,AMAT/USDT,perpetual,515.29335494,179317.25072125,0.0,0.0,0.0,0,2026-07-29T20:33:16.000Z
Applied Materials Inc,applied-materials-inc-derivatives,CoinW,coinw,AMAT/USDT,perpetual,441.45884604,4083777.31822621,0.0,0.0,0.0,0,2026-07-29T20:33:17.000Z
Applied Materials Inc,applied-materials-inc-derivatives,Ourbit,ourbit,AMAT/USDT,perpetual,441.40890387,4037013.73217179,0.0,0.0,0.0,0,2026-07-29T20:33:16.000Z
Applied Materials Inc,applied-materials-inc-derivatives,WhiteBIT,whitebit,AMAT/USDT,perpetual,443.22679898,2857290.80672852,0.0,0.0,0.0,0,2026-07-29T20:33:15.000Z
Applied Materials Inc,applied-materials-inc-derivatives,WEEX,weex,AMAT/USDT,perpetual,441.2401634,2293558.04730615,0.0,0.0,0.0,0,2026-07-29T20:33:17.000Z
Applied Materials Inc,applied-materials-inc-derivatives,LBank,lbank,AMAT/USDT,perpetual,441.21020277,2194042.02156918,0.0,0.0,0.0,0,2026-07-29T20:33:17.000Z
Applied Materials Inc,applied-materials-inc-derivatives,Hotcoin,hotcoin-global,AMAT/USDT,perpetual,441.388927,1382386.3700211,0.0,0.0,0.0,0,2026-07-29T20:33:21.000Z
Applied Materials Inc,applied-materials-inc-derivatives,Bitrue,bitrue,AMAT/USDT,perpetual,441.48881135,1219558.04907791,0.0,0.0,0.0,0,2026-07-29T20:33:16.000Z
Applied Materials Inc,applied-materials-inc-derivatives,Toobit,toobit,AMAT/USDT,perpetual,441.37893857,736627.4190678,0.0,0.0,0.0,0,2026-07-29T20:33:17.000Z
Applied Materials Inc,applied-materials-inc-derivatives,KCEX,kcex,AMAT/USDT,perpetual,441.57870726,409896.30081026,0.0,0.0,0.0,0,2026-07-29T20:33:15.000Z
Applied Materials Inc,applied-materials-inc-derivatives,OrangeX,orangex,AMAT/USDT,perpetual,441.43886917,384610.30951573,0.0,0.0,0.0,0,2026-07-29T20:33:15.000Z
Applied Materials Inc,applied-materials-inc-derivatives,Bitunix,bitunix,AMAT/USDT,perpetual,444.69078885,300811.07962556,0.0,0.0,0.0,0,2026-07-29T20:24:16.000Z
Applied Materials Inc,applied-materials-inc-derivatives,YUBIT,yubit,AMAT/USDT,perpetual,441.35001904,300614.26082544,0.0,0.0,0.0,0,2026-07-29T20:33:15.000Z
Applied Materials Inc,applied-materials-inc-derivatives,Zoomex,zoomex,AMAT/USDT,perpetual,440.74966718,276432.64676696,0.0,0.0,0.0,0,2026-07-29T20:33:17.000Z
Applied Materials Inc,applied-materials-inc-derivatives,MGBX,mgbx,AMAT/USDT,perpetual,451.84849624,227284.71105709,0.0,0.0,0.0,0,2026-07-29T15:15:16.000Z
Applied Materials Inc,applied-materials-inc-derivatives,BloFin,blofin,AMAT/USDT,perpetual,441.73852221,87499.34054153,0.0,0.0,0.0,0,2026-07-29T20:33:16.000Z
Applied Materials Inc,applied-materials-inc-derivatives,ADEN,aden-decentralized-derivatives-exchange,AMAT/USDT,perpetual,443.39898403,949.2024545,0.0,0.0,0.0,0,2026-07-29T20:30:56.000Z
Applied Materials Inc,applied-materials-inc-derivatives,BitMart,bitmart,AMAT/USDT,perpetual,538.71207492,0.0,0.0,0.0,0.0,0,2026-07-29T20:33:16.000Z
Applied Materials Inc,applied-materials-inc-derivatives,DeriW,deriw,AMAT/USDT,perpetual,442.61586676225494,0.0,,,,0,2026-07-29T20:33:15.453Z
Applied Materials Inc,applied-materials-inc-derivatives,DeriW,deriw,AMAT/USDT,perpetual,442.61586676225494,0.0,,,,0,2026-07-29T20:33:15.453Z
Dell Technologies,dell-technologies-derivatives,Binance,binance,DELL/USDT,perpetual,365.56960258,15260671.11505698,0.0,0.0,0.0,0,2026-07-29T20:33:17.000Z
Dell Technologies,dell-technologies-derivatives,Aster,aster-pro,DELL/USDT,perpetual,367.0649848,19574.37532922,0.0,0.0,0.0,0,2026-07-29T20:33:15.000Z
Dell Technologies,dell-technologies-derivatives,KuCoin,kucoin,DELL/USDT,perpetual,366.20876266,627137.38903808,0.0,0.0,0.0,0,2026-07-29T20:33:19.000Z
Dell Technologies,dell-technologies-derivatives,Hyperliquid,hyperliquid,xyz:DELL/USDC,perpetual,366.30430847,2413142.77512525,0.0,0.0,0.0,0,2026-07-29T20:33:26.000Z
Dell Technologies,dell-technologies-derivatives,OKX,okx,DELL/USDT,perpetual,367.90246328,2200340.01530614,0.0,0.0,0.0,0,2026-07-29T20:31:28.000Z
Dell Technologies,dell-technologies-derivatives,Bybit,bybit,DELL/USDT,perpetual,366.35580594,1100255.23218185,0.0,0.0,0.0,0,2026-07-29T20:33:16.000Z
Dell Technologies,dell-technologies-derivatives,Gate,gate,DELL/USDT,perpetual,365.19010129,1041333.57670746,0.0,0.0,0.0,0,2026-07-29T20:33:20.000Z
Dell Technologies,dell-technologies-derivatives,HTX,htx,DELL/USDT,perpetual,365.88227206,41705.4320097,0.0,0.0,0.0,0,2026-07-29T20:27:17.000Z
Dell Technologies,dell-technologies-derivatives,Bitget,bitget,DELL/USDT,perpetual,365.62665021,1141020.16360573,0.0,0.0,0.0,0,2026-07-29T20:33:16.000Z
Dell Technologies,dell-technologies-derivatives,Crypto.com Exchange,crypto-com-exchange,DELL/USD,perpetual,388.45677546,5315.7790575,0.0,0.0,0.0,0,2026-07-29T12:30:18.000Z
Dell Technologies,dell-technologies-derivatives,Phemex,phemex,DELL/USDT,perpetual,365.75649986,663412.8835143,0.0,0.0,0.0,0,2026-07-29T20:33:16.000Z
Dell Technologies,dell-technologies-derivatives,BingX,bingx,DELL/USDT,perpetual,365.46683526,1728224.15325777,0.0,0.0,0.0,0,2026-07-29T20:33:18.000Z
Dell Technologies,dell-technologies-derivatives,CoinW,coinw,DELL/USDT,perpetual,365.59668491,7136706.04978299,0.0,0.0,0.0,0,2026-07-29T20:33:17.000Z
Dell Technologies,dell-technologies-derivatives,Ourbit,ourbit,DELL/USDT,perpetual,365.60667334,3185035.02234643,0.0,0.0,0.0,0,2026-07-29T20:33:16.000Z
Dell Technologies,dell-technologies-derivatives,Hotcoin,hotcoin-global,DELL/USDT,perpetual,365.52676587,2308612.91588764,0.0,0.0,0.0,0,2026-07-29T20:33:21.000Z
Dell Technologies,dell-technologies-derivatives,Bitrue,bitrue,DELL/USDT,perpetual,365.55673117,2072130.09936945,0.0,0.0,0.0,0,2026-07-29T20:33:16.000Z
Dell Technologies,dell-technologies-derivatives,WEEX,weex,DELL/USDT,perpetual,365.50968133,1758107.83994044,0.0,0.0,0.0,0,2026-07-29T20:33:17.000Z
Dell Technologies,dell-technologies-derivatives,WhiteBIT,whitebit,DELL/USDT,perpetual,365.38692778,1476463.00328287,0.0,0.0,0.0,0,2026-07-29T20:33:15.000Z
Dell Technologies,dell-technologies-derivatives,Toobit,toobit,DELL/USDT,perpetual,365.73652299,1363836.3980613,0.0,0.0,0.0,0,2026-07-29T20:33:17.000Z
Dell Technologies,dell-technologies-derivatives,LBank,lbank,DELL/USDT,perpetual,365.52965508,847015.50715892,0.0,0.0,0.0,0,2026-07-29T20:33:17.000Z
Dell Technologies,dell-technologies-derivatives,KCEX,kcex,DELL/USDT,perpetual,365.55673117,628480.7512408,0.0,0.0,0.0,0,2026-07-29T20:33:15.000Z
Dell Technologies,dell-technologies-derivatives,Bitunix,bitunix,DELL/USDT,perpetual,367.96037759,574169.04290358,0.0,0.0,0.0,0,2026-07-29T20:24:16.000Z
Dell Technologies,dell-technologies-derivatives,YUBIT,yubit,DELL/USDT,perpetual,365.45974695,542400.92737889,0.0,0.0,0.0,0,2026-07-29T20:33:15.000Z
Dell Technologies,dell-technologies-derivatives,MGBX,mgbx,DELL/USDT,perpetual,375.67663986,431795.94106353,0.0,0.0,0.0,0,2026-07-29T15:15:16.000Z
Dell Technologies,dell-technologies-derivatives,Zoomex,zoomex,DELL/USDT,perpetual,366.35580594,330076.56965456,0.0,0.0,0.0,0,2026-07-29T20:33:17.000Z
Dell Technologies,dell-technologies-derivatives,OrangeX,orangex,DELL/USDT,perpetual,365.7964536,253443.21455515,0.0,0.0,0.0,0,2026-07-29T20:33:15.000Z
Dell Technologies,dell-technologies-derivatives,BloFin,blofin,DELL/USDT,perpetual,366.17601412,180467.58747561,0.0,0.0,0.0,0,2026-07-29T20:33:16.000Z
Dell Technologies,dell-technologies-derivatives,Lighter,lighter,DELL/USDC,perpetual,366.16969649,63585.59890362,0.0,0.0,0.0,0,2026-07-29T20:33:15.000Z
Dell Technologies,dell-technologies-derivatives,ADEN,aden-decentralized-derivatives-exchange,DELL/USDT,perpetual,364.83775381,15341.43124365,0.0,0.0,0.0,0,2026-07-29T20:30:56.000Z
Dell Technologies,dell-technologies-derivatives,BitMart,bitmart,DELL/USDT,perpetual,437.78470424,0.0,0.0,0.0,0.0,0,2026-07-29T20:33:16.000Z
Dell Technologies,dell-technologies-derivatives,BTSE,btse,DELL/USDT,perpetual,365.0841468668581,809285.558,,,,0,2026-07-29T20:27:15.447Z
Dell Technologies,dell-technologies-derivatives,BTSE,btse,DELL/USDT,perpetual,365.0841468668581,809285.558,,,,0,2026-07-29T20:27:15.447Z
Dell Technologies,dell-technologies-derivatives,Fillx,fillx,DELL/USDC,perpetual,365.0841468668581,0.0,,,,0,2026-07-29T20:33:16.593Z
Dell Technologies,dell-technologies-derivatives,ADEN,aden-decentralized-derivatives-exchange,DELL/USDC,perpetual,365.0841468668581,0.0,,,,0,2026-07-29T20:30:56.831Z
Vertiv Holdings Co,vertv-holdings-co-derivatives,Binance,binance,VRT/USDT,perpetual,219.50155157,4804265.20004663,0.0,0.0,0.0,0,2026-07-29T20:33:17.000Z
Vertiv Holdings Co,vertv-holdings-co-derivatives,KuCoin,kucoin,VRT/USDT,perpetual,219.91101349,586650.54906041,0.0,0.0,0.0,0,2026-07-29T20:33:19.000Z
Vertiv Holdings Co,vertv-holdings-co-derivatives,OKX,okx,VRT/USDT,perpetual,221.94398249,1071423.47826978,0.0,0.0,0.0,0,2026-07-29T20:31:28.000Z
Vertiv Holdings Co,vertv-holdings-co-derivatives,Bybit,bybit,VRT/USDT,perpetual,220.4347642,965949.93396691,0.0,0.0,0.0,0,2026-07-29T20:33:16.000Z
Vertiv Holdings Co,vertv-holdings-co-derivatives,Gate,gate,VRT/USDT,perpetual,219.91101349,224857.51326497,0.0,0.0,0.0,0,2026-07-29T20:33:20.000Z
Vertiv Holdings Co,vertv-holdings-co-derivatives,HTX,htx,VRT/USDT,perpetual,222.19846182,33563.06167584,0.0,0.0,0.0,0,2026-07-29T20:27:17.000Z
Vertiv Holdings Co,vertv-holdings-co-derivatives,Bitget,bitget,VRT/USDT,perpetual,220.58459072,1551355.31837816,0.0,0.0,0.0,0,2026-07-29T20:33:16.000Z
Vertiv Holdings Co,vertv-holdings-co-derivatives,BingX,bingx,VRT/USDT,perpetual,219.69562004,1274147.53700982,0.0,0.0,0.0,0,2026-07-29T20:33:18.000Z
Vertiv Holdings Co,vertv-holdings-co-derivatives,SunX,sunperp,VRT/USDT,perpetual,285.83903426,165541.56283948,0.0,0.0,0.0,0,2026-07-29T20:33:16.000Z
Vertiv Holdings Co,vertv-holdings-co-derivatives,CoinW,coinw,VRT/USDT,perpetual,219.59573569,3018064.07046013,0.0,0.0,0.0,0,2026-07-29T20:33:17.000Z
Vertiv Holdings Co,vertv-holdings-co-derivatives,Ourbit,ourbit,VRT/USDT,perpetual,219.57575882,2026931.14362943,0.0,0.0,0.0,0,2026-07-29T20:33:16.000Z
Vertiv Holdings Co,vertv-holdings-co-derivatives,LBank,lbank,VRT/USDT,perpetual,219.1120634,1549750.48311152,0.0,0.0,0.0,0,2026-07-29T20:33:17.000Z
Vertiv Holdings Co,vertv-holdings-co-derivatives,Toobit,toobit,VRT/USDT,perpetual,219.46588604,610986.97863467,0.0,0.0,0.0,0,2026-07-29T20:33:17.000Z
Vertiv Holdings Co,vertv-holdings-co-derivatives,WEEX,weex,VRT/USDT,perpetual,219.61140721,568418.42291712,0.0,0.0,0.0,0,2026-07-29T20:33:17.000Z
Vertiv Holdings Co,vertv-holdings-co-derivatives,Zoomex,zoomex,VRT/USDT,perpetual,220.4347642,289784.98019007,0.0,0.0,0.0,0,2026-07-29T20:33:17.000Z
Vertiv Holdings Co,vertv-holdings-co-derivatives,KCEX,kcex,VRT/USDT,perpetual,219.63568943,282109.62185206,0.0,0.0,0.0,0,2026-07-29T20:33:15.000Z
Vertiv Holdings Co,vertv-holdings-co-derivatives,Bitunix,bitunix,VRT/USDT,perpetual,220.48256942,240317.18096588,0.0,0.0,0.0,0,2026-07-29T20:24:16.000Z
Vertiv Holdings Co,vertv-holdings-co-derivatives,ADEN,aden-decentralized-derivatives-exchange,VRT/USDT,perpetual,219.35214439,21.87128667,0.0,0.0,0.0,0,2026-07-29T20:30:56.000Z
Vertiv Holdings Co,vertv-holdings-co-derivatives,BitMart,bitmart,VRT/USDT,perpetual,291.73662698,0.0,0.0,0.0,0.0,0,2026-07-29T20:33:16.000Z
Quantinuum Inc,quantinuum-inc-derivatives,Binance,binance,QNTX/USDT,perpetual,47.3377931,2298483.70217074,0.0,0.0,0.0,0,2026-07-29T20:33:17.000Z
Quantinuum Inc,quantinuum-inc-derivatives,Aster,aster-pro,QNTX/USDT,perpetual,47.21533057,12980.81983923,0.0,0.0,0.0,0,2026-07-29T20:33:15.000Z
Quantinuum Inc,quantinuum-inc-derivatives,KuCoin,kucoin,QNTX/USDT,perpetual,47.31781934,705370.67036926,0.0,0.0,0.0,0,2026-07-29T20:33:19.000Z
Quantinuum Inc,quantinuum-inc-derivatives,Bybit,bybit,QNTX/USDT,perpetual,47.27526118,2995063.02378641,0.0,0.0,0.0,0,2026-07-29T20:33:16.000Z
Quantinuum Inc,quantinuum-inc-derivatives,Hyperliquid,hyperliquid,xyz:QNT/USDC,perpetual,47.1963822,1740486.63650368,0.0,0.0,0.0,0,2026-07-29T20:33:26.000Z
Quantinuum Inc,quantinuum-inc-derivatives,Gate,gate,QNTX/USDT,perpetual,47.25789809,16975.69213148,0.0,0.0,0.0,0,2026-07-29T20:33:20.000Z
Quantinuum Inc,quantinuum-inc-derivatives,HTX,htx,QNTX/USDT,perpetual,47.4084652,1242.75867407,0.0,0.0,0.0,0,2026-07-29T20:27:17.000Z
Quantinuum Inc,quantinuum-inc-derivatives,Bitget,bitget,QNTSTOCK/USDT,perpetual,47.23830397,1008283.40797527,0.0,0.0,0.0,0,2026-07-29T20:33:16.000Z
Quantinuum Inc,quantinuum-inc-derivatives,Phemex,phemex,QNTX/USDT,perpetual,47.25528431,184717.05532499,0.0,0.0,0.0,0,2026-07-29T20:33:16.000Z
Quantinuum Inc,quantinuum-inc-derivatives,SunX,sunperp,QNTX/USDT,perpetual,52.82883084,139263.77981535,0.0,0.0,0.0,0,2026-07-29T20:33:16.000Z
Quantinuum Inc,quantinuum-inc-derivatives,LBank,lbank,QNTX/USDT,perpetual,47.24791121,947295.13603998,0.0,0.0,0.0,0,2026-07-29T20:33:17.000Z
Quantinuum Inc,quantinuum-inc-derivatives,Zoomex,zoomex,QNTX/USDT,perpetual,47.27526118,898518.90713592,0.0,0.0,0.0,0,2026-07-29T20:33:17.000Z
Quantinuum Inc,quantinuum-inc-derivatives,WEEX,weex,QNTX/USDT,perpetual,47.28785871,816940.7098476,0.0,0.0,0.0,0,2026-07-29T20:33:17.000Z
Quantinuum Inc,quantinuum-inc-derivatives,WhiteBIT,whitebit,QNTX/USDT,perpetual,47.37514553,710099.1787418,0.0,0.0,0.0,0,2026-07-29T20:33:15.000Z
Quantinuum Inc,quantinuum-inc-derivatives,Ourbit,ourbit,QNTX/USDT,perpetual,47.26527274,475582.81636643,0.0,0.0,0.0,0,2026-07-29T20:33:16.000Z
Quantinuum Inc,quantinuum-inc-derivatives,Bitrue,bitrue,QNTX/USDT,perpetual,47.29523805,367269.24872847,0.0,0.0,0.0,0,2026-07-29T20:33:16.000Z
Quantinuum Inc,quantinuum-inc-derivatives,OrangeX,orangex,QNTX/USDT,perpetual,47.30522648,276727.61414175,0.0,0.0,0.0,0,2026-07-29T20:33:15.000Z
Quantinuum Inc,quantinuum-inc-derivatives,Bitunix,bitunix,QNTX/USDT,perpetual,47.54448811,237484.718087,0.0,0.0,0.0,0,2026-07-29T20:24:16.000Z
Quantinuum Inc,quantinuum-inc-derivatives,Toobit,toobit,QNTX/USDT,perpetual,47.27526118,213034.0147387,0.0,0.0,0.0,0,2026-07-29T20:33:17.000Z
Quantinuum Inc,quantinuum-inc-derivatives,KCEX,kcex,QNTX/USDT,perpetual,47.29523805,167016.90887388,0.0,0.0,0.0,0,2026-07-29T20:33:15.000Z
Quantinuum Inc,quantinuum-inc-derivatives,YUBIT,yubit,QNTX/USDT,perpetual,47.28785871,151865.64236193,0.0,0.0,0.0,0,2026-07-29T20:33:15.000Z
Quantinuum Inc,quantinuum-inc-derivatives,Pionex,pionex,QNTX/USDT,perpetual,47.30522648,111388.35226314,0.0,0.0,0.0,0,2026-07-29T20:33:16.000Z
Quantinuum Inc,quantinuum-inc-derivatives,DigiFinex,digifinex,QNTX/USDT,perpetual,47.35516866,89094.01430938,0.0,0.0,0.0,0,2026-07-29T20:33:16.000Z
Quantinuum Inc,quantinuum-inc-derivatives,BitMart,bitmart,QNTX/USDT,perpetual,53.76934136,0.0,0.0,0.0,0.0,0,2026-07-29T20:33:16.000Z
Quantinuum Inc,quantinuum-inc-derivatives,ADEN,aden-decentralized-derivatives-exchange,QNTX/USDT,perpetual,47.30867221561848,0.0,,,,0,2026-07-29T20:30:56.831Z
Quantinuum Inc,quantinuum-inc-derivatives,ADEN,aden-decentralized-derivatives-exchange,QNTX/USDT,perpetual,47.30867221561848,0.0,,,,0,2026-07-29T20:30:56.831Z
Novo Nordisk,novo-nordisk-derivatives,Binance,binance,NVO/USDT,perpetual,51.37249107,385453.81461059,0.0,0.0,0.0,0,2026-07-29T20:33:17.000Z
Novo Nordisk,novo-nordisk-derivatives,Aster,aster-pro,NVO/USDT,perpetual,50.87109765,14632.46743853,0.0,0.0,0.0,0,2026-07-29T20:33:15.000Z
Novo Nordisk,novo-nordisk-derivatives,KuCoin,kucoin,NVO/USDT,perpetual,51.4024517,1255722.10533391,0.0,0.0,0.0,0,2026-07-29T20:33:19.000Z
Novo Nordisk,novo-nordisk-derivatives,Gate,gate,NVO/USDT,perpetual,51.55225484,76191.87575565,0.0,0.0,0.0,0,2026-07-29T20:33:20.000Z
Novo Nordisk,novo-nordisk-derivatives,HTX,htx,NVO/USDT,perpetual,51.5339806,3128.90156503,0.0,0.0,0.0,0,2026-07-29T20:27:17.000Z
Novo Nordisk,novo-nordisk-derivatives,MEXC,mexc,NVOSTOCK/USDT,perpetual,51.38050782,90916.36845192,0.0,0.0,0.0,0,2026-07-29T20:33:16.000Z
Novo Nordisk,novo-nordisk-derivatives,Phemex,phemex,NVO/USDT,perpetual,51.42046156,30233.79725598,0.0,0.0,0.0,0,2026-07-29T20:33:16.000Z
Novo Nordisk,novo-nordisk-derivatives,SunX,sunperp,NVO/USDT,perpetual,49.7024508,171124.3896265,0.0,0.0,0.0,0,2026-07-29T20:33:16.000Z
Novo Nordisk,novo-nordisk-derivatives,CoinW,coinw,NVO/USDT,perpetual,51.40048469,1917912.24824251,0.0,0.0,0.0,0,2026-07-29T20:33:17.000Z
Novo Nordisk,novo-nordisk-derivatives,OrangeX,orangex,NVO/USDT,perpetual,51.39049625,656803.45400443,0.0,0.0,0.0,0,2026-07-29T20:33:15.000Z
Novo Nordisk,novo-nordisk-derivatives,Ourbit,ourbit,NVO/USDT,perpetual,51.38050782,319442.57148027,0.0,0.0,0.0,0,2026-07-29T20:33:16.000Z
Novo Nordisk,novo-nordisk-derivatives,LBank,lbank,NVO/USDT,perpetual,51.4024517,220933.07040112,0.0,0.0,0.0,0,2026-07-29T20:33:17.000Z
Novo Nordisk,novo-nordisk-derivatives,Bitunix,bitunix,NVO/USDT,perpetual,51.47989321,85647.60974203,0.0,0.0,0.0,0,2026-07-29T20:24:16.000Z
Novo Nordisk,novo-nordisk-derivatives,Bitrue,bitrue,NVO/USDT,perpetual,51.40048469,75292.31394681,0.0,0.0,0.0,0,2026-07-29T20:33:16.000Z
Novo Nordisk,novo-nordisk-derivatives,Toobit,toobit,NVO/USDT,perpetual,51.40048469,73951.35870474,0.0,0.0,0.0,0,2026-07-29T20:33:17.000Z
Novo Nordisk,novo-nordisk-derivatives,Hotcoin,hotcoin-global,NVO/USDT,perpetual,51.38050782,65126.59157789,0.0,0.0,0.0,0,2026-07-29T20:33:21.000Z
Novo Nordisk,novo-nordisk-derivatives,KCEX,kcex,NVO/USDT,perpetual,51.38050782,45935.33564448,0.0,0.0,0.0,0,2026-07-29T20:33:15.000Z
Novo Nordisk,novo-nordisk-derivatives,WEEX,weex,NVO/USDT,perpetual,51.38247795,29477.22089042,0.0,0.0,0.0,0,2026-07-29T20:33:17.000Z
Novo Nordisk,novo-nordisk-derivatives,YUBIT,yubit,NVO/USDT,perpetual,51.37249107,23336.57325581,0.0,0.0,0.0,0,2026-07-29T20:33:15.000Z
Novo Nordisk,novo-nordisk-derivatives,BitMart,bitmart,NVO/USDT,perpetual,48.99561454,0.0,0.0,0.0,0.0,0,2026-07-29T20:33:16.000Z
Novo Nordisk,novo-nordisk-derivatives,ADEN,aden-decentralized-derivatives-exchange,NVO/USDT,perpetual,51.38194129,0.0,0.0,0.0,0.0,0,2026-07-29T20:30:56.000Z
BlackBerry Ltd,blackberry-ltd-derivatives,Binance,binance,BBX/USDT,perpetual,7.75980279,1774180.80674919,0.0,0.0,0.0,0,2026-07-29T20:33:17.000Z
BlackBerry Ltd,blackberry-ltd-derivatives,Aster,aster-pro,BBX/USDT,perpetual,8.15056267,2036.42207873,0.0,0.0,0.0,0,2026-07-29T20:33:15.000Z
BlackBerry Ltd,blackberry-ltd-derivatives,Hyperliquid,hyperliquid,xyz:BB/USDC,perpetual,7.73966684,3081193.13740339,0.0,0.0,0.0,0,2026-07-29T20:33:26.000Z
BlackBerry Ltd,blackberry-ltd-derivatives,OKX,okx,BB/USDT,perpetual,7.75535516,285257.47355754,0.0,0.0,0.0,0,2026-07-29T20:31:28.000Z
BlackBerry Ltd,blackberry-ltd-derivatives,Bitget,bitget,BBSTOCK/USDT,perpetual,7.76101372,140601.40185685,0.0,0.0,0.0,0,2026-07-29T20:33:16.000Z
BlackBerry Ltd,blackberry-ltd-derivatives,MEXC,mexc,BBSTOCK/USDT,perpetual,7.75102529,99230.13295569,0.0,0.0,0.0,0,2026-07-29T20:33:16.000Z
BlackBerry Ltd,blackberry-ltd-derivatives,Lighter,lighter,BB/USDC,perpetual,7.77323385,46275.1590452,0.0,0.0,0.0,0,2026-07-29T20:33:15.000Z
Redwire Corp,redwire-corp-derivatives,KuCoin,kucoin,RDW/USDT,perpetual,7.75980279,531583.77826559,0.0,0.0,0.0,0,2026-07-29T20:33:19.000Z
Redwire Corp,redwire-corp-derivatives,Bybit,bybit,RDW/USDT,perpetual,7.76700678,6545097.7758396,0.0,0.0,0.0,0,2026-07-29T20:33:16.000Z
Redwire Corp,redwire-corp-derivatives,OKX,okx,RDW/USDT,perpetual,7.76034895,171859.13580439,0.0,0.0,0.0,0,2026-07-29T20:31:28.000Z
Redwire Corp,redwire-corp-derivatives,HTX,htx,RDW/USDT,perpetual,7.77055311,39091.5026503,0.0,0.0,0.0,0,2026-07-29T20:27:17.000Z
Redwire Corp,redwire-corp-derivatives,Gate,gate,RDW/USDT,perpetual,7.74582117,35811.93929536,0.0,0.0,0.0,0,2026-07-29T20:33:20.000Z
Redwire Corp,redwire-corp-derivatives,Bitget,bitget,RDW/USDT,perpetual,7.77000331,556181.69413811,0.0,0.0,0.0,0,2026-07-29T20:33:16.000Z
Redwire Corp,redwire-corp-derivatives,BingX,bingx,RDW/USDT,perpetual,7.75502066,1621670.44907872,0.0,0.0,0.0,0,2026-07-29T20:33:18.000Z
Redwire Corp,redwire-corp-derivatives,SunX,sunperp,RDW/USDT,perpetual,8.84176235,924738.76413113,0.0,0.0,0.0,0,2026-07-29T20:33:16.000Z
Redwire Corp,redwire-corp-derivatives,WEEX,weex,RDW/USDT,perpetual,7.75680673,3408219.26857429,0.0,0.0,0.0,0,2026-07-29T20:33:17.000Z
Redwire Corp,redwire-corp-derivatives,Zoomex,zoomex,RDW/USDT,perpetual,7.76700678,1963529.33275188,0.0,0.0,0.0,0,2026-07-29T20:33:17.000Z
Redwire Corp,redwire-corp-derivatives,Ourbit,ourbit,RDW/USDT,perpetual,7.75901603,752805.39560071,0.0,0.0,0.0,0,2026-07-29T20:33:16.000Z
Redwire Corp,redwire-corp-derivatives,OrangeX,orangex,RDW/USDT,perpetual,7.76101372,443454.74504216,0.0,0.0,0.0,0,2026-07-29T20:33:15.000Z
Redwire Corp,redwire-corp-derivatives,LBank,lbank,RDW/USDT,perpetual,7.75181329,143394.36112824,0.0,0.0,0.0,0,2026-07-29T20:33:17.000Z
Redwire Corp,redwire-corp-derivatives,Bitrue,bitrue,RDW/USDT,perpetual,7.74503222,26302.48141649,0.0,0.0,0.0,0,2026-07-29T20:33:16.000Z
Redwire Corp,redwire-corp-derivatives,KCEX,kcex,RDW/USDT,perpetual,7.7560195,12863.51096819,0.0,0.0,0.0,0,2026-07-29T20:33:15.000Z
Redwire Corp,redwire-corp-derivatives,ADEN,aden-decentralized-derivatives-exchange,RDW/USDT,perpetual,7.76322799,0.0,0.0,0.0,0.0,0,2026-07-29T20:30:56.000Z
Redwire Corp,redwire-corp-derivatives,BitMart,bitmart,RDW/USDT,perpetual,8.94824106,0.0,0.0,0.0,0.0,0,2026-07-29T20:33:16.000Z
Intuitive Machines Inc,intuitive-machikes-inc-derivatives,KuCoin,kucoin,LUNR/USDT,perpetual,11.33510446,978926.50225389,0.0,0.0,0.0,0,2026-07-29T20:33:19.000Z
Intuitive Machines Inc,intuitive-machikes-inc-derivatives,OKX,okx,LUNR/USDT,perpetual,11.34588984,72809.97889443,0.0,0.0,0.0,0,2026-07-29T20:31:28.000Z
Intuitive Machines Inc,intuitive-machikes-inc-derivatives,Gate,gate,LUNR/USDT,perpetual,11.36506509,8818.41166731,0.0,0.0,0.0,0,2026-07-29T20:33:20.000Z
Intuitive Machines Inc,intuitive-machikes-inc-derivatives,HTX,htx,LUNR/USDT,perpetual,11.45754521,6190.56262305,0.0,0.0,0.0,0,2026-07-29T20:27:17.000Z
Intuitive Machines Inc,intuitive-machikes-inc-derivatives,BingX,bingx,LUNR/USDT,perpetual,11.36676309,328817.13347166,0.0,0.0,0.0,0,2026-07-29T19:57:19.000Z
Intuitive Machines Inc,intuitive-machikes-inc-derivatives,Ourbit,ourbit,LUNR/USDT,perpetual,11.34686176,1460913.4714898,0.0,0.0,0.0,0,2026-07-29T20:33:16.000Z
Intuitive Machines Inc,intuitive-machikes-inc-derivatives,OrangeX,orangex,LUNR/USDT,perpetual,11.35685019,230198.40912349,0.0,0.0,0.0,0,2026-07-29T20:33:15.000Z
Intuitive Machines Inc,intuitive-machikes-inc-derivatives,LBank,lbank,LUNR/USDT,perpetual,11.35507822,74666.52223273,0.0,0.0,0.0,0,2026-07-29T20:33:17.000Z
Intuitive Machines Inc,intuitive-machikes-inc-derivatives,KCEX,kcex,LUNR/USDT,perpetual,11.36683863,14132.53529723,0.0,0.0,0.0,0,2026-07-29T20:33:15.000Z
Intuitive Machines Inc,intuitive-machikes-inc-derivatives,WEEX,weex,LUNR/USDT,perpetual,11.37505197,8529.89430986,0.0,0.0,0.0,0,2026-07-29T20:33:17.000Z
Intuitive Machines Inc,intuitive-machikes-inc-derivatives,BitMart,bitmart,LUNR/USDT,perpetual,14.19135105,0.0,0.0,0.0,0.0,0,2026-07-29T20:33:16.000Z
Intuitive Machines Inc,intuitive-machikes-inc-derivatives,ADEN,aden-decentralized-derivatives-exchange,LUNR/USDT,perpetual,11.35716704,0.0,0.0,0.0,0.0,0,2026-07-29T20:30:56.000Z
AST SpaceMobile Inc,ast-spacemobile-inc-derivatives,Binance,binance,ASTS/USDT,perpetual,52.62085059,2667996.2052635,0.0,0.0,0.0,0,2026-07-29T20:33:17.000Z
AST SpaceMobile Inc,ast-spacemobile-inc-derivatives,Aster,aster-pro,ASTS/USDT,perpetual,52.93870362,8329.49548926,0.0,0.0,0.0,0,2026-07-29T20:33:15.000Z
AST SpaceMobile Inc,ast-spacemobile-inc-derivatives,KuCoin,kucoin,ASTS/USDT,perpetual,52.65081122,461122.76554518,0.0,0.0,0.0,0,2026-07-29T20:33:19.000Z
AST SpaceMobile Inc,ast-spacemobile-inc-derivatives,OKX,okx,ASTS/USDT,perpetual,52.93416917,760616.89949738,0.0,0.0,0.0,0,2026-07-29T20:31:28.000Z
AST SpaceMobile Inc,ast-spacemobile-inc-derivatives,Gate,gate,ASTS/USDT,perpetual,52.63083747,546665.62311421,0.0,0.0,0.0,0,2026-07-29T20:33:20.000Z
AST SpaceMobile Inc,ast-spacemobile-inc-derivatives,Bybit,bybit,ASTS/USDT,perpetual,52.70896963,493013.702687,0.0,0.0,0.0,0,2026-07-29T20:33:16.000Z
AST SpaceMobile Inc,ast-spacemobile-inc-derivatives,HTX,htx,ASTS/USDT,perpetual,52.97241697,404.02221249,0.0,0.0,0.0,0,2026-07-29T20:27:17.000Z
AST SpaceMobile Inc,ast-spacemobile-inc-derivatives,Bitget,bitget,ASTS/USDT,perpetual,52.53916624,385947.50011678,0.0,0.0,0.0,0,2026-07-29T20:33:16.000Z
AST SpaceMobile Inc,ast-spacemobile-inc-derivatives,Phemex,phemex,ASTS/USDT,perpetual,52.60908528,204252.68531645,0.0,0.0,0.0,0,2026-07-29T20:33:16.000Z
AST SpaceMobile Inc,ast-spacemobile-inc-derivatives,BingX,bingx,ASTS/USDT,perpetual,52.62906215,1644916.87263679,0.0,0.0,0.0,0,2026-07-29T20:33:18.000Z
AST SpaceMobile Inc,ast-spacemobile-inc-derivatives,SunX,sunperp,ASTS/USDT,perpetual,57.68321008,219774.30073317,0.0,0.0,0.0,0,2026-07-29T20:33:16.000Z
AST SpaceMobile Inc,ast-spacemobile-inc-derivatives,CoinW,coinw,ASTS/USDT,perpetual,52.63905058,1939392.60668241,0.0,0.0,0.0,0,2026-07-29T20:33:17.000Z
AST SpaceMobile Inc,ast-spacemobile-inc-derivatives,Ourbit,ourbit,ASTS/USDT,perpetual,52.65902745,1427033.30627044,0.0,0.0,0.0,0,2026-07-29T20:33:16.000Z
AST SpaceMobile Inc,ast-spacemobile-inc-derivatives,LBank,lbank,ASTS/USDT,perpetual,52.64082435,941369.40188615,0.0,0.0,0.0,0,2026-07-29T20:33:17.000Z
AST SpaceMobile Inc,ast-spacemobile-inc-derivatives,WhiteBIT,whitebit,ASTS/USDT,perpetual,52.68899276,794011.08757916,0.0,0.0,0.0,0,2026-07-29T20:33:15.000Z
AST SpaceMobile Inc,ast-spacemobile-inc-derivatives,Hotcoin,hotcoin-global,ASTS/USDT,perpetual,52.63905058,407642.00170579,0.0,0.0,0.0,0,2026-07-29T20:33:21.000Z
AST SpaceMobile Inc,ast-spacemobile-inc-derivatives,OrangeX,orangex,ASTS/USDT,perpetual,52.63905058,338146.64860562,0.0,0.0,0.0,0,2026-07-29T20:33:15.000Z
AST SpaceMobile Inc,ast-spacemobile-inc-derivatives,Toobit,toobit,ASTS/USDT,perpetual,52.64903902,293489.2500703,0.0,0.0,0.0,0,2026-07-29T20:33:17.000Z
AST SpaceMobile Inc,ast-spacemobile-inc-derivatives,Bitunix,bitunix,ASTS/USDT,perpetual,52.96815555,194431.7957285,0.0,0.0,0.0,0,2026-07-29T20:24:16.000Z
AST SpaceMobile Inc,ast-spacemobile-inc-derivatives,KCEX,kcex,ASTS/USDT,perpetual,52.63905058,160061.28351537,0.0,0.0,0.0,0,2026-07-29T20:33:15.000Z
AST SpaceMobile Inc,ast-spacemobile-inc-derivatives,YUBIT,yubit,ASTS/USDT,perpetual,52.64082435,158837.04120093,0.0,0.0,0.0,0,2026-07-29T20:33:15.000Z
AST SpaceMobile Inc,ast-spacemobile-inc-derivatives,Zoomex,zoomex,ASTS/USDT,perpetual,52.70896963,147904.1108061,0.0,0.0,0.0,0,2026-07-29T20:33:17.000Z
AST SpaceMobile Inc,ast-spacemobile-inc-derivatives,WEEX,weex,ASTS/USDT,perpetual,52.6607981,113164.09811541,0.0,0.0,0.0,0,2026-07-29T20:33:17.000Z
AST SpaceMobile Inc,ast-spacemobile-inc-derivatives,MGBX,mgbx,ASTS/USDT,perpetual,56.48979962,65581.01427673,0.0,0.0,0.0,0,2026-07-29T15:15:16.000Z
AST SpaceMobile Inc,ast-spacemobile-inc-derivatives,BloFin,blofin,ASTS/USDT,perpetual,52.65902745,38515.39860066,0.0,0.0,0.0,0,2026-07-29T20:33:16.000Z
AST SpaceMobile Inc,ast-spacemobile-inc-derivatives,BitMart,bitmart,ASTS/USDT,perpetual,55.68682158,0.0,0.0,0.0,0.0,0,2026-07-29T20:33:16.000Z
AST SpaceMobile Inc,ast-spacemobile-inc-derivatives,ADEN,aden-decentralized-derivatives-exchange,ASTS/USDT,perpetual,52.85028215,0.0,0.0,0.0,0.0,0,2026-07-29T20:30:56.000Z
ServiceNow Inc,servicenow-inc-derivatives,Binance,binance,NOW/USDT,perpetual,113.90032284,1960295.82817714,0.0,0.0,0.0,0,2026-07-29T20:33:17.000Z
ServiceNow Inc,servicenow-inc-derivatives,Aster,aster-pro,NOW/USDT,perpetual,110.25234162,8898.99607903,0.0,0.0,0.0,0,2026-07-29T20:33:15.000Z
ServiceNow Inc,servicenow-inc-derivatives,KuCoin,kucoin,NOW/USDT,perpetual,113.82042783,724346.96829152,0.0,0.0,0.0,0,2026-07-29T20:33:19.000Z
ServiceNow Inc,servicenow-inc-derivatives,Hyperliquid,hyperliquid,xyz:NOW/USDC,perpetual,113.89713672,3801852.48250123,0.0,0.0,0.0,0,2026-07-29T20:33:26.000Z
ServiceNow Inc,servicenow-inc-derivatives,OKX,okx,NOW/USDT,perpetual,114.0481656,525105.12600004,0.0,0.0,0.0,0,2026-07-29T20:31:28.000Z
ServiceNow Inc,servicenow-inc-derivatives,Bybit,bybit,NOW/USDT,perpetual,113.9081087,490648.05371171,0.0,0.0,0.0,0,2026-07-29T20:33:16.000Z
ServiceNow Inc,servicenow-inc-derivatives,Gate,gate,NOW/USDT,perpetual,113.97023097,206784.26344127,0.0,0.0,0.0,0,2026-07-29T20:33:20.000Z
ServiceNow Inc,servicenow-inc-derivatives,HTX,htx,NOW/USDT,perpetual,114.1359299,31021.6892443,0.0,0.0,0.0,0,2026-07-29T20:27:17.000Z
ServiceNow Inc,servicenow-inc-derivatives,Bitget,bitget,NOW/USDT,perpetual,113.71832844,477241.02986325,0.0,0.0,0.0,0,2026-07-29T20:33:16.000Z
ServiceNow Inc,servicenow-inc-derivatives,Crypto.com Exchange,crypto-com-exchange,NOW/USD,perpetual,109.66990761,144.30566934,0.0,0.0,0.0,0,2026-07-29T12:30:18.000Z
ServiceNow Inc,servicenow-inc-derivatives,Phemex,phemex,NOW/USDT,perpetual,113.76827062,145139.28961216,0.0,0.0,0.0,0,2026-07-29T20:33:16.000Z
ServiceNow Inc,servicenow-inc-derivatives,BingX,bingx,NOW/USDT,perpetual,113.95805087,1245839.08464601,0.0,0.0,0.0,0,2026-07-29T20:33:18.000Z
ServiceNow Inc,servicenow-inc-derivatives,SunX,sunperp,NOW/USDT,perpetual,105.90737255,151163.98307301,0.0,0.0,0.0,0,2026-07-29T20:33:16.000Z
ServiceNow Inc,servicenow-inc-derivatives,BitMart,bitmart,NOW/USDT,perpetual,113.90032284,1605642.05582872,0.0,0.0,0.0,0,2026-07-29T20:33:16.000Z
ServiceNow Inc,servicenow-inc-derivatives,LBank,lbank,NOW/USDT,perpetual,113.90032284,1136701.36227408,0.0,0.0,0.0,0,2026-07-29T20:33:17.000Z
ServiceNow Inc,servicenow-inc-derivatives,CoinW,coinw,NOW/USDT,perpetual,113.8781434,1035084.63186056,0.0,0.0,0.0,0,2026-07-29T20:33:17.000Z
ServiceNow Inc,servicenow-inc-derivatives,Ourbit,ourbit,NOW/USDT,perpetual,113.91809714,1034843.54450947,0.0,0.0,0.0,0,2026-07-29T20:33:16.000Z
ServiceNow Inc,servicenow-inc-derivatives,WhiteBIT,whitebit,NOW/USDT,perpetual,113.80822435,697225.40585563,0.0,0.0,0.0,0,2026-07-29T20:33:15.000Z
ServiceNow Inc,servicenow-inc-derivatives,Bitrue,bitrue,NOW/USDT,perpetual,113.94806244,328823.65069751,0.0,0.0,0.0,0,2026-07-29T20:33:16.000Z
ServiceNow Inc,servicenow-inc-derivatives,Hotcoin,hotcoin-global,NOW/USDT,perpetual,113.9081087,300176.43335105,0.0,0.0,0.0,0,2026-07-29T20:33:21.000Z
ServiceNow Inc,servicenow-inc-derivatives,Toobit,toobit,NOW/USDT,perpetual,113.89812027,265296.72947205,0.0,0.0,0.0,0,2026-07-29T20:33:17.000Z
ServiceNow Inc,servicenow-inc-derivatives,OrangeX,orangex,NOW/USDT,perpetual,113.92808557,264806.70705653,0.0,0.0,0.0,0,2026-07-29T20:33:15.000Z
ServiceNow Inc,servicenow-inc-derivatives,WEEX,weex,NOW/USDT,perpetual,113.85038846,165232.08443262,0.0,0.0,0.0,0,2026-07-29T20:33:17.000Z
ServiceNow Inc,servicenow-inc-derivatives,KCEX,kcex,NOW/USDT,perpetual,113.92808557,150262.02083212,0.0,0.0,0.0,0,2026-07-29T20:33:15.000Z
ServiceNow Inc,servicenow-inc-derivatives,Zoomex,zoomex,NOW/USDT,perpetual,113.92808557,147194.07438919,0.0,0.0,0.0,0,2026-07-29T20:33:17.000Z
ServiceNow Inc,servicenow-inc-derivatives,Bitunix,bitunix,NOW/USDT,perpetual,114.13673647,138806.24289574,0.0,0.0,0.0,0,2026-07-29T20:24:16.000Z
ServiceNow Inc,servicenow-inc-derivatives,YUBIT,yubit,NOW/USDT,perpetual,113.91030971,113551.19163328,0.0,0.0,0.0,0,2026-07-29T20:33:15.000Z
ServiceNow Inc,servicenow-inc-derivatives,MGBX,mgbx,NOW/USDT,perpetual,113.61869191,63710.67196153,0.0,0.0,0.0,0,2026-07-29T15:15:16.000Z
ServiceNow Inc,servicenow-inc-derivatives,BloFin,blofin,NOW/USDT,perpetual,113.78824749,41238.67718572,0.0,0.0,0.0,0,2026-07-29T20:33:16.000Z
ServiceNow Inc,servicenow-inc-derivatives,Lighter,lighter,NOW/USDC,perpetual,114.029422,4629.75838692,0.0,0.0,0.0,0,2026-07-29T20:33:15.000Z
ServiceNow Inc,servicenow-inc-derivatives,ADEN,aden-decentralized-derivatives-exchange,NOW/USDT,perpetual,113.53171553,0.0,0.0,0.0,0.0,0,2026-07-29T20:30:56.000Z
ServiceNow Inc,servicenow-inc-derivatives,BTSE,btse,NOW/USDT,perpetual,113.56151663226623,267343.4851,,,,0,2026-07-29T20:27:15.447Z
ServiceNow Inc,servicenow-inc-derivatives,BTSE,btse,NOW/USDT,perpetual,113.56151663226623,267343.4851,,,,0,2026-07-29T20:27:15.447Z
Hewlett Packard Enterprise Co,hewlett-packard-enterprise-co-derivatives,Binance,binance,HPE/USDT,perpetual,43.73253079,921244.87625746,0.0,0.0,0.0,0,2026-07-29T20:33:17.000Z
Hewlett Packard Enterprise Co,hewlett-packard-enterprise-co-derivatives,Aster,aster-pro,HPE/USDT,perpetual,45.79697285,293006.545182,0.0,0.0,0.0,0,2026-07-29T20:33:15.000Z
Hewlett Packard Enterprise Co,hewlett-packard-enterprise-co-derivatives,KuCoin,kucoin,HPE/USDT,perpetual,43.61268828,687301.31902254,0.0,0.0,0.0,0,2026-07-29T20:33:19.000Z
Hewlett Packard Enterprise Co,hewlett-packard-enterprise-co-derivatives,Bybit,bybit,HPE/USDT,perpetual,43.74934375,163341.09360678,0.0,0.0,0.0,0,2026-07-29T20:33:16.000Z
Hewlett Packard Enterprise Co,hewlett-packard-enterprise-co-derivatives,OKX,okx,HPE/USDT,perpetual,44.18504988,108752.66328083,0.0,0.0,0.0,0,2026-07-29T20:31:28.000Z
Hewlett Packard Enterprise Co,hewlett-packard-enterprise-co-derivatives,Gate,gate,HPE/USDT,perpetual,43.71255704,30777.55501281,0.0,0.0,0.0,0,2026-07-29T20:33:20.000Z
Hewlett Packard Enterprise Co,hewlett-packard-enterprise-co-derivatives,HTX,htx,HPE/USDT,perpetual,44.17198337,1927.40943266,0.0,0.0,0.0,0,2026-07-29T20:27:17.000Z
Hewlett Packard Enterprise Co,hewlett-packard-enterprise-co-derivatives,Bitget,bitget,HPE/USDT,perpetual,43.60950566,137777.64087778,0.0,0.0,0.0,0,2026-07-29T20:33:16.000Z
Hewlett Packard Enterprise Co,hewlett-packard-enterprise-co-derivatives,BingX,bingx,HPE/USDT,perpetual,43.68941314,1212147.39539512,0.0,0.0,0.0,0,2026-07-29T20:33:18.000Z
Hewlett Packard Enterprise Co,hewlett-packard-enterprise-co-derivatives,SunX,sunperp,HPE/USDT,perpetual,47.69477543,186313.30536771,0.0,0.0,0.0,0,2026-07-29T20:33:16.000Z
Hewlett Packard Enterprise Co,hewlett-packard-enterprise-co-derivatives,CoinW,coinw,HPE/USDT,perpetual,43.68941314,1062181.29732157,0.0,0.0,0.0,0,2026-07-29T20:33:17.000Z
Hewlett Packard Enterprise Co,hewlett-packard-enterprise-co-derivatives,WEEX,weex,HPE/USDT,perpetual,43.67260954,615503.54474927,0.0,0.0,0.0,0,2026-07-29T20:33:17.000Z
Hewlett Packard Enterprise Co,hewlett-packard-enterprise-co-derivatives,LBank,lbank,HPE/USDT,perpetual,43.68259641,570923.54561893,0.0,0.0,0.0,0,2026-07-29T20:33:17.000Z
Hewlett Packard Enterprise Co,hewlett-packard-enterprise-co-derivatives,WhiteBIT,whitebit,HPE/USDT,perpetual,43.6194941,442532.79314679,0.0,0.0,0.0,0,2026-07-29T20:33:15.000Z
Hewlett Packard Enterprise Co,hewlett-packard-enterprise-co-derivatives,OrangeX,orangex,HPE/USDT,perpetual,43.72936688,314076.89835656,0.0,0.0,0.0,0,2026-07-29T20:33:15.000Z
Hewlett Packard Enterprise Co,hewlett-packard-enterprise-co-derivatives,Bitrue,bitrue,HPE/USDT,perpetual,43.67942471,156930.78843591,0.0,0.0,0.0,0,2026-07-29T20:33:16.000Z
Hewlett Packard Enterprise Co,hewlett-packard-enterprise-co-derivatives,Hotcoin,hotcoin-global,HPE/USDT,perpetual,43.74934375,139580.38342809,0.0,0.0,0.0,0,2026-07-29T20:33:21.000Z
Hewlett Packard Enterprise Co,hewlett-packard-enterprise-co-derivatives,Toobit,toobit,HPE/USDT,perpetual,43.6494594,98505.55652429,0.0,0.0,0.0,0,2026-07-29T20:33:17.000Z
Hewlett Packard Enterprise Co,hewlett-packard-enterprise-co-derivatives,Bitunix,bitunix,HPE/USDT,perpetual,44.20838327,94643.06684494,0.0,0.0,0.0,0,2026-07-29T20:24:16.000Z
Hewlett Packard Enterprise Co,hewlett-packard-enterprise-co-derivatives,KCEX,kcex,HPE/USDT,perpetual,43.67942471,84095.41605902,0.0,0.0,0.0,0,2026-07-29T20:33:15.000Z
Hewlett Packard Enterprise Co,hewlett-packard-enterprise-co-derivatives,YUBIT,yubit,HPE/USDT,perpetual,43.67260954,72277.29992546,0.0,0.0,0.0,0,2026-07-29T20:33:15.000Z
Hewlett Packard Enterprise Co,hewlett-packard-enterprise-co-derivatives,Zoomex,zoomex,HPE/USDT,perpetual,43.74934375,49002.32808203,0.0,0.0,0.0,0,2026-07-29T20:33:17.000Z
Hewlett Packard Enterprise Co,hewlett-packard-enterprise-co-derivatives,ADEN,aden-decentralized-derivatives-exchange,HPE/USDT,perpetual,43.8104966,22.71932843,0.0,0.0,0.0,0,2026-07-29T20:30:56.000Z
Hewlett Packard Enterprise Co,hewlett-packard-enterprise-co-derivatives,BitMart,bitmart,HPE/USDT,perpetual,47.29784559,0.0,0.0,0.0,0.0,0,2026-07-29T20:33:16.000Z
Hims & Hers Health,hims-hers-health-derivatives,Binance,binance,HIMS/USDT,perpetual,24.59767603,5182559.56194107,0.0,0.0,0.0,0,2026-07-29T20:33:17.000Z
Hims & Hers Health,hims-hers-health-derivatives,Aster,aster-pro,HIMS/USDT,perpetual,26.25959468,24681.03246095,0.0,0.0,0.0,0,2026-07-29T20:33:15.000Z
Hims & Hers Health,hims-hers-health-derivatives,KuCoin,kucoin,HIMS/USDT,perpetual,24.58768916,1109996.98966552,0.0,0.0,0.0,0,2026-07-29T20:33:19.000Z
Hims & Hers Health,hims-hers-health-derivatives,Hyperliquid,hyperliquid,xyz:HIMS/USDC,perpetual,24.575909,7981730.29724343,0.0,0.0,0.0,0,2026-07-29T20:33:26.000Z
Hims & Hers Health,hims-hers-health-derivatives,OKX,okx,HIMS/USDT,perpetual,24.57943214,1494151.72623341,0.0,0.0,0.0,0,2026-07-29T20:31:28.000Z
Hims & Hers Health,hims-hers-health-derivatives,Gate,gate,HIMS/USDT,perpetual,24.52676921,877937.29683202,0.0,0.0,0.0,0,2026-07-29T20:33:20.000Z
Hims & Hers Health,hims-hers-health-derivatives,Bybit,bybit,HIMS/USDT,perpetual,24.57154923,312315.74515101,0.0,0.0,0.0,0,2026-07-29T20:33:16.000Z
Hims & Hers Health,hims-hers-health-derivatives,HTX,htx,HIMS/USDT,perpetual,24.42744644,37337.3237095,0.0,0.0,0.0,0,2026-07-29T20:27:17.000Z
Hims & Hers Health,hims-hers-health-derivatives,Crypto.com Exchange,crypto-com-exchange,HIMS/USD,perpetual,28.93316665,3499.68260446,0.0,0.0,0.0,0,2026-07-29T12:30:18.000Z
Hims & Hers Health,hims-hers-health-derivatives,BingX,bingx,HIMS/USDT,perpetual,24.61150297,1223121.80840173,0.0,0.0,0.0,0,2026-07-29T20:33:18.000Z
Hims & Hers Health,hims-hers-health-derivatives,SunX,sunperp,HIMS/USDT,perpetual,30.09815012,934913.81150286,0.0,0.0,0.0,0,2026-07-29T20:33:16.000Z
Hims & Hers Health,hims-hers-health-derivatives,WEEX,weex,HIMS/USDT,perpetual,24.59767603,5920292.82491483,0.0,0.0,0.0,0,2026-07-29T20:33:17.000Z
Hims & Hers Health,hims-hers-health-derivatives,CoinW,coinw,HIMS/USDT,perpetual,24.61150297,2447607.38772784,0.0,0.0,0.0,0,2026-07-29T20:33:17.000Z
Hims & Hers Health,hims-hers-health-derivatives,LBank,lbank,HIMS/USDT,perpetual,24.54774165,2381708.43929707,0.0,0.0,0.0,0,2026-07-29T20:33:17.000Z
Hims & Hers Health,hims-hers-health-derivatives,Ourbit,ourbit,HIMS/USDT,perpetual,24.60151453,2218471.74705182,0.0,0.0,0.0,0,2026-07-29T20:33:16.000Z
Hims & Hers Health,hims-hers-health-derivatives,BitMart,bitmart,HIMS/USDT,perpetual,24.59767603,1612277.45960104,0.0,0.0,0.0,0,2026-07-29T20:33:16.000Z
Hims & Hers Health,hims-hers-health-derivatives,Bitrue,bitrue,HIMS/USDT,perpetual,24.6214914,795030.93252666,0.0,0.0,0.0,0,2026-07-29T20:33:16.000Z
Hims & Hers Health,hims-hers-health-derivatives,WhiteBIT,whitebit,HIMS/USDT,perpetual,24.65145671,792250.84332117,0.0,0.0,0.0,0,2026-07-29T20:33:15.000Z
Hims & Hers Health,hims-hers-health-derivatives,Toobit,toobit,HIMS/USDT,perpetual,24.61150297,610176.50546092,0.0,0.0,0.0,0,2026-07-29T20:33:17.000Z
Hims & Hers Health,hims-hers-health-derivatives,Hotcoin,hotcoin-global,HIMS/USDT,perpetual,24.58153766,543511.68166294,0.0,0.0,0.0,0,2026-07-29T20:33:21.000Z
Hims & Hers Health,hims-hers-health-derivatives,Bitunix,bitunix,HIMS/USDT,perpetual,24.60127609,295098.44956628,0.0,0.0,0.0,0,2026-07-29T20:24:16.000Z
Hims & Hers Health,hims-hers-health-derivatives,YUBIT,yubit,HIMS/USDT,perpetual,24.58768916,259714.30772244,0.0,0.0,0.0,0,2026-07-29T20:33:15.000Z
Hims & Hers Health,hims-hers-health-derivatives,KCEX,kcex,HIMS/USDT,perpetual,24.60151453,217800.86792078,0.0,0.0,0.0,0,2026-07-29T20:33:15.000Z
Hims & Hers Health,hims-hers-health-derivatives,Zoomex,zoomex,HIMS/USDT,perpetual,24.57154923,93694.7235453,0.0,0.0,0.0,0,2026-07-29T20:33:17.000Z
Hims & Hers Health,hims-hers-health-derivatives,BTSE,btse,HIMS/USDT,perpetual,24.52782488600985,1531511.307,,,,0,2026-07-29T20:27:15.447Z
Hims & Hers Health,hims-hers-health-derivatives,BTSE,btse,HIMS/USDT,perpetual,24.52782488600985,1531511.307,,,,0,2026-07-29T20:27:15.447Z
Hims & Hers Health,hims-hers-health-derivatives,ADEN,aden-decentralized-derivatives-exchange,HIMS/USDT,perpetual,24.52782488600985,0.0,,,,0,2026-07-29T20:30:56.831Z
Hims & Hers Health,hims-hers-health-derivatives,ADEN,aden-decentralized-derivatives-exchange,HIMS/USDT,perpetual,24.52782488600985,0.0,,,,0,2026-07-29T20:30:56.831Z
Adobe Inc,adobe-inc-derivatives,Binance,binance,ADBE/USDT,perpetual,261.97570382,2155075.95379377,0.0,0.0,0.0,0,2026-07-29T20:36:18.000Z
Adobe Inc,adobe-inc-derivatives,Aster,aster-pro,ADBE/USDT,perpetual,262.3609036,6353.87863872,0.0,0.0,0.0,0,2026-07-29T20:36:15.000Z
Adobe Inc,adobe-inc-derivatives,KuCoin,kucoin,ADBE/USDT,perpetual,262.44081554,193884.30579982,0.0,0.0,0.0,0,2026-07-29T20:36:19.000Z
Adobe Inc,adobe-inc-derivatives,Bybit,bybit,ADBE/USDT,perpetual,261.94136589,1033812.33494299,0.0,0.0,0.0,0,2026-07-29T20:36:16.000Z
Adobe Inc,adobe-inc-derivatives,OKX,okx,ADBE/USDT,perpetual,263.00810047,774653.53880568,0.0,0.0,0.0,0,2026-07-29T20:34:29.000Z
Adobe Inc,adobe-inc-derivatives,Gate,gate,ADBE/USDT,perpetual,261.72160804,115078.19493125,0.0,0.0,0.0,0,2026-07-29T20:36:19.000Z
Adobe Inc,adobe-inc-derivatives,HTX,htx,ADBE/USDT,perpetual,261.91528812,39577.33433279,0.0,0.0,0.0,0,2026-07-29T20:27:17.000Z
Adobe Inc,adobe-inc-derivatives,Bitget,bitget,ADBE/USDT,perpetual,261.99131085,289418.23702416,0.0,0.0,0.0,0,2026-07-29T20:36:16.000Z
Adobe Inc,adobe-inc-derivatives,Phemex,phemex,ADBE/USDT,perpetual,262.37089259,146833.46828358,0.0,0.0,0.0,0,2026-07-29T20:36:16.000Z
Adobe Inc,adobe-inc-derivatives,BingX,bingx,ADBE/USDT,perpetual,262.22105769,1227569.90639184,0.0,0.0,0.0,0,2026-07-29T20:36:17.000Z
Adobe Inc,adobe-inc-derivatives,XT.COM,xt,ADBE/USDT,perpetual,262.30094283,892655.08145446,0.0,0.0,0.0,0,2026-07-29T20:33:41.000Z
Adobe Inc,adobe-inc-derivatives,SunX,sunperp,ADBE/USDT,perpetual,237.75801361,136642.35211042,0.0,0.0,0.0,0,2026-07-29T20:36:16.000Z
Adobe Inc,adobe-inc-derivatives,Ourbit,ourbit,ADBE/USDT,perpetual,262.23394038,2171142.53088752,0.0,0.0,0.0,0,2026-07-29T20:36:17.000Z
Adobe Inc,adobe-inc-derivatives,LBank,lbank,ADBE/USDT,perpetual,262.27534434,1208653.32869514,0.0,0.0,0.0,0,2026-07-29T20:36:17.000Z
Adobe Inc,adobe-inc-derivatives,WhiteBIT,whitebit,ADBE/USDT,perpetual,261.89142092,666097.73955218,0.0,0.0,0.0,0,2026-07-29T20:36:15.000Z
Adobe Inc,adobe-inc-derivatives,WEEX,weex,ADBE/USDT,perpetual,262.16112373,463915.44014078,0.0,0.0,0.0,0,2026-07-29T20:36:17.000Z
Adobe Inc,adobe-inc-derivatives,Bitrue,bitrue,ADBE/USDT,perpetual,262.14114575,357191.87837978,0.0,0.0,0.0,0,2026-07-29T20:36:16.000Z
Adobe Inc,adobe-inc-derivatives,Zoomex,zoomex,ADBE/USDT,perpetual,262.05657137,310580.5047417,0.0,0.0,0.0,0,2026-07-29T20:33:17.000Z
Adobe Inc,adobe-inc-derivatives,Hotcoin,hotcoin-global,ADBE/USDT,perpetual,262.05124481,307527.13476589,0.0,0.0,0.0,0,2026-07-29T20:36:18.000Z
Adobe Inc,adobe-inc-derivatives,Bitunix,bitunix,ADBE/USDT,perpetual,261.99410147,288300.92620446,0.0,0.0,0.0,0,2026-07-29T20:24:16.000Z
Adobe Inc,adobe-inc-derivatives,Toobit,toobit,ADBE/USDT,perpetual,262.3609036,244480.53423731,0.0,0.0,0.0,0,2026-07-29T20:36:15.000Z
Adobe Inc,adobe-inc-derivatives,KCEX,kcex,ADBE/USDT,perpetual,262.2439291,160548.43614665,0.0,0.0,0.0,0,2026-07-29T20:36:15.000Z
Adobe Inc,adobe-inc-derivatives,OrangeX,orangex,ADBE/USDT,perpetual,262.60063943,149614.31945387,0.0,0.0,0.0,0,2026-07-29T20:36:15.000Z
Adobe Inc,adobe-inc-derivatives,ADEN,aden-decentralized-derivatives-exchange,ADBE/USDT,perpetual,261.78954216,2425.70658084,0.0,0.0,0.0,0,2026-07-29T20:33:53.000Z
Adobe Inc,adobe-inc-derivatives,BitMart,bitmart,ADBE/USDT,perpetual,225.21980043,0.0,0.0,0.0,0.0,0,2026-07-29T20:36:15.000Z
Adobe Inc,adobe-inc-derivatives,DeriW,deriw,ADBE/USDT,perpetual,262.2432217496253,0.0,,,,0,2026-07-29T20:36:17.542Z
Adobe Inc,adobe-inc-derivatives,DeriW,deriw,ADBE/USDT,perpetual,262.2432217496253,0.0,,,,0,2026-07-29T20:36:17.542Z
Salesforce Inc,salesforce-inc-derivatives,Binance,binance,CRM/USDT,perpetual,186.39637747,809561.7793056,0.0,0.0,0.0,0,2026-07-29T20:36:18.000Z
Salesforce Inc,salesforce-inc-derivatives,Aster,aster-pro,CRM/USDT,perpetual,188.3025088,3733.2663007,0.0,0.0,0.0,0,2026-07-29T20:36:15.000Z
Salesforce Inc,salesforce-inc-derivatives,KuCoin,kucoin,CRM/USDT,perpetual,186.31469918,549805.16914555,0.0,0.0,0.0,0,2026-07-29T20:36:19.000Z
Salesforce Inc,salesforce-inc-derivatives,Bybit,bybit,CRM/USDT,perpetual,186.74422588,142869.00793641,0.0,0.0,0.0,0,2026-07-29T20:36:16.000Z
Salesforce Inc,salesforce-inc-derivatives,HTX,htx,CRM/USDT,perpetual,186.44732467,37084.77963452,0.0,0.0,0.0,0,2026-07-29T20:27:17.000Z
Salesforce Inc,salesforce-inc-derivatives,Gate,gate,CRM/USDT,perpetual,186.2847322,7256.00458297,0.0,0.0,0.0,0,2026-07-29T20:36:19.000Z
Salesforce Inc,salesforce-inc-derivatives,Bitget,bitget,CRM/USDT,perpetual,185.89516147,182835.53208254,0.0,0.0,0.0,0,2026-07-29T20:36:16.000Z
Salesforce Inc,salesforce-inc-derivatives,Phemex,phemex,CRM/USDT,perpetual,186.14488629,58898.26669226,0.0,0.0,0.0,0,2026-07-29T20:36:16.000Z
Salesforce Inc,salesforce-inc-derivatives,BingX,bingx,CRM/USDT,perpetual,186.43456709,1216550.58861695,0.0,0.0,0.0,0,2026-07-29T20:36:17.000Z
Salesforce Inc,salesforce-inc-derivatives,XT.COM,xt,CRM/USDT,perpetual,185.96379768,656403.94060894,0.0,0.0,0.0,0,2026-07-29T20:33:41.000Z
Salesforce Inc,salesforce-inc-derivatives,SunX,sunperp,CRM/USDT,perpetual,173.34898614,87691.57494438,0.0,0.0,0.0,0,2026-07-29T20:36:16.000Z
Salesforce Inc,salesforce-inc-derivatives,CoinW,coinw,CRM/USDT,perpetual,186.35465515,745903.62616434,0.0,0.0,0.0,0,2026-07-29T20:36:19.000Z
Salesforce Inc,salesforce-inc-derivatives,Ourbit,ourbit,CRM/USDT,perpetual,186.29966945,436427.13672458,0.0,0.0,0.0,0,2026-07-29T20:36:17.000Z
Salesforce Inc,salesforce-inc-derivatives,LBank,lbank,CRM/USDT,perpetual,186.21659316,383844.86456573,0.0,0.0,0.0,0,2026-07-29T20:36:17.000Z
Salesforce Inc,salesforce-inc-derivatives,WEEX,weex,CRM/USDT,perpetual,186.53445702,247651.76065174,0.0,0.0,0.0,0,2026-07-29T20:36:17.000Z
Salesforce Inc,salesforce-inc-derivatives,Hotcoin,hotcoin-global,CRM/USDT,perpetual,186.574413,143689.66784836,0.0,0.0,0.0,0,2026-07-29T20:36:18.000Z
Salesforce Inc,salesforce-inc-derivatives,OrangeX,orangex,CRM/USDT,perpetual,186.43456709,143539.70309505,0.0,0.0,0.0,0,2026-07-29T20:36:15.000Z
Salesforce Inc,salesforce-inc-derivatives,Toobit,toobit,CRM/USDT,perpetual,186.2747432,114533.83476364,0.0,0.0,0.0,0,2026-07-29T20:36:15.000Z
Salesforce Inc,salesforce-inc-derivatives,Bitunix,bitunix,CRM/USDT,perpetual,186.292489,109191.61028686,0.0,0.0,0.0,0,2026-07-29T20:24:16.000Z
Salesforce Inc,salesforce-inc-derivatives,Bitrue,bitrue,CRM/USDT,perpetual,186.40460011,95740.49231395,0.0,0.0,0.0,0,2026-07-29T20:36:16.000Z
Salesforce Inc,salesforce-inc-derivatives,KCEX,kcex,CRM/USDT,perpetual,186.28968073,63282.06565136,0.0,0.0,0.0,0,2026-07-29T20:36:15.000Z
Salesforce Inc,salesforce-inc-derivatives,Zoomex,zoomex,CRM/USDT,perpetual,186.14446806,42725.58051822,0.0,0.0,0.0,0,2026-07-29T20:33:17.000Z
Salesforce Inc,salesforce-inc-derivatives,MGBX,mgbx,CRM/USDT,perpetual,186.04586474,41979.71050248,0.0,0.0,0.0,0,2026-07-29T15:15:16.000Z
Salesforce Inc,salesforce-inc-derivatives,YUBIT,yubit,CRM/USDT,perpetual,186.34466616,35477.25748489,0.0,0.0,0.0,0,2026-07-29T20:36:15.000Z
Salesforce Inc,salesforce-inc-derivatives,BloFin,blofin,CRM/USDT,perpetual,186.19483126,31333.97638094,0.0,0.0,0.0,0,2026-07-29T20:36:16.000Z
Salesforce Inc,salesforce-inc-derivatives,BitMart,bitmart,CRM/USDT,perpetual,163.86341061,0.0,0.0,0.0,0.0,0,2026-07-29T20:36:15.000Z
Salesforce Inc,salesforce-inc-derivatives,ADEN,aden-decentralized-derivatives-exchange,CRM/USDT,perpetual,186.13215473,0.0,0.0,0.0,0.0,0,2026-07-29T20:33:53.000Z
Salesforce Inc,salesforce-inc-derivatives,DeriW,deriw,CRM/USDT,perpetual,185.89503063368258,0.0,,,,0,2026-07-29T20:36:17.542Z
Salesforce Inc,salesforce-inc-derivatives,DeriW,deriw,CRM/USDT,perpetual,185.89503063368258,0.0,,,,0,2026-07-29T20:36:17.542Z
IREN Ltd,iren-ltd-derivatives,Binance,binance,IREN/USDT,perpetual,29.18498633,7435166.75286287,0.0,0.0,0.0,0,2026-07-29T20:36:18.000Z
IREN Ltd,iren-ltd-derivatives,Aster,aster-pro,IREN/USDT,perpetual,29.01802494,21251.32309215,0.0,0.0,0.0,0,2026-07-29T20:36:15.000Z
IREN Ltd,iren-ltd-derivatives,KuCoin,kucoin,IREN/USDT,perpetual,29.28772775,1120258.92753781,0.0,0.0,0.0,0,2026-07-29T20:36:19.000Z
IREN Ltd,iren-ltd-derivatives,Bybit,bybit,IREN/USDT,perpetual,29.11791487,2375033.00375899,0.0,0.0,0.0,0,2026-07-29T20:36:16.000Z
IREN Ltd,iren-ltd-derivatives,OKX,okx,IREN/USDT,perpetual,29.07441539,2107514.24095706,0.0,0.0,0.0,0,2026-07-29T20:34:29.000Z
IREN Ltd,iren-ltd-derivatives,Gate,gate,IREN/USDT,perpetual,29.0679699,714820.33695032,0.0,0.0,0.0,0,2026-07-29T20:36:19.000Z
IREN Ltd,iren-ltd-derivatives,HTX,htx,IREN/USDT,perpetual,29.16829296,12667.96743774,0.0,0.0,0.0,0,2026-07-29T20:27:17.000Z
IREN Ltd,iren-ltd-derivatives,Bitget,bitget,IREN/USDT,perpetual,29.16785983,844538.71793893,0.0,0.0,0.0,0,2026-07-29T20:36:16.000Z
IREN Ltd,iren-ltd-derivatives,XT.COM,xt,IREN/USDT,perpetual,28.97475574,6033058.29597459,0.0,0.0,0.0,0,2026-07-29T20:33:41.000Z
IREN Ltd,iren-ltd-derivatives,BingX,bingx,IREN/USDT,perpetual,29.11791487,1737494.39879571,0.0,0.0,0.0,0,2026-07-29T20:36:17.000Z
IREN Ltd,iren-ltd-derivatives,SunX,sunperp,IREN/USDT,perpetual,36.160155,335288.20194808,0.0,0.0,0.0,0,2026-07-29T20:36:16.000Z
IREN Ltd,iren-ltd-derivatives,OrangeX,orangex,IREN/USDT,perpetual,29.12790386,4726690.46311278,0.0,0.0,0.0,0,2026-07-29T20:36:15.000Z
IREN Ltd,iren-ltd-derivatives,CoinW,coinw,IREN/USDT,perpetual,29.16785983,2330118.56413837,0.0,0.0,0.0,0,2026-07-29T20:36:19.000Z
IREN Ltd,iren-ltd-derivatives,Ourbit,ourbit,IREN/USDT,perpetual,29.13710449,1450758.35894776,0.0,0.0,0.0,0,2026-07-29T20:36:17.000Z
IREN Ltd,iren-ltd-derivatives,Bitrue,bitrue,IREN/USDT,perpetual,29.14788185,1127201.45684029,0.0,0.0,0.0,0,2026-07-29T20:36:16.000Z
IREN Ltd,iren-ltd-derivatives,Hotcoin,hotcoin-global,IREN/USDT,perpetual,29.13789285,923636.24196831,0.0,0.0,0.0,0,2026-07-29T20:36:18.000Z
IREN Ltd,iren-ltd-derivatives,WhiteBIT,whitebit,IREN/USDT,perpetual,29.11791487,837479.44005212,0.0,0.0,0.0,0,2026-07-29T20:36:15.000Z
IREN Ltd,iren-ltd-derivatives,Zoomex,zoomex,IREN/USDT,perpetual,28.98643734,708453.38046971,0.0,0.0,0.0,0,2026-07-29T20:33:17.000Z
IREN Ltd,iren-ltd-derivatives,Toobit,toobit,IREN/USDT,perpetual,29.13789285,658079.7196366,0.0,0.0,0.0,0,2026-07-29T20:36:15.000Z
IREN Ltd,iren-ltd-derivatives,Bitunix,bitunix,IREN/USDT,perpetual,29.28580654,556548.92576328,0.0,0.0,0.0,0,2026-07-29T20:24:16.000Z
IREN Ltd,iren-ltd-derivatives,YUBIT,yubit,IREN/USDT,perpetual,29.12790386,464623.22003562,0.0,0.0,0.0,0,2026-07-29T20:36:15.000Z
IREN Ltd,iren-ltd-derivatives,KCEX,kcex,IREN/USDT,perpetual,29.15708193,364098.20459919,0.0,0.0,0.0,0,2026-07-29T20:36:15.000Z
IREN Ltd,iren-ltd-derivatives,MGBX,mgbx,IREN/USDT,perpetual,30.84620665,200009.9075379,0.0,0.0,0.0,0,2026-07-29T15:15:16.000Z
IREN Ltd,iren-ltd-derivatives,WEEX,weex,IREN/USDT,perpetual,29.11791487,123977.55359656,0.0,0.0,0.0,0,2026-07-29T20:36:17.000Z
IREN Ltd,iren-ltd-derivatives,ADEN,aden-decentralized-derivatives-exchange,IREN/USDT,perpetual,28.97453214,654.83840914,0.0,0.0,0.0,0,2026-07-29T20:33:53.000Z
IREN Ltd,iren-ltd-derivatives,BitMart,bitmart,IREN/USDT,perpetual,36.97563977,0.0,0.0,0.0,0.0,0,2026-07-29T20:36:15.000Z
Ondas Inc,ondas-inc-derivatives,Binance,binance,ONDS/USDT,perpetual,6.69197154,1144639.92413555,0.0,0.0,0.0,0,2026-07-29T20:36:18.000Z
Ondas Inc,ondas-inc-derivatives,Aster,aster-pro,ONDS/USDT,perpetual,7.83137059,3589.01525144,0.0,0.0,0.0,0,2026-07-29T20:36:15.000Z
Ondas Inc,ondas-inc-derivatives,KuCoin,kucoin,ONDS/USDT,perpetual,6.68263638,525274.85977993,0.0,0.0,0.0,0,2026-07-29T20:36:19.000Z
Ondas Inc,ondas-inc-derivatives,Bybit,bybit,ONDS/USDT,perpetual,6.67664298,2747791.35242029,0.0,0.0,0.0,0,2026-07-29T20:36:16.000Z
Ondas Inc,ondas-inc-derivatives,OKX,okx,ONDS/USDT,perpetual,6.75273523,198179.27343799,0.0,0.0,0.0,0,2026-07-29T20:34:29.000Z
Ondas Inc,ondas-inc-derivatives,Gate,gate,ONDS/USDT,perpetual,6.67664298,149236.55571306,0.0,0.0,0.0,0,2026-07-29T20:36:19.000Z
Ondas Inc,ondas-inc-derivatives,HTX,htx,ONDS/USDT,perpetual,6.74267046,886.31054674,0.0,0.0,0.0,0,2026-07-29T20:27:17.000Z
Ondas Inc,ondas-inc-derivatives,Bitget,bitget,ONDS/USDT,perpetual,6.71659896,332236.49533435,0.0,0.0,0.0,0,2026-07-29T20:36:16.000Z
Ondas Inc,ondas-inc-derivatives,Phemex,phemex,ONDS/USDT,perpetual,6.70261437,85001.55638531,0.0,0.0,0.0,0,2026-07-29T20:36:16.000Z
Ondas Inc,ondas-inc-derivatives,BingX,bingx,ONDS/USDT,perpetual,6.68263638,1224537.30802267,0.0,0.0,0.0,0,2026-07-29T20:36:17.000Z
Ondas Inc,ondas-inc-derivatives,XT.COM,xt,ONDS/USDT,perpetual,6.69186017,835155.08849654,0.0,0.0,0.0,0,2026-07-29T20:33:41.000Z
Ondas Inc,ondas-inc-derivatives,SunX,sunperp,ONDS/USDT,perpetual,7.90129354,272636.88445572,0.0,0.0,0.0,0,2026-07-29T20:36:16.000Z
Ondas Inc,ondas-inc-derivatives,BitMart,bitmart,ONDS/USDT,perpetual,6.68198352,1606186.98341425,0.0,0.0,0.0,0,2026-07-29T20:36:15.000Z
Ondas Inc,ondas-inc-derivatives,Zoomex,zoomex,ONDS/USDT,perpetual,6.67427203,817416.06307398,0.0,0.0,0.0,0,2026-07-29T20:33:17.000Z
Ondas Inc,ondas-inc-derivatives,LBank,lbank,ONDS/USDT,perpetual,6.68198352,733667.26239448,0.0,0.0,0.0,0,2026-07-29T20:36:17.000Z
Ondas Inc,ondas-inc-derivatives,OrangeX,orangex,ONDS/USDT,perpetual,6.69262537,706343.87719121,0.0,0.0,0.0,0,2026-07-29T20:36:15.000Z
Ondas Inc,ondas-inc-derivatives,Ourbit,ourbit,ONDS/USDT,perpetual,6.68645106,656986.50729855,0.0,0.0,0.0,0,2026-07-29T20:36:17.000Z
Ondas Inc,ondas-inc-derivatives,CoinW,coinw,ONDS/USDT,perpetual,6.69262537,384661.96961939,0.0,0.0,0.0,0,2026-07-29T20:36:19.000Z
Ondas Inc,ondas-inc-derivatives,WhiteBIT,whitebit,ONDS/USDT,perpetual,6.66265839,281704.64475867,0.0,0.0,0.0,0,2026-07-29T20:36:15.000Z
Ondas Inc,ondas-inc-derivatives,Bitrue,bitrue,ONDS/USDT,perpetual,6.71260336,201349.40438137,0.0,0.0,0.0,0,2026-07-29T20:36:16.000Z
Ondas Inc,ondas-inc-derivatives,Hotcoin,hotcoin-global,ONDS/USDT,perpetual,6.70261437,139357.4415438,0.0,0.0,0.0,0,2026-07-29T20:36:18.000Z
Ondas Inc,ondas-inc-derivatives,YUBIT,yubit,ONDS/USDT,perpetual,6.68263638,117116.27915905,0.0,0.0,0.0,0,2026-07-29T20:36:15.000Z
Ondas Inc,ondas-inc-derivatives,Toobit,toobit,ONDS/USDT,perpetual,6.68263638,108379.98910786,0.0,0.0,0.0,0,2026-07-29T20:36:15.000Z
Ondas Inc,ondas-inc-derivatives,MGBX,mgbx,ONDS/USDT,perpetual,7.24970736,100497.4625385,0.0,0.0,0.0,0,2026-07-29T15:15:16.000Z
Ondas Inc,ondas-inc-derivatives,Bitunix,bitunix,ONDS/USDT,perpetual,6.7321397,88825.05982147,0.0,0.0,0.0,0,2026-07-29T20:24:16.000Z
Ondas Inc,ondas-inc-derivatives,KCEX,kcex,ONDS/USDT,perpetual,6.69244429,86798.51230735,0.0,0.0,0.0,0,2026-07-29T20:36:15.000Z
Ondas Inc,ondas-inc-derivatives,WEEX,weex,ONDS/USDT,perpetual,6.69262537,14038.44818445,0.0,0.0,0.0,0,2026-07-29T20:36:17.000Z
Ondas Inc,ondas-inc-derivatives,ADEN,aden-decentralized-derivatives-exchange,ONDS/USDT,perpetual,6.6814809179927295,0.0,,,,0,2026-07-29T20:33:53.258Z
Ondas Inc,ondas-inc-derivatives,ADEN,aden-decentralized-derivatives-exchange,ONDS/USDT,perpetual,6.6814809179927295,0.0,,,,0,2026-07-29T20:33:53.258Z
TTM Technologies Inc,ttm-technologies-inc-derivatives,OKX,okx,TTMI/USDT,perpetual,100.77665795,149134.33726525,0.0,0.0,0.0,0,2026-07-29T20:34:29.000Z
TTM Technologies Inc,ttm-technologies-inc-derivatives,LBank,lbank,TTMI/USDT,perpetual,101.47825502,882618.7522607,0.0,0.0,0.0,0,2026-07-29T20:36:17.000Z
TTM Technologies Inc,ttm-technologies-inc-derivatives,Hotcoin,hotcoin-global,TTMI/USDT,perpetual,101.53811479,42818.8177937,0.0,0.0,0.0,0,2026-07-29T20:36:18.000Z
TTM Technologies Inc,ttm-technologies-inc-derivatives,KCEX,kcex,TTMI/USDT,perpetual,101.54535626,13919.86590414,0.0,0.0,0.0,0,2026-07-29T20:36:15.000Z
TTM Technologies Inc,ttm-technologies-inc-derivatives,BitMart,bitmart,TTMI/USDT,perpetual,145.8250515,0.0,0.0,0.0,0.0,0,2026-07-29T20:36:15.000Z
Palo Alto Networks Inc,palo-alto-networks-inc-derivatives,Binance,binance,PANW/USDT,perpetual,319.02725822,447942.53672821,0.0,0.0,0.0,0,2026-07-29T20:36:18.000Z
Palo Alto Networks Inc,palo-alto-networks-inc-derivatives,Bybit,bybit,PANW/USDT,perpetual,318.57895672,716557.8905339,0.0,0.0,0.0,0,2026-07-29T20:36:16.000Z
Palo Alto Networks Inc,palo-alto-networks-inc-derivatives,HTX,htx,PANW/USDT,perpetual,320.57152656,42507.23961435,0.0,0.0,0.0,0,2026-07-29T20:27:17.000Z
Palo Alto Networks Inc,palo-alto-networks-inc-derivatives,Gate,gate,PANW/USDT,perpetual,318.49904478,10736.16977667,0.0,0.0,0.0,0,2026-07-29T20:36:19.000Z
Palo Alto Networks Inc,palo-alto-networks-inc-derivatives,Bitget,bitget,PANW/USDT,perpetual,319.34810919,88357.40216701,0.0,0.0,0.0,0,2026-07-29T20:36:16.000Z
Palo Alto Networks Inc,palo-alto-networks-inc-derivatives,BingX,bingx,PANW/USDT,perpetual,318.67884666,1217405.44664587,0.0,0.0,0.0,0,2026-07-29T20:36:17.000Z
Palo Alto Networks Inc,palo-alto-networks-inc-derivatives,SunX,sunperp,PANW/USDT,perpetual,318.18938599,179188.25902558,0.0,0.0,0.0,0,2026-07-29T20:36:16.000Z
Palo Alto Networks Inc,palo-alto-networks-inc-derivatives,XT.COM,xt,PANW/USDT,perpetual,318.61244674,57572.72978243,0.0,0.0,0.0,0,2026-07-29T20:33:41.000Z
Palo Alto Networks Inc,palo-alto-networks-inc-derivatives,CoinW,coinw,PANW/USDT,perpetual,318.53900075,1079287.42937609,0.0,0.0,0.0,0,2026-07-29T20:36:19.000Z
Palo Alto Networks Inc,palo-alto-networks-inc-derivatives,Ourbit,ourbit,PANW/USDT,perpetual,318.52039351,864048.5370416,0.0,0.0,0.0,0,2026-07-29T20:36:17.000Z
Palo Alto Networks Inc,palo-alto-networks-inc-derivatives,WEEX,weex,PANW/USDT,perpetual,319.05842839,566216.86833635,0.0,0.0,0.0,0,2026-07-29T20:36:17.000Z
Palo Alto Networks Inc,palo-alto-networks-inc-derivatives,LBank,lbank,PANW/USDT,perpetual,318.53784537,243294.54968403,0.0,0.0,0.0,0,2026-07-29T20:36:17.000Z
Palo Alto Networks Inc,palo-alto-networks-inc-derivatives,Zoomex,zoomex,PANW/USDT,perpetual,318.80086859,214943.85450387,0.0,0.0,0.0,0,2026-07-29T20:33:17.000Z
Palo Alto Networks Inc,palo-alto-networks-inc-derivatives,OrangeX,orangex,PANW/USDT,perpetual,319.14832933,209631.13671132,0.0,0.0,0.0,0,2026-07-29T20:36:15.000Z
Palo Alto Networks Inc,palo-alto-networks-inc-derivatives,Hotcoin,hotcoin-global,PANW/USDT,perpetual,319.26819725,118973.90223763,0.0,0.0,0.0,0,2026-07-29T20:36:18.000Z
Palo Alto Networks Inc,palo-alto-networks-inc-derivatives,Bitunix,bitunix,PANW/USDT,perpetual,319.71670583,80280.85584537,0.0,0.0,0.0,0,2026-07-29T20:24:16.000Z
Palo Alto Networks Inc,palo-alto-networks-inc-derivatives,Toobit,toobit,PANW/USDT,perpetual,318.77873659,79183.33850011,0.0,0.0,0.0,0,2026-07-29T20:36:15.000Z
Palo Alto Networks Inc,palo-alto-networks-inc-derivatives,YUBIT,yubit,PANW/USDT,perpetual,318.6089237,27574.84518087,0.0,0.0,0.0,0,2026-07-29T20:36:15.000Z
Palo Alto Networks Inc,palo-alto-networks-inc-derivatives,BitMart,bitmart,PANW/USDT,perpetual,324.51067968,0.0,0.0,0.0,0.0,0,2026-07-29T20:36:15.000Z
Palo Alto Networks Inc,palo-alto-networks-inc-derivatives,DeriW,deriw,PANW/USDT,perpetual,318.44902753623234,0.0,,,,0,2026-07-29T20:36:17.542Z
Palo Alto Networks Inc,palo-alto-networks-inc-derivatives,DeriW,deriw,PANW/USDT,perpetual,318.44902753623234,0.0,,,,0,2026-07-29T20:36:17.542Z
Palo Alto Networks Inc,palo-alto-networks-inc-derivatives,ADEN,aden-decentralized-derivatives-exchange,PANW/USDT,perpetual,318.44902753623234,0.0,,,,0,2026-07-29T20:33:53.258Z
Palo Alto Networks Inc,palo-alto-networks-inc-derivatives,ADEN,aden-decentralized-derivatives-exchange,PANW/USDT,perpetual,318.44902753623234,0.0,,,,0,2026-07-29T20:33:53.258Z
Credo Technology Group Holding Ltd,credo-technology-group-holding-ltd-derivatives,Binance,binance,CRDO/USDT,perpetual,173.95130801,2904177.76133322,0.0,0.0,0.0,0,2026-07-29T20:36:18.000Z
Credo Technology Group Holding Ltd,credo-technology-group-holding-ltd-derivatives,Aster,aster-pro,CRDO/USDT,perpetual,172.43998777,3396.12779481,0.0,0.0,0.0,0,2026-07-29T20:36:15.000Z
Credo Technology Group Holding Ltd,credo-technology-group-holding-ltd-derivatives,KuCoin,kucoin,CRDO/USDT,perpetual,173.70858989,754228.58945793,0.0,0.0,0.0,0,2026-07-29T20:36:19.000Z
Credo Technology Group Holding Ltd,credo-technology-group-holding-ltd-derivatives,Bybit,bybit,CRDO/USDT,perpetual,174.32790746,925419.80874979,0.0,0.0,0.0,0,2026-07-29T20:36:16.000Z
Credo Technology Group Holding Ltd,credo-technology-group-holding-ltd-derivatives,OKX,okx,CRDO/USDT,perpetual,174.08693241,643810.034318,0.0,0.0,0.0,0,2026-07-29T20:34:29.000Z
Credo Technology Group Holding Ltd,credo-technology-group-holding-ltd-derivatives,Gate,gate,CRDO/USDT,perpetual,173.60869996,62309.34111733,0.0,0.0,0.0,0,2026-07-29T20:36:19.000Z
Credo Technology Group Holding Ltd,credo-technology-group-holding-ltd-derivatives,HTX,htx,CRDO/USDT,perpetual,174.93983375,37441.54441763,0.0,0.0,0.0,0,2026-07-29T20:27:17.000Z
Credo Technology Group Holding Ltd,credo-technology-group-holding-ltd-derivatives,Bitget,bitget,CRDO/USDT,perpetual,174.71747819,803477.21132784,0.0,0.0,0.0,0,2026-07-29T20:36:16.000Z
Credo Technology Group Holding Ltd,credo-technology-group-holding-ltd-derivatives,Phemex,phemex,CRDO/USDT,perpetual,174.15809458,208100.91366948,0.0,0.0,0.0,0,2026-07-29T20:36:16.000Z
Credo Technology Group Holding Ltd,credo-technology-group-holding-ltd-derivatives,BingX,bingx,CRDO/USDT,perpetual,173.71857889,1622360.48526098,0.0,0.0,0.0,0,2026-07-29T20:36:17.000Z
Credo Technology Group Holding Ltd,credo-technology-group-holding-ltd-derivatives,XT.COM,xt,CRDO/USDT,perpetual,173.98836433,222097.52529595,0.0,0.0,0.0,0,2026-07-29T20:33:41.000Z
Credo Technology Group Holding Ltd,credo-technology-group-holding-ltd-derivatives,SunX,sunperp,CRDO/USDT,perpetual,207.1117828,143220.88160557,0.0,0.0,0.0,0,2026-07-29T20:36:16.000Z
Credo Technology Group Holding Ltd,credo-technology-group-holding-ltd-derivatives,WhiteBIT,whitebit,CRDO/USDT,perpetual,173.41890909,4440105.21111244,0.0,0.0,0.0,0,2026-07-29T20:36:15.000Z
Credo Technology Group Holding Ltd,credo-technology-group-holding-ltd-derivatives,CoinW,coinw,CRDO/USDT,perpetual,173.80847982,1905097.36649465,0.0,0.0,0.0,0,2026-07-29T20:36:19.000Z
Credo Technology Group Holding Ltd,credo-technology-group-holding-ltd-derivatives,BitMart,bitmart,CRDO/USDT,perpetual,173.78151172,1601467.17304146,0.0,0.0,0.0,0,2026-07-29T20:36:15.000Z
Credo Technology Group Holding Ltd,credo-technology-group-holding-ltd-derivatives,Ourbit,ourbit,CRDO/USDT,perpetual,173.75383358,1434212.77924946,0.0,0.0,0.0,0,2026-07-29T20:36:17.000Z
Credo Technology Group Holding Ltd,credo-technology-group-holding-ltd-derivatives,LBank,lbank,CRDO/USDT,perpetual,173.39197905,1303154.02359578,0.0,0.0,0.0,0,2026-07-29T20:36:17.000Z
Credo Technology Group Holding Ltd,credo-technology-group-holding-ltd-derivatives,Hotcoin,hotcoin-global,CRDO/USDT,perpetual,173.80847982,514065.54935861,0.0,0.0,0.0,0,2026-07-29T20:36:18.000Z
Credo Technology Group Holding Ltd,credo-technology-group-holding-ltd-derivatives,WEEX,weex,CRDO/USDT,perpetual,173.57873298,497433.2914023,0.0,0.0,0.0,0,2026-07-29T20:36:17.000Z
Credo Technology Group Holding Ltd,credo-technology-group-holding-ltd-derivatives,Bitrue,bitrue,CRDO/USDT,perpetual,173.6986009,463427.9695863,0.0,0.0,0.0,0,2026-07-29T20:36:16.000Z
Credo Technology Group Holding Ltd,credo-technology-group-holding-ltd-derivatives,Toobit,toobit,CRDO/USDT,perpetual,173.53877701,421691.99320584,0.0,0.0,0.0,0,2026-07-29T20:36:15.000Z
Credo Technology Group Holding Ltd,credo-technology-group-holding-ltd-derivatives,Zoomex,zoomex,CRDO/USDT,perpetual,173.99853153,277709.31938025,0.0,0.0,0.0,0,2026-07-29T20:33:17.000Z
Credo Technology Group Holding Ltd,credo-technology-group-holding-ltd-derivatives,KCEX,kcex,CRDO/USDT,perpetual,173.96359676,213935.40486808,0.0,0.0,0.0,0,2026-07-29T20:36:15.000Z
Credo Technology Group Holding Ltd,credo-technology-group-holding-ltd-derivatives,OrangeX,orangex,CRDO/USDT,perpetual,173.74854586,179974.07593116,0.0,0.0,0.0,0,2026-07-29T20:36:15.000Z
Credo Technology Group Holding Ltd,credo-technology-group-holding-ltd-derivatives,Bitunix,bitunix,CRDO/USDT,perpetual,175.48510746,145822.85045968,0.0,0.0,0.0,0,2026-07-29T20:24:16.000Z
Credo Technology Group Holding Ltd,credo-technology-group-holding-ltd-derivatives,YUBIT,yubit,CRDO/USDT,perpetual,173.73855687,117910.31420903,0.0,0.0,0.0,0,2026-07-29T20:36:15.000Z
Credo Technology Group Holding Ltd,credo-technology-group-holding-ltd-derivatives,ADEN,aden-decentralized-derivatives-exchange,CRDO/USDT,perpetual,173.86831504503067,0.0,,,,0,2026-07-29T20:33:53.258Z
Credo Technology Group Holding Ltd,credo-technology-group-holding-ltd-derivatives,ADEN,aden-decentralized-derivatives-exchange,CRDO/USDT,perpetual,173.86831504503067,0.0,,,,0,2026-07-29T20:33:53.258Z
AXT Inc,axt-inc-derivatives,Binance,binance,AXTI/USDT,perpetual,37.75470511,11846039.53560762,0.0,0.0,0.0,0,2026-07-29T20:36:18.000Z
AXT Inc,axt-inc-derivatives,Aster,aster-pro,AXTI/USDT,perpetual,39.59636862,21858.72379518,0.0,0.0,0.0,0,2026-07-29T20:36:15.000Z
AXT Inc,axt-inc-derivatives,KuCoin,kucoin,AXTI/USDT,perpetual,37.75839389,784387.30086749,0.0,0.0,0.0,0,2026-07-29T20:36:19.000Z
AXT Inc,axt-inc-derivatives,OKX,okx,AXTI/USDT,perpetual,36.35550396,3359504.14488189,0.0,0.0,0.0,0,2026-07-29T20:34:29.000Z
AXT Inc,axt-inc-derivatives,Gate,gate,AXTI/USDT,perpetual,37.62853698,1194207.09898695,0.0,0.0,0.0,0,2026-07-29T20:36:19.000Z
AXT Inc,axt-inc-derivatives,Bybit,bybit,AXTI/USDT,perpetual,37.77837188,382614.79101272,0.0,0.0,0.0,0,2026-07-29T20:36:16.000Z
AXT Inc,axt-inc-derivatives,HTX,htx,AXTI/USDT,perpetual,36.56025761,10702.62883552,0.0,0.0,0.0,0,2026-07-29T20:27:17.000Z
AXT Inc,axt-inc-derivatives,Bitget,bitget,AXTI/USDT,perpetual,37.73841591,1284996.49103574,0.0,0.0,0.0,0,2026-07-29T20:36:16.000Z
AXT Inc,axt-inc-derivatives,Phemex,phemex,AXTI/USDT,perpetual,37.80833886,636585.51457694,0.0,0.0,0.0,0,2026-07-29T20:36:16.000Z
AXT Inc,axt-inc-derivatives,XT.COM,xt,AXTI/USDT,perpetual,36.89512158,3991668.28722607,0.0,0.0,0.0,0,2026-07-29T20:33:41.000Z
AXT Inc,axt-inc-derivatives,BingX,bingx,AXTI/USDT,perpetual,37.66849295,1647395.22938816,0.0,0.0,0.0,0,2026-07-29T20:36:17.000Z
AXT Inc,axt-inc-derivatives,SunX,sunperp,AXTI/USDT,perpetual,47.91719987,280481.76395534,0.0,0.0,0.0,0,2026-07-29T20:36:16.000Z
AXT Inc,axt-inc-derivatives,CoinW,coinw,AXTI/USDT,perpetual,37.93819577,7502436.60864797,0.0,0.0,0.0,0,2026-07-29T20:36:19.000Z
AXT Inc,axt-inc-derivatives,OrangeX,orangex,AXTI/USDT,perpetual,37.69845993,3333512.72057951,0.0,0.0,0.0,0,2026-07-29T20:36:15.000Z
AXT Inc,axt-inc-derivatives,Bitrue,bitrue,AXTI/USDT,perpetual,37.73841591,1805583.75447461,0.0,0.0,0.0,0,2026-07-29T20:36:16.000Z
AXT Inc,axt-inc-derivatives,Hotcoin,hotcoin-global,AXTI/USDT,perpetual,37.68847094,1495530.0701426,0.0,0.0,0.0,0,2026-07-29T20:36:18.000Z
AXT Inc,axt-inc-derivatives,WhiteBIT,whitebit,AXTI/USDT,perpetual,37.85828382,1248144.09911633,0.0,0.0,0.0,0,2026-07-29T20:36:15.000Z
AXT Inc,axt-inc-derivatives,Toobit,toobit,AXTI/USDT,perpetual,37.73841591,1143352.45040354,0.0,0.0,0.0,0,2026-07-29T20:36:15.000Z
AXT Inc,axt-inc-derivatives,LBank,lbank,AXTI/USDT,perpetual,37.71475305,988146.75353669,0.0,0.0,0.0,0,2026-07-29T20:36:17.000Z
AXT Inc,axt-inc-derivatives,KCEX,kcex,AXTI/USDT,perpetual,37.74738356,594976.76570546,0.0,0.0,0.0,0,2026-07-29T20:36:15.000Z
AXT Inc,axt-inc-derivatives,YUBIT,yubit,AXTI/USDT,perpetual,37.65850396,563757.86322275,0.0,0.0,0.0,0,2026-07-29T20:36:15.000Z
AXT Inc,axt-inc-derivatives,Bitunix,bitunix,AXTI/USDT,perpetual,37.20655844,491589.42104664,0.0,0.0,0.0,0,2026-07-29T20:24:16.000Z
AXT Inc,axt-inc-derivatives,WEEX,weex,AXTI/USDT,perpetual,37.69845993,167486.42202103,0.0,0.0,0.0,0,2026-07-29T20:36:17.000Z
AXT Inc,axt-inc-derivatives,Zoomex,zoomex,AXTI/USDT,perpetual,36.87730071,112662.40117434,0.0,0.0,0.0,0,2026-07-29T20:33:17.000Z
AXT Inc,axt-inc-derivatives,BitMart,bitmart,AXTI/USDT,perpetual,46.65402846,0.0,0.0,0.0,0.0,0,2026-07-29T20:36:15.000Z
AXT Inc,axt-inc-derivatives,ADEN,aden-decentralized-derivatives-exchange,AXTI/USDT,perpetual,36.78497134,0.0,0.0,0.0,0.0,0,2026-07-29T20:33:53.000Z
DraftKings Inc,draftkings-inc-derivatives,Binance,binance,DKNG/USDT,perpetual,24.61047445,459382.1079033,0.0,0.0,0.0,0,2026-07-29T20:36:18.000Z
DraftKings Inc,draftkings-inc-derivatives,Aster,aster-pro,DKNG/USDT,perpetual,24.13340731,20055.0412793,0.0,0.0,0.0,0,2026-07-29T20:36:15.000Z
DraftKings Inc,draftkings-inc-derivatives,KuCoin,kucoin,DKNG/USDT,perpetual,24.51298905,941467.44630139,0.0,0.0,0.0,0,2026-07-29T20:36:19.000Z
DraftKings Inc,draftkings-inc-derivatives,Bybit,bybit,DKNG/USDT,perpetual,24.582912,586553.82806871,0.0,0.0,0.0,0,2026-07-29T20:36:16.000Z
DraftKings Inc,draftkings-inc-derivatives,OKX,okx,DKNG/USDT,perpetual,24.58990405,122344.60861282,0.0,0.0,0.0,0,2026-07-29T20:34:29.000Z
DraftKings Inc,draftkings-inc-derivatives,Gate,gate,DKNG/USDT,perpetual,24.57092521,11479.35086281,0.0,0.0,0.0,0,2026-07-29T20:36:19.000Z
DraftKings Inc,draftkings-inc-derivatives,HTX,htx,DKNG/USDT,perpetual,24.55330962,1770.96089817,0.0,0.0,0.0,0,2026-07-29T20:27:17.000Z
DraftKings Inc,draftkings-inc-derivatives,Bitget,bitget,DKNG/USDT,perpetual,24.56892741,123892.38097857,0.0,0.0,0.0,0,2026-07-29T20:36:16.000Z
DraftKings Inc,draftkings-inc-derivatives,MEXC,mexc,DKNGSTOCK/USDT,perpetual,24.592901,110809.70439602,0.0,0.0,0.0,0,2026-07-29T20:36:16.000Z
DraftKings Inc,draftkings-inc-derivatives,Phemex,phemex,DKNG/USDT,perpetual,24.582912,37330.26844558,0.0,0.0,0.0,0,2026-07-29T20:36:16.000Z
DraftKings Inc,draftkings-inc-derivatives,BingX,bingx,DKNG/USDT,perpetual,24.582912,1208513.68450992,0.0,0.0,0.0,0,2026-07-29T20:36:17.000Z
DraftKings Inc,draftkings-inc-derivatives,XT.COM,xt,DKNG/USDT,perpetual,24.5801013,278956.54292234,0.0,0.0,0.0,0,2026-07-29T20:33:41.000Z
DraftKings Inc,draftkings-inc-derivatives,SunX,sunperp,DKNG/USDT,perpetual,24.13340731,267019.27252212,0.0,0.0,0.0,0,2026-07-29T20:36:16.000Z
DraftKings Inc,draftkings-inc-derivatives,OrangeX,orangex,DKNG/USDT,perpetual,24.592901,639025.11597156,0.0,0.0,0.0,0,2026-07-29T20:36:15.000Z
DraftKings Inc,draftkings-inc-derivatives,CoinW,coinw,DKNG/USDT,perpetual,24.60288999,446176.95603896,0.0,0.0,0.0,0,2026-07-29T20:36:19.000Z
DraftKings Inc,draftkings-inc-derivatives,WEEX,weex,DKNG/USDT,perpetual,24.592901,267690.12530707,0.0,0.0,0.0,0,2026-07-29T20:36:17.000Z
DraftKings Inc,draftkings-inc-derivatives,Ourbit,ourbit,DKNG/USDT,perpetual,24.61221305,265703.67308694,0.0,0.0,0.0,0,2026-07-29T20:36:17.000Z
DraftKings Inc,draftkings-inc-derivatives,WhiteBIT,whitebit,DKNG/USDT,perpetual,24.62286797,263923.75748106,0.0,0.0,0.0,0,2026-07-29T20:36:15.000Z
DraftKings Inc,draftkings-inc-derivatives,LBank,lbank,DKNG/USDT,perpetual,24.59049841,253306.42249024,0.0,0.0,0.0,0,2026-07-29T20:36:17.000Z
DraftKings Inc,draftkings-inc-derivatives,Zoomex,zoomex,DKNG/USDT,perpetual,24.58153766,175956.31080799,0.0,0.0,0.0,0,2026-07-29T20:33:17.000Z
DraftKings Inc,draftkings-inc-derivatives,Hotcoin,hotcoin-global,DKNG/USDT,perpetual,24.62286797,113854.54327732,0.0,0.0,0.0,0,2026-07-29T20:36:18.000Z
DraftKings Inc,draftkings-inc-derivatives,Toobit,toobit,DKNG/USDT,perpetual,24.57292301,94842.69949502,0.0,0.0,0.0,0,2026-07-29T20:36:15.000Z
DraftKings Inc,draftkings-inc-derivatives,Bitrue,bitrue,DKNG/USDT,perpetual,24.61287898,89796.43009706,0.0,0.0,0.0,0,2026-07-29T20:36:16.000Z
DraftKings Inc,draftkings-inc-derivatives,Bitunix,bitunix,DKNG/USDT,perpetual,24.58129942,79792.3661951,0.0,0.0,0.0,0,2026-07-29T20:24:16.000Z
DraftKings Inc,draftkings-inc-derivatives,YUBIT,yubit,DKNG/USDT,perpetual,24.582912,32849.11344607,0.0,0.0,0.0,0,2026-07-29T20:36:15.000Z
DraftKings Inc,draftkings-inc-derivatives,KCEX,kcex,DKNG/USDT,perpetual,24.61221305,30370.36514737,0.0,0.0,0.0,0,2026-07-29T20:36:15.000Z
DraftKings Inc,draftkings-inc-derivatives,BitMart,bitmart,DKNG/USDT,perpetual,23.16221195,0.0,0.0,0.0,0.0,0,2026-07-29T20:36:15.000Z
DraftKings Inc,draftkings-inc-derivatives,ADEN,aden-decentralized-derivatives-exchange,DKNG/USDT,perpetual,24.5539434,0.0,0.0,0.0,0.0,0,2026-07-29T20:33:53.000Z
Ciena Corp,ciena-corp-derivatives,Binance,binance,CIEN/USDT,perpetual,326.33848683,1234988.16329955,0.0,0.0,0.0,0,2026-07-29T20:36:18.000Z
Ciena Corp,ciena-corp-derivatives,KuCoin,kucoin,CIEN/USDT,perpetual,325.57125189,587012.41574933,0.0,0.0,0.0,0,2026-07-29T20:36:19.000Z
Ciena Corp,ciena-corp-derivatives,Bybit,bybit,CIEN/USDT,perpetual,326.31043738,290871.09861085,0.0,0.0,0.0,0,2026-07-29T20:36:16.000Z
Ciena Corp,ciena-corp-derivatives,OKX,okx,CIEN/USDT,perpetual,325.64144259,149501.98629413,0.0,0.0,0.0,0,2026-07-29T20:34:29.000Z
Ciena Corp,ciena-corp-derivatives,HTX,htx,CIEN/USDT,perpetual,327.09443591,41972.32728439,0.0,0.0,0.0,0,2026-07-29T20:27:17.000Z
Ciena Corp,ciena-corp-derivatives,Gate,gate,CIEN/USDT,perpetual,326.04073456,15231.21666865,0.0,0.0,0.0,0,2026-07-29T20:36:19.000Z
Ciena Corp,ciena-corp-derivatives,Bitget,bitget,CIEN/USDT,perpetual,325.14172519,179721.36119841,0.0,0.0,0.0,0,2026-07-29T20:36:16.000Z
Ciena Corp,ciena-corp-derivatives,Phemex,phemex,CIEN/USDT,perpetual,326.03074557,96879.75795312,0.0,0.0,0.0,0,2026-07-29T20:36:16.000Z
Ciena Corp,ciena-corp-derivatives,BingX,bingx,CIEN/USDT,perpetual,326.2804704,1207921.18738459,0.0,0.0,0.0,0,2026-07-29T20:36:17.000Z
Ciena Corp,ciena-corp-derivatives,SunX,sunperp,CIEN/USDT,perpetual,374.81698784,406379.55693336,0.0,0.0,0.0,0,2026-07-29T20:36:16.000Z
Ciena Corp,ciena-corp-derivatives,XT.COM,xt,CIEN/USDT,perpetual,325.72379665,181278.94882546,0.0,0.0,0.0,0,2026-07-29T20:33:41.000Z
Ciena Corp,ciena-corp-derivatives,CoinW,coinw,CIEN/USDT,perpetual,325.95083363,1113490.72064884,0.0,0.0,0.0,0,2026-07-29T20:36:19.000Z
Ciena Corp,ciena-corp-derivatives,LBank,lbank,CIEN/USDT,perpetual,326.15870252,999386.60571765,0.0,0.0,0.0,0,2026-07-29T20:36:17.000Z
Ciena Corp,ciena-corp-derivatives,WhiteBIT,whitebit,CIEN/USDT,perpetual,326.35039335,771493.72344591,0.0,0.0,0.0,0,2026-07-29T20:36:15.000Z
Ciena Corp,ciena-corp-derivatives,WEEX,weex,CIEN/USDT,perpetual,326.01076759,602764.74949723,0.0,0.0,0.0,0,2026-07-29T20:36:17.000Z
Ciena Corp,ciena-corp-derivatives,Ourbit,ourbit,CIEN/USDT,perpetual,326.08185669,260075.49187985,0.0,0.0,0.0,0,2026-07-29T20:36:17.000Z
Ciena Corp,ciena-corp-derivatives,Toobit,toobit,CIEN/USDT,perpetual,325.9907896,178578.40182937,0.0,0.0,0.0,0,2026-07-29T20:36:15.000Z
Ciena Corp,ciena-corp-derivatives,OrangeX,orangex,CIEN/USDT,perpetual,326.22053644,157350.06540812,0.0,0.0,0.0,0,2026-07-29T20:36:15.000Z
Ciena Corp,ciena-corp-derivatives,Bitunix,bitunix,CIEN/USDT,perpetual,327.0980875,152424.43259814,0.0,0.0,0.0,0,2026-07-29T20:24:16.000Z
Ciena Corp,ciena-corp-derivatives,KCEX,kcex,CIEN/USDT,perpetual,325.93202585,87929.82336795,0.0,0.0,0.0,0,2026-07-29T20:36:15.000Z
Ciena Corp,ciena-corp-derivatives,Zoomex,zoomex,CIEN/USDT,perpetual,325.66292319,87260.81692196,0.0,0.0,0.0,0,2026-07-29T20:33:17.000Z
Ciena Corp,ciena-corp-derivatives,Hotcoin,hotcoin-global,CIEN/USDT,perpetual,325.95083363,66972.20309327,0.0,0.0,0.0,0,2026-07-29T20:36:18.000Z
Ciena Corp,ciena-corp-derivatives,BitMart,bitmart,CIEN/USDT,perpetual,390.66131776,0.0,0.0,0.0,0.0,0,2026-07-29T20:36:15.000Z
Ciena Corp,ciena-corp-derivatives,ADEN,aden-decentralized-derivatives-exchange,CIEN/USDT,perpetual,325.60142971,0.0,0.0,0.0,0.0,0,2026-07-29T20:33:53.000Z
Intuitive Surgical Inc,intuitive-surgical-inc-derivatives,OKX,okx,ISRG/USDT,perpetual,353.21769161,46260.92107026,0.0,0.0,0.0,0,2026-07-29T20:34:29.000Z
Intuitive Surgical Inc,intuitive-surgical-inc-derivatives,HTX,htx,ISRG/USDT,perpetual,353.61560639,30399.57850233,0.0,0.0,0.0,0,2026-07-29T20:27:17.000Z
Intuitive Surgical Inc,intuitive-surgical-inc-derivatives,Gate,gate,ISRG/USDT,perpetual,354.00991523,10967.91441643,0.0,0.0,0.0,0,2026-07-29T20:36:19.000Z
Intuitive Surgical Inc,intuitive-surgical-inc-derivatives,Bitget,bitget,ISRG/USDT,perpetual,354.11979415,89619.16642453,0.0,0.0,0.0,0,2026-07-29T20:36:16.000Z
Intuitive Surgical Inc,intuitive-surgical-inc-derivatives,Ourbit,ourbit,ISRG/USDT,perpetual,354.3099874,814214.92622298,0.0,0.0,0.0,0,2026-07-29T20:36:17.000Z
Intuitive Surgical Inc,intuitive-surgical-inc-derivatives,WEEX,weex,ISRG/USDT,perpetual,353.85009134,169077.57362547,0.0,0.0,0.0,0,2026-07-29T20:36:17.000Z
Intuitive Surgical Inc,intuitive-surgical-inc-derivatives,Hotcoin,hotcoin-global,ISRG/USDT,perpetual,354.54932085,34106.41801773,0.0,0.0,0.0,0,2026-07-29T20:36:18.000Z
Intuitive Surgical Inc,intuitive-surgical-inc-derivatives,KCEX,kcex,ISRG/USDT,perpetual,353.66072042,7034.5936109,0.0,0.0,0.0,0,2026-07-29T20:36:15.000Z
Intuitive Surgical Inc,intuitive-surgical-inc-derivatives,BitMart,bitmart,ISRG/USDT,perpetual,336.59618052,0.0,0.0,0.0,0.0,0,2026-07-29T20:36:15.000Z
Intuitive Surgical Inc,intuitive-surgical-inc-derivatives,DeriW,deriw,ISRG/USDT,perpetual,354.1797398269247,0.0,,,,0,2026-07-29T20:36:17.542Z
Intuitive Surgical Inc,intuitive-surgical-inc-derivatives,DeriW,deriw,ISRG/USDT,perpetual,354.1797398269247,0.0,,,,0,2026-07-29T20:36:17.542Z
Intuitive Surgical Inc,intuitive-surgical-inc-derivatives,ADEN,aden-decentralized-derivatives-exchange,ISRG/USDT,perpetual,354.1797398269247,0.0,,,,0,2026-07-29T20:33:53.258Z
Intuitive Surgical Inc,intuitive-surgical-inc-derivatives,ADEN,aden-decentralized-derivatives-exchange,ISRG/USDT,perpetual,354.1797398269247,0.0,,,,0,2026-07-29T20:33:53.258Z
ProShares Ultra VIX Short-Term Futures ETF,proshares-ultra-vix-short-term-futures-etf-derivatives,Binance,binance,UVXY/USDT,perpetual,26.8983229,3154956.97474711,0.0,0.0,0.0,0,2026-07-29T20:39:17.000Z
ProShares Ultra VIX Short-Term Futures ETF,proshares-ultra-vix-short-term-futures-etf-derivatives,Aster,aster-pro,UVXY/USDT,perpetual,27.21794649,8087.03621524,0.0,0.0,0.0,0,2026-07-29T20:39:15.000Z
ProShares Ultra VIX Short-Term Futures ETF,proshares-ultra-vix-short-term-futures-etf-derivatives,KuCoin,kucoin,UVXY/USDT,perpetual,26.90912998,1204580.36320211,0.0,0.0,0.0,0,2026-07-29T20:39:19.000Z
ProShares Ultra VIX Short-Term Futures ETF,proshares-ultra-vix-short-term-futures-etf-derivatives,OKX,okx,UVXY/USDT,perpetual,27.22560144,935362.76321405,0.0,0.0,0.0,0,2026-07-29T20:37:29.000Z
ProShares Ultra VIX Short-Term Futures ETF,proshares-ultra-vix-short-term-futures-etf-derivatives,Bybit,bybit,UVXY/USDT,perpetual,26.8983229,573167.40516995,0.0,0.0,0.0,0,2026-07-29T20:39:16.000Z
ProShares Ultra VIX Short-Term Futures ETF,proshares-ultra-vix-short-term-futures-etf-derivatives,Gate,gate,UVXY/USDT,perpetual,26.80924456,122135.88629879,0.0,0.0,0.0,0,2026-07-29T20:39:19.000Z
ProShares Ultra VIX Short-Term Futures ETF,proshares-ultra-vix-short-term-futures-etf-derivatives,HTX,htx,UVXY/USDT,perpetual,27.09891226,4862.77944282,0.0,0.0,0.0,0,2026-07-29T20:39:17.000Z
ProShares Ultra VIX Short-Term Futures ETF,proshares-ultra-vix-short-term-futures-etf-derivatives,Bitget,bitget,UVXY/USDT,perpetual,26.92828761,832471.26159776,0.0,0.0,0.0,0,2026-07-29T20:39:15.000Z
ProShares Ultra VIX Short-Term Futures ETF,proshares-ultra-vix-short-term-futures-etf-derivatives,MEXC,mexc,UVXY/USDT,perpetual,26.94826409,292509.18742433,0.0,0.0,0.0,0,2026-07-29T20:39:16.000Z
ProShares Ultra VIX Short-Term Futures ETF,proshares-ultra-vix-short-term-futures-etf-derivatives,Phemex,phemex,UVXY/USDT,perpetual,26.92828761,223320.73814224,0.0,0.0,0.0,0,2026-07-29T20:39:16.000Z
ProShares Ultra VIX Short-Term Futures ETF,proshares-ultra-vix-short-term-futures-etf-derivatives,XT.COM,xt,UVXY/USDT,perpetual,27.10639191,14208170.04611823,0.0,0.0,0.0,0,2026-07-29T20:36:41.000Z
ProShares Ultra VIX Short-Term Futures ETF,proshares-ultra-vix-short-term-futures-etf-derivatives,BingX,bingx,UVXY/USDT,perpetual,26.92103398,1248302.16369261,0.0,0.0,0.0,0,2026-07-29T20:39:17.000Z
ProShares Ultra VIX Short-Term Futures ETF,proshares-ultra-vix-short-term-futures-etf-derivatives,SunX,sunperp,UVXY/USDT,perpetual,24.84326957,582702.3701055,0.0,0.0,0.0,0,2026-07-29T20:39:16.000Z
ProShares Ultra VIX Short-Term Futures ETF,proshares-ultra-vix-short-term-futures-etf-derivatives,Tapbit,tapbit,UVXY/USDT,perpetual,26.90831114,4017910.27136005,0.0,0.0,0.0,0,2026-07-29T20:39:15.000Z
ProShares Ultra VIX Short-Term Futures ETF,proshares-ultra-vix-short-term-futures-etf-derivatives,LBank,lbank,UVXY/USDT,perpetual,26.90831114,2136913.39506616,0.0,0.0,0.0,0,2026-07-29T20:39:16.000Z
ProShares Ultra VIX Short-Term Futures ETF,proshares-ultra-vix-short-term-futures-etf-derivatives,CoinW,coinw,UVXY/USDT,perpetual,26.91829938,1955766.9501161,0.0,0.0,0.0,0,2026-07-29T20:39:17.000Z
ProShares Ultra VIX Short-Term Futures ETF,proshares-ultra-vix-short-term-futures-etf-derivatives,Ourbit,ourbit,UVXY/USDT,perpetual,26.91839313,1589715.97925715,0.0,0.0,0.0,0,2026-07-29T20:39:17.000Z
ProShares Ultra VIX Short-Term Futures ETF,proshares-ultra-vix-short-term-futures-etf-derivatives,WhiteBIT,whitebit,UVXY/USDT,perpetual,26.93827585,747086.32369387,0.0,0.0,0.0,0,2026-07-29T20:39:15.000Z
ProShares Ultra VIX Short-Term Futures ETF,proshares-ultra-vix-short-term-futures-etf-derivatives,Bitrue,bitrue,UVXY/USDT,perpetual,26.90831114,489960.84483639,0.0,0.0,0.0,0,2026-07-29T20:39:16.000Z
ProShares Ultra VIX Short-Term Futures ETF,proshares-ultra-vix-short-term-futures-etf-derivatives,Hotcoin,hotcoin-global,UVXY/USDT,perpetual,26.90831114,446109.63421398,0.0,0.0,0.0,0,2026-07-29T20:39:18.000Z
ProShares Ultra VIX Short-Term Futures ETF,proshares-ultra-vix-short-term-futures-etf-derivatives,Toobit,toobit,UVXY/USDT,perpetual,26.89841659,340786.68133085,0.0,0.0,0.0,0,2026-07-29T20:39:16.000Z
ProShares Ultra VIX Short-Term Futures ETF,proshares-ultra-vix-short-term-futures-etf-derivatives,Bitunix,bitunix,UVXY/USDT,perpetual,27.06821721,204484.40977761,0.0,0.0,0.0,0,2026-07-29T20:39:16.000Z
ProShares Ultra VIX Short-Term Futures ETF,proshares-ultra-vix-short-term-futures-etf-derivatives,KCEX,kcex,UVXY/USDT,perpetual,26.89841659,194755.45625926,0.0,0.0,0.0,0,2026-07-29T20:39:15.000Z
ProShares Ultra VIX Short-Term Futures ETF,proshares-ultra-vix-short-term-futures-etf-derivatives,Zoomex,zoomex,UVXY/USDT,perpetual,26.91839313,171949.36761945,0.0,0.0,0.0,0,2026-07-29T20:39:15.000Z
ProShares Ultra VIX Short-Term Futures ETF,proshares-ultra-vix-short-term-futures-etf-derivatives,BloFin,blofin,UVXY/USDT,perpetual,26.99902685,160506.16360125,0.0,0.0,0.0,0,2026-07-29T20:39:24.000Z
ProShares Ultra VIX Short-Term Futures ETF,proshares-ultra-vix-short-term-futures-etf-derivatives,WEEX,weex,UVXY/USDT,perpetual,26.91539665,74373.92646926,0.0,0.0,0.0,0,2026-07-29T20:39:17.000Z
ProShares Ultra VIX Short-Term Futures ETF,proshares-ultra-vix-short-term-futures-etf-derivatives,BitMart,bitmart,UVXY/USDT,perpetual,24.9406284,0.0,0.0,0.0,0.0,0,2026-07-29T20:39:16.000Z
ProShares Ultra VIX Short-Term Futures ETF,proshares-ultra-vix-short-term-futures-etf-derivatives,ADEN,aden-decentralized-derivatives-exchange,UVXY/USDT,perpetual,26.976404,0.0,0.0,0.0,0.0,0,2026-07-29T20:36:53.000Z
Seagate Technology Holdings PLC,seagate-technology-holdings-plc-derivatives,Binance,binance,STXX/USDT,perpetual,759.71531313,11167587.19230188,0.0,0.0,0.0,0,2026-07-29T20:39:17.000Z
Seagate Technology Holdings PLC,seagate-technology-holdings-plc-derivatives,Bitrue,bitrue,STX/USDT,perpetual,756.5623408259064,592033.7554,,,,0,2026-07-29T20:39:16.454Z
Seagate Technology Holdings PLC,seagate-technology-holdings-plc-derivatives,Bitrue,bitrue,STX/USDT,perpetual,756.5623408259064,592033.7554,,,,0,2026-07-29T20:39:16.454Z
Seagate Technology Holdings PLC,seagate-technology-holdings-plc-derivatives,Bitunix,bitunix,STX/USDT,perpetual,756.5623408259064,388500.24,,,,0,2026-07-29T20:39:16.977Z
Seagate Technology Holdings PLC,seagate-technology-holdings-plc-derivatives,Bitunix,bitunix,STX/USDT,perpetual,756.5623408259064,388500.24,,,,0,2026-07-29T20:39:16.977Z
Twilio Inc,twilio-inc-derivatives,OKX,okx,TWLO/USDT,perpetual,186.94380331,60096.824451,0.0,0.0,0.0,0,2026-07-29T20:37:29.000Z
Twilio Inc,twilio-inc-derivatives,HTX,htx,TWLO/USDT,perpetual,186.8056974,35742.47320668,0.0,0.0,0.0,0,2026-07-29T20:39:17.000Z
Twilio Inc,twilio-inc-derivatives,Gate,gate,TWLO/USDT,perpetual,186.99547969,16282.32099968,0.0,0.0,0.0,0,2026-07-29T20:39:19.000Z
Twilio Inc,twilio-inc-derivatives,Bitget,bitget,TWLO/USDT,perpetual,187.0497189,321451.97693844,0.0,0.0,0.0,0,2026-07-29T20:39:15.000Z
Twilio Inc,twilio-inc-derivatives,BingX,bingx,TWLO/USDT,perpetual,187.56818367,1227552.92909079,0.0,0.0,0.0,0,2026-07-29T20:39:17.000Z
Twilio Inc,twilio-inc-derivatives,XT.COM,xt,TWLO/USDT,perpetual,186.35894126,50403.56800253,0.0,0.0,0.0,0,2026-07-29T20:36:41.000Z
Twilio Inc,twilio-inc-derivatives,LBank,lbank,TWLO/USDT,perpetual,187.71893079,325734.61514372,0.0,0.0,0.0,0,2026-07-29T20:39:16.000Z
Twilio Inc,twilio-inc-derivatives,OrangeX,orangex,TWLO/USDT,perpetual,187.49340036,117738.95303252,0.0,0.0,0.0,0,2026-07-29T20:36:15.000Z
Twilio Inc,twilio-inc-derivatives,WEEX,weex,TWLO/USDT,perpetual,187.20019445,96954.18114737,0.0,0.0,0.0,0,2026-07-29T20:39:17.000Z
Twilio Inc,twilio-inc-derivatives,Hotcoin,hotcoin-global,TWLO/USDT,perpetual,187.41928367,42765.63659029,0.0,0.0,0.0,0,2026-07-29T20:39:18.000Z
Twilio Inc,twilio-inc-derivatives,KCEX,kcex,TWLO/USDT,perpetual,187.00042901,6103.89107145,0.0,0.0,0.0,0,2026-07-29T20:39:15.000Z
Twilio Inc,twilio-inc-derivatives,BitMart,bitmart,TWLO/USDT,perpetual,182.9745181,0.0,0.0,0.0,0.0,0,2026-07-29T20:39:16.000Z
Twilio Inc,twilio-inc-derivatives,ADEN,aden-decentralized-derivatives-exchange,TWLO/USDT,perpetual,187.41932111177184,0.0,,,,0,2026-07-29T20:36:53.832Z
Twilio Inc,twilio-inc-derivatives,ADEN,aden-decentralized-derivatives-exchange,TWLO/USDT,perpetual,187.41932111177184,0.0,,,,0,2026-07-29T20:36:53.832Z
Rockwell Automation Inc,rockwell-automation-inc-derivatives,OKX,okx,ROK/USDT,perpetual,458.24102915,37814.04972534,0.0,0.0,0.0,0,2026-07-29T20:37:29.000Z
Rockwell Automation Inc,rockwell-automation-inc-derivatives,Gate,gate,ROK/USDT,perpetual,458.77369702,7523.36922701,0.0,0.0,0.0,0,2026-07-29T20:39:19.000Z
Rockwell Automation Inc,rockwell-automation-inc-derivatives,Bitget,bitget,ROK/USDT,perpetual,457.17160696,45143.18234808,0.0,0.0,0.0,0,2026-07-29T20:39:15.000Z
Rockwell Automation Inc,rockwell-automation-inc-derivatives,LBank,lbank,ROK/USDT,perpetual,458.00063065,1103467.28973441,0.0,0.0,0.0,0,2026-07-29T20:39:16.000Z
Rockwell Automation Inc,rockwell-automation-inc-derivatives,WEEX,weex,ROK/USDT,perpetual,459.4005839,212787.8073463,0.0,0.0,0.0,0,2026-07-29T20:39:17.000Z
Rockwell Automation Inc,rockwell-automation-inc-derivatives,Hotcoin,hotcoin-global,ROK/USDT,perpetual,459.02941909,43308.99669645,0.0,0.0,0.0,0,2026-07-29T20:39:18.000Z
Rockwell Automation Inc,rockwell-automation-inc-derivatives,BitMart,bitmart,ROK/USDT,perpetual,456.96185398,0.0,0.0,0.0,0.0,0,2026-07-29T20:39:16.000Z
Rockwell Automation Inc,rockwell-automation-inc-derivatives,ADEN,aden-decentralized-derivatives-exchange,ROK/USDT,perpetual,458.19838897718694,0.0,,,,0,2026-07-29T20:36:53.832Z
Rockwell Automation Inc,rockwell-automation-inc-derivatives,ADEN,aden-decentralized-derivatives-exchange,ROK/USDT,perpetual,458.19838897718694,0.0,,,,0,2026-07-29T20:36:53.832Z
Astera Labs Inc,astera-labs-inc-derivatives,Binance,binance,ALAB/USDT,perpetual,247.52849542,2559101.27858591,0.0,0.0,0.0,0,2026-07-29T20:39:17.000Z
Astera Labs Inc,astera-labs-inc-derivatives,KuCoin,kucoin,ALAB/USDT,perpetual,247.16645184,970457.91794504,0.0,0.0,0.0,0,2026-07-29T20:39:19.000Z
Astera Labs Inc,astera-labs-inc-derivatives,Bybit,bybit,ALAB/USDT,perpetual,247.45857776,967028.99355438,0.0,0.0,0.0,0,2026-07-29T20:39:16.000Z
Astera Labs Inc,astera-labs-inc-derivatives,HTX,htx,ALAB/USDT,perpetual,247.59595911,405204.23764785,0.0,0.0,0.0,0,2026-07-29T20:39:17.000Z
Astera Labs Inc,astera-labs-inc-derivatives,OKX,okx,ALAB/USDT,perpetual,245.48983254,338559.93784869,0.0,0.0,0.0,0,2026-07-29T20:37:29.000Z
Astera Labs Inc,astera-labs-inc-derivatives,Gate,gate,ALAB/USDT,perpetual,247.21639454,266268.53801411,0.0,0.0,0.0,0,2026-07-29T20:39:19.000Z
Astera Labs Inc,astera-labs-inc-derivatives,Bitget,bitget,ALAB/USDT,perpetual,247.86809548,157256.69317196,0.0,0.0,0.0,0,2026-07-29T20:39:15.000Z
Astera Labs Inc,astera-labs-inc-derivatives,Phemex,phemex,ALAB/USDT,perpetual,247.01909532,189039.69657779,0.0,0.0,0.0,0,2026-07-29T20:39:16.000Z
Astera Labs Inc,astera-labs-inc-derivatives,BingX,bingx,ALAB/USDT,perpetual,247.67351259,1252756.5309605,0.0,0.0,0.0,0,2026-07-29T20:39:17.000Z
Astera Labs Inc,astera-labs-inc-derivatives,XT.COM,xt,ALAB/USDT,perpetual,246.28464187,137386.58945496,0.0,0.0,0.0,0,2026-07-29T20:36:41.000Z
Astera Labs Inc,astera-labs-inc-derivatives,BitMart,bitmart,ALAB/USDT,perpetual,246.68948349,1599997.99982866,0.0,0.0,0.0,0,2026-07-29T20:39:16.000Z
Astera Labs Inc,astera-labs-inc-derivatives,CoinW,coinw,ALAB/USDT,perpetual,247.5784366,1309700.33737827,0.0,0.0,0.0,0,2026-07-29T20:39:17.000Z
Astera Labs Inc,astera-labs-inc-derivatives,WhiteBIT,whitebit,ALAB/USDT,perpetual,247.58842484,859160.28469403,0.0,0.0,0.0,0,2026-07-29T20:39:15.000Z
Astera Labs Inc,astera-labs-inc-derivatives,LBank,lbank,ALAB/USDT,perpetual,247.05904827,781773.28851845,0.0,0.0,0.0,0,2026-07-29T20:39:16.000Z
Astera Labs Inc,astera-labs-inc-derivatives,WEEX,weex,ALAB/USDT,perpetual,247.61925198,673231.56627989,0.0,0.0,0.0,0,2026-07-29T20:39:17.000Z
Astera Labs Inc,astera-labs-inc-derivatives,Hotcoin,hotcoin-global,ALAB/USDT,perpetual,247.07902474,439279.67758551,0.0,0.0,0.0,0,2026-07-29T20:39:18.000Z
Astera Labs Inc,astera-labs-inc-derivatives,Bitrue,bitrue,ALAB/USDT,perpetual,247.58842484,417243.43682033,0.0,0.0,0.0,0,2026-07-29T20:39:16.000Z
Astera Labs Inc,astera-labs-inc-derivatives,Zoomex,zoomex,ALAB/USDT,perpetual,247.45943963,290109.70848115,0.0,0.0,0.0,0,2026-07-29T20:39:15.000Z
Astera Labs Inc,astera-labs-inc-derivatives,Toobit,toobit,ALAB/USDT,perpetual,247.50938099,266450.63845967,0.0,0.0,0.0,0,2026-07-29T20:39:16.000Z
Astera Labs Inc,astera-labs-inc-derivatives,KCEX,kcex,ALAB/USDT,perpetual,247.27965073,211542.28710345,0.0,0.0,0.0,0,2026-07-29T20:39:15.000Z
Astera Labs Inc,astera-labs-inc-derivatives,MGBX,mgbx,ALAB/USDT,perpetual,249.91518742,82911.26167028,0.0,0.0,0.0,0,2026-07-29T15:15:16.000Z
Astera Labs Inc,astera-labs-inc-derivatives,Bitunix,bitunix,ALAB/USDT,perpetual,246.69034268,63426.54621558,0.0,0.0,0.0,0,2026-07-29T20:39:16.000Z
Astera Labs Inc,astera-labs-inc-derivatives,BloFin,blofin,ALAB/USDT,perpetual,245.82798732,25390.44580272,0.0,0.0,0.0,0,2026-07-29T20:39:24.000Z
Astera Labs Inc,astera-labs-inc-derivatives,ADEN,aden-decentralized-derivatives-exchange,ALAB/USDT,perpetual,245.69401642,0.0,0.0,0.0,0.0,0,2026-07-29T20:36:53.000Z
POET Technologies Inc,poet-technologies-inc-derivatives,KuCoin,kucoin,POET/USDT,perpetual,6.32274658,685223.23919634,0.0,0.0,0.0,0,2026-07-29T20:39:19.000Z
POET Technologies Inc,poet-technologies-inc-derivatives,Bybit,bybit,POET/USDT,perpetual,6.36250713,624026.77129302,0.0,0.0,0.0,0,2026-07-29T20:39:16.000Z
POET Technologies Inc,poet-technologies-inc-derivatives,OKX,okx,POET/USDT,perpetual,6.32201237,104570.50996905,0.0,0.0,0.0,0,2026-07-29T20:37:29.000Z
POET Technologies Inc,poet-technologies-inc-derivatives,Bitget,bitget,POET/USDT,perpetual,6.34253065,310562.33735906,0.0,0.0,0.0,0,2026-07-29T20:39:15.000Z
POET Technologies Inc,poet-technologies-inc-derivatives,Ourbit,ourbit,POET/USDT,perpetual,6.35853398,411768.39706485,0.0,0.0,0.0,0,2026-07-29T20:39:17.000Z
POET Technologies Inc,poet-technologies-inc-derivatives,LBank,lbank,POET/USDT,perpetual,6.35251889,250704.40727116,0.0,0.0,0.0,0,2026-07-29T20:39:16.000Z
POET Technologies Inc,poet-technologies-inc-derivatives,Zoomex,zoomex,POET/USDT,perpetual,6.36252929,187208.68341169,0.0,0.0,0.0,0,2026-07-29T20:39:15.000Z
POET Technologies Inc,poet-technologies-inc-derivatives,Hotcoin,hotcoin-global,POET/USDT,perpetual,6.35851183,68357.49806069,0.0,0.0,0.0,0,2026-07-29T20:39:18.000Z
POET Technologies Inc,poet-technologies-inc-derivatives,Toobit,toobit,POET/USDT,perpetual,6.36053163,41361.61282075,0.0,0.0,0.0,0,2026-07-29T20:39:16.000Z
POET Technologies Inc,poet-technologies-inc-derivatives,WEEX,weex,POET/USDT,perpetual,6.31957972,33672.13825978,0.0,0.0,0.0,0,2026-07-29T20:39:17.000Z
POET Technologies Inc,poet-technologies-inc-derivatives,KCEX,kcex,POET/USDT,perpetual,6.33056681,8507.06602654,0.0,0.0,0.0,0,2026-07-29T20:39:15.000Z
POET Technologies Inc,poet-technologies-inc-derivatives,BitMart,bitmart,POET/USDT,perpetual,6.96479783,0.0,0.0,0.0,0.0,0,2026-07-29T20:39:16.000Z
Knowledge Atlas Technology JSC Ltd,knowledge-atlas-technology-jsc-ltd-derivatives,Binance,binance,ZHIPU/USDT,perpetual,128.60854277,31394421.65098768,0.0,0.0,0.0,0,2026-07-29T20:39:17.000Z
Knowledge Atlas Technology JSC Ltd,knowledge-atlas-technology-jsc-ltd-derivatives,Aster,aster-pro,ZHIPU/USDT,perpetual,130.33650782,42568.27901056,0.0,0.0,0.0,0,2026-07-29T20:39:15.000Z
Knowledge Atlas Technology JSC Ltd,knowledge-atlas-technology-jsc-ltd-derivatives,KuCoin,kucoin,ZHIPU/USDT,perpetual,128.71234182,903008.32239658,0.0,0.0,0.0,0,2026-07-29T20:39:19.000Z
Knowledge Atlas Technology JSC Ltd,knowledge-atlas-technology-jsc-ltd-derivatives,Hyperliquid,hyperliquid,xyz:ZHIPU/USDC,perpetual,128.30246653,6297195.26226819,0.0,0.0,0.0,0,2026-07-29T20:39:26.000Z
Knowledge Atlas Technology JSC Ltd,knowledge-atlas-technology-jsc-ltd-derivatives,Bybit,bybit,ZHIPU/USDT,perpetual,128.31888389,5132460.14946563,0.0,0.0,0.0,0,2026-07-29T20:39:16.000Z
Knowledge Atlas Technology JSC Ltd,knowledge-atlas-technology-jsc-ltd-derivatives,OKX,okx,ZHIPU/USDT,perpetual,129.22672674,2993498.3568476,0.0,0.0,0.0,0,2026-07-29T20:37:29.000Z
Knowledge Atlas Technology JSC Ltd,knowledge-atlas-technology-jsc-ltd-derivatives,Gate,gate,ZHIPU/USDT,perpetual,128.52255954,1098597.69401037,0.0,0.0,0.0,0,2026-07-29T20:39:19.000Z
Knowledge Atlas Technology JSC Ltd,knowledge-atlas-technology-jsc-ltd-derivatives,HTX,htx,ZHIPU/USDT,perpetual,129.60132199,62754.96520581,0.0,0.0,0.0,0,2026-07-29T20:39:17.000Z
Knowledge Atlas Technology JSC Ltd,knowledge-atlas-technology-jsc-ltd-derivatives,Bitget,bitget,ZHIPU/USDT,perpetual,128.40877803,4043484.2311126,0.0,0.0,0.0,0,2026-07-29T20:39:15.000Z
Knowledge Atlas Technology JSC Ltd,knowledge-atlas-technology-jsc-ltd-derivatives,SunX,sunperp,ZHIPU/USDT,perpetual,162.95466689,997700.15765165,0.0,0.0,0.0,0,2026-07-29T20:39:16.000Z
Knowledge Atlas Technology JSC Ltd,knowledge-atlas-technology-jsc-ltd-derivatives,XT.COM,xt,ZHIPU/USDT,perpetual,128.23101168,203503.78058665,0.0,0.0,0.0,0,2026-07-29T20:36:41.000Z
Knowledge Atlas Technology JSC Ltd,knowledge-atlas-technology-jsc-ltd-derivatives,Ourbit,ourbit,ZHIPU/USDT,perpetual,128.58901416,8199335.43758623,0.0,0.0,0.0,0,2026-07-29T20:39:17.000Z
Knowledge Atlas Technology JSC Ltd,knowledge-atlas-technology-jsc-ltd-derivatives,BitMart,bitmart,ZHIPU/USDT,perpetual,128.38880155,1606954.26710604,0.0,0.0,0.0,0,2026-07-29T20:39:16.000Z
Knowledge Atlas Technology JSC Ltd,knowledge-atlas-technology-jsc-ltd-derivatives,Zoomex,zoomex,ZHIPU/USDT,perpetual,128.31933081,1539743.40756811,0.0,0.0,0.0,0,2026-07-29T20:39:15.000Z
Knowledge Atlas Technology JSC Ltd,knowledge-atlas-technology-jsc-ltd-derivatives,Toobit,toobit,ZHIPU/USDT,perpetual,128.58901416,1206308.71649343,0.0,0.0,0.0,0,2026-07-29T20:39:16.000Z
Knowledge Atlas Technology JSC Ltd,knowledge-atlas-technology-jsc-ltd-derivatives,LBank,lbank,ZHIPU/USDT,perpetual,128.59855454,1110001.41774861,0.0,0.0,0.0,0,2026-07-29T20:39:16.000Z
Knowledge Atlas Technology JSC Ltd,knowledge-atlas-technology-jsc-ltd-derivatives,KCEX,kcex,ZHIPU/USDT,perpetual,128.47914317,952286.05243268,0.0,0.0,0.0,0,2026-07-29T20:39:15.000Z
Knowledge Atlas Technology JSC Ltd,knowledge-atlas-technology-jsc-ltd-derivatives,Bitunix,bitunix,ZHIPU/USDT,perpetual,128.67890861,801458.5584141,0.0,0.0,0.0,0,2026-07-29T20:39:16.000Z
Knowledge Atlas Technology JSC Ltd,knowledge-atlas-technology-jsc-ltd-derivatives,Hotcoin,hotcoin-global,ZHIPU/USDT,perpetual,128.53862511,596159.92588182,0.0,0.0,0.0,0,2026-07-29T20:39:18.000Z
Knowledge Atlas Technology JSC Ltd,knowledge-atlas-technology-jsc-ltd-derivatives,WEEX,weex,ZHIPU/USDT,perpetual,128.57902589,445838.71788912,0.0,0.0,0.0,0,2026-07-29T20:39:17.000Z
Knowledge Atlas Technology JSC Ltd,knowledge-atlas-technology-jsc-ltd-derivatives,Lighter,lighter,ZHIPU/USDC,perpetual,128.36537164,82254.67015227,0.0,0.0,0.0,0,2026-07-29T20:39:15.000Z
Knowledge Atlas Technology JSC Ltd,knowledge-atlas-technology-jsc-ltd-derivatives,ADEN,aden-decentralized-derivatives-exchange,ZHIPU/USDT,perpetual,128.10046564,71.88447617,0.0,0.0,0.0,0,2026-07-29T20:36:53.000Z
Knowledge Atlas Technology JSC Ltd,knowledge-atlas-technology-jsc-ltd-derivatives,BTSE,btse,ZHIPU/USDT,perpetual,128.27187659996332,109791.7997,,,,0,2026-07-29T20:39:15.356Z
Knowledge Atlas Technology JSC Ltd,knowledge-atlas-technology-jsc-ltd-derivatives,BTSE,btse,ZHIPU/USDT,perpetual,128.27187659996332,109791.7997,,,,0,2026-07-29T20:39:15.356Z
Knowledge Atlas Technology JSC Ltd,knowledge-atlas-technology-jsc-ltd-derivatives,MemeMax,mememax,ZHIPU/USDC,perpetual,128.27187659996332,0.0,,,,0,2026-07-29T20:39:16.080Z
Lam Research Corp,lam-research-corp-derivatives,Binance,binance,LRCX/USDT,perpetual,267.51495815,6572946.7648836,0.0,0.0,0.0,0,2026-07-29T20:39:17.000Z
Lam Research Corp,lam-research-corp-derivatives,KuCoin,kucoin,LRCX/USDT,perpetual,266.61414154,389495.86641576,0.0,0.0,0.0,0,2026-07-29T20:39:19.000Z
Lam Research Corp,lam-research-corp-derivatives,Bybit,bybit,LRCX/USDT,perpetual,267.20532279,953366.14924923,0.0,0.0,0.0,0,2026-07-29T20:39:16.000Z
Lam Research Corp,lam-research-corp-derivatives,OKX,okx,LRCX/USDT,perpetual,269.6592953,895627.50726281,0.0,0.0,0.0,0,2026-07-29T20:37:29.000Z
Lam Research Corp,lam-research-corp-derivatives,Gate,gate,LRCX/USDT,perpetual,268.29221646,894548.77794527,0.0,0.0,0.0,0,2026-07-29T20:39:19.000Z
Lam Research Corp,lam-research-corp-derivatives,HTX,htx,LRCX/USDT,perpetual,267.12355714,330937.86567252,0.0,0.0,0.0,0,2026-07-29T20:39:17.000Z
Lam Research Corp,lam-research-corp-derivatives,Bitget,bitget,LRCX/USDT,perpetual,267.56489933,1460253.42172693,0.0,0.0,0.0,0,2026-07-29T20:39:15.000Z
Lam Research Corp,lam-research-corp-derivatives,Phemex,phemex,LRCX/USDT,perpetual,267.57488757,180270.12276027,0.0,0.0,0.0,0,2026-07-29T20:39:16.000Z
Lam Research Corp,lam-research-corp-derivatives,BingX,bingx,LRCX/USDT,perpetual,267.10260761,1253494.29715175,0.0,0.0,0.0,0,2026-07-29T20:39:17.000Z
Lam Research Corp,lam-research-corp-derivatives,XT.COM,xt,LRCX/USDT,perpetual,266.46961535,199027.58044191,0.0,0.0,0.0,0,2026-07-29T20:36:41.000Z
Lam Research Corp,lam-research-corp-derivatives,Ourbit,ourbit,LRCX/USDT,perpetual,267.20625344,5564259.83539794,0.0,0.0,0.0,0,2026-07-29T20:39:17.000Z
Lam Research Corp,lam-research-corp-derivatives,WhiteBIT,whitebit,LRCX/USDT,perpetual,266.82576978,3103203.47530971,0.0,0.0,0.0,0,2026-07-29T20:39:15.000Z
Lam Research Corp,lam-research-corp-derivatives,CoinW,coinw,LRCX/USDT,perpetual,267.20532279,2212620.00436733,0.0,0.0,0.0,0,2026-07-29T20:39:17.000Z
Lam Research Corp,lam-research-corp-derivatives,LBank,lbank,LRCX/USDT,perpetual,267.63481699,2165480.9659605,0.0,0.0,0.0,0,2026-07-29T20:39:16.000Z
Lam Research Corp,lam-research-corp-derivatives,BitMart,bitmart,LRCX/USDT,perpetual,267.42506401,1600621.00693767,0.0,0.0,0.0,0,2026-07-29T20:39:16.000Z
Lam Research Corp,lam-research-corp-derivatives,Toobit,toobit,LRCX/USDT,perpetual,267.42599542,1166637.07319486,0.0,0.0,0.0,0,2026-07-29T20:39:16.000Z
Lam Research Corp,lam-research-corp-derivatives,Bitrue,bitrue,LRCX/USDT,perpetual,267.16536984,976495.24026761,0.0,0.0,0.0,0,2026-07-29T20:39:16.000Z
Lam Research Corp,lam-research-corp-derivatives,Hotcoin,hotcoin-global,LRCX/USDT,perpetual,267.85455821,744592.12311588,0.0,0.0,0.0,0,2026-07-29T20:39:18.000Z
Lam Research Corp,lam-research-corp-derivatives,WEEX,weex,LRCX/USDT,perpetual,267.23621825,647296.35582272,0.0,0.0,0.0,0,2026-07-29T20:39:17.000Z
Lam Research Corp,lam-research-corp-derivatives,KCEX,kcex,LRCX/USDT,perpetual,267.44597197,317797.0979957,0.0,0.0,0.0,0,2026-07-29T20:39:15.000Z
Lam Research Corp,lam-research-corp-derivatives,Zoomex,zoomex,LRCX/USDT,perpetual,267.20625344,286010.84091377,0.0,0.0,0.0,0,2026-07-29T20:39:15.000Z
Lam Research Corp,lam-research-corp-derivatives,MGBX,mgbx,LRCX/USDT,perpetual,257.87388819,81076.55837722,0.0,0.0,0.0,0,2026-07-29T15:15:16.000Z
Lam Research Corp,lam-research-corp-derivatives,BloFin,blofin,LRCX/USDT,perpetual,268.58188415,48564.70560336,0.0,0.0,0.0,0,2026-07-29T20:39:24.000Z
Lam Research Corp,lam-research-corp-derivatives,DeriW,deriw,LRCX/USDT,perpetual,266.12267762663214,0.0,,,,0,2026-07-29T20:39:17.910Z
Lam Research Corp,lam-research-corp-derivatives,DeriW,deriw,LRCX/USDT,perpetual,266.12267762663214,0.0,,,,0,2026-07-29T20:39:17.910Z
Lam Research Corp,lam-research-corp-derivatives,ADEN,aden-decentralized-derivatives-exchange,LRCX/USDT,perpetual,266.12267762663214,0.0,,,,0,2026-07-29T20:36:53.832Z
Lam Research Corp,lam-research-corp-derivatives,ADEN,aden-decentralized-derivatives-exchange,LRCX/USDT,perpetual,266.12267762663214,0.0,,,,0,2026-07-29T20:36:53.832Z
KLA Corp,kla-corp-derivatives,Binance,binance,KLAC/USDT,perpetual,169.42048016,4537939.91068875,0.0,0.0,0.0,0,2026-07-29T20:39:17.000Z
KLA Corp,kla-corp-derivatives,KuCoin,kucoin,KLAC/USDT,perpetual,169.44561281,765092.55590044,0.0,0.0,0.0,0,2026-07-29T20:39:19.000Z
KLA Corp,kla-corp-derivatives,Bybit,bybit,KLAC/USDT,perpetual,169.6202449,1513579.62884829,0.0,0.0,0.0,0,2026-07-29T20:39:16.000Z
KLA Corp,kla-corp-derivatives,OKX,okx,KLAC/USDT,perpetual,168.76676933,1145536.51253619,0.0,0.0,0.0,0,2026-07-29T20:37:29.000Z
KLA Corp,kla-corp-derivatives,HTX,htx,KLAC/USDT,perpetual,169.50554406,341096.08441284,0.0,0.0,0.0,0,2026-07-29T20:39:17.000Z
KLA Corp,kla-corp-derivatives,Gate,gate,KLAC/USDT,perpetual,169.5155326,90697.95174607,0.0,0.0,0.0,0,2026-07-29T20:39:19.000Z
KLA Corp,kla-corp-derivatives,Bitget,bitget,KLAC/USDT,perpetual,169.6202449,437562.14015186,0.0,0.0,0.0,0,2026-07-29T20:39:15.000Z
KLA Corp,kla-corp-derivatives,Phemex,phemex,KLAC/USDT,perpetual,169.72012728,293396.52464215,0.0,0.0,0.0,0,2026-07-29T20:39:16.000Z
KLA Corp,kla-corp-derivatives,BingX,bingx,KLAC/USDT,perpetual,169.54757317,1226050.04613648,0.0,0.0,0.0,0,2026-07-29T20:39:17.000Z
KLA Corp,kla-corp-derivatives,XT.COM,xt,KLAC/USDT,perpetual,168.8706243,96939.92699742,0.0,0.0,0.0,0,2026-07-29T20:36:41.000Z
KLA Corp,kla-corp-derivatives,CoinW,coinw,KLAC/USDT,perpetual,169.61025667,1771650.87638116,0.0,0.0,0.0,0,2026-07-29T20:39:17.000Z
KLA Corp,kla-corp-derivatives,LBank,lbank,KLAC/USDT,perpetual,169.55032724,1720198.94869456,0.0,0.0,0.0,0,2026-07-29T20:39:16.000Z
KLA Corp,kla-corp-derivatives,WhiteBIT,whitebit,KLAC/USDT,perpetual,169.71013904,1108648.6368655,0.0,0.0,0.0,0,2026-07-29T20:39:15.000Z
KLA Corp,kla-corp-derivatives,Bitrue,bitrue,KLAC/USDT,perpetual,169.58029195,696236.64280488,0.0,0.0,0.0,0,2026-07-29T20:39:16.000Z
KLA Corp,kla-corp-derivatives,Hotcoin,hotcoin-global,KLAC/USDT,perpetual,169.39051545,692966.92008884,0.0,0.0,0.0,0,2026-07-29T20:39:18.000Z
KLA Corp,kla-corp-derivatives,Zoomex,zoomex,KLAC/USDT,perpetual,169.62083567,454075.470141,0.0,0.0,0.0,0,2026-07-29T20:39:15.000Z
KLA Corp,kla-corp-derivatives,Toobit,toobit,KLAC/USDT,perpetual,169.56090604,401858.26608032,0.0,0.0,0.0,0,2026-07-29T20:39:16.000Z
KLA Corp,kla-corp-derivatives,KCEX,kcex,KLAC/USDT,perpetual,169.62083567,326771.48760316,0.0,0.0,0.0,0,2026-07-29T20:39:15.000Z
KLA Corp,kla-corp-derivatives,Bitunix,bitunix,KLAC/USDT,perpetual,169.52095295,95116.50669644,0.0,0.0,0.0,0,2026-07-29T20:39:16.000Z
KLA Corp,kla-corp-derivatives,WEEX,weex,KLAC/USDT,perpetual,169.56090604,43343.75953614,0.0,0.0,0.0,0,2026-07-29T20:39:17.000Z
KLA Corp,kla-corp-derivatives,BitMart,bitmart,KLAC/USDT,perpetual,211.21126479,0.0,0.0,0.0,0.0,0,2026-07-29T20:39:16.000Z
KLA Corp,kla-corp-derivatives,ADEN,aden-decentralized-derivatives-exchange,KLAC/USDT,perpetual,168.69990372,0.0,0.0,0.0,0.0,0,2026-07-29T20:36:53.000Z
KLA Corp,kla-corp-derivatives,DeriW,deriw,KLAC/USDT,perpetual,168.84481015611092,0.0,,,,0,2026-07-29T20:39:17.910Z
KLA Corp,kla-corp-derivatives,DeriW,deriw,KLAC/USDT,perpetual,168.84481015611092,0.0,,,,0,2026-07-29T20:39:17.910Z
Super Micro Computer Inc,super-micro-computer-inc-derivatives,Binance,binance,SMCI/USDT,perpetual,25.61982853,1367934.66649723,0.0,0.0,0.0,0,2026-07-29T20:39:17.000Z
Super Micro Computer Inc,super-micro-computer-inc-derivatives,KuCoin,kucoin,SMCI/USDT,perpetual,25.61061962,1185036.45188316,0.0,0.0,0.0,0,2026-07-29T20:39:19.000Z
Super Micro Computer Inc,super-micro-computer-inc-derivatives,OKX,okx,SMCI/USDT,perpetual,25.50777186,396457.09489933,0.0,0.0,0.0,0,2026-07-29T20:37:29.000Z
Super Micro Computer Inc,super-micro-computer-inc-derivatives,Bybit,bybit,SMCI/USDT,perpetual,25.51994616,255933.96632497,0.0,0.0,0.0,0,2026-07-29T20:39:16.000Z
Super Micro Computer Inc,super-micro-computer-inc-derivatives,HTX,htx,SMCI/USDT,perpetual,25.65057379,254195.16453009,0.0,0.0,0.0,0,2026-07-29T20:39:17.000Z
Super Micro Computer Inc,super-micro-computer-inc-derivatives,Gate,gate,SMCI/USDT,perpetual,25.65057379,239182.61085944,0.0,0.0,0.0,0,2026-07-29T20:39:19.000Z
Super Micro Computer Inc,super-micro-computer-inc-derivatives,Bitget,bitget,SMCI/USDT,perpetual,25.47899439,469054.49476335,0.0,0.0,0.0,0,2026-07-29T20:39:15.000Z
Super Micro Computer Inc,super-micro-computer-inc-derivatives,Phemex,phemex,SMCI/USDT,perpetual,25.6098403,106681.38492509,0.0,0.0,0.0,0,2026-07-29T20:39:16.000Z
Super Micro Computer Inc,super-micro-computer-inc-derivatives,BingX,bingx,SMCI/USDT,perpetual,25.62243123,1256905.99629144,0.0,0.0,0.0,0,2026-07-29T20:39:17.000Z
Super Micro Computer Inc,super-micro-computer-inc-derivatives,XT.COM,xt,SMCI/USDT,perpetual,25.54832369,215928.17059979,0.0,0.0,0.0,0,2026-07-29T20:36:41.000Z
Super Micro Computer Inc,super-micro-computer-inc-derivatives,Tapbit,tapbit,SMCI/USDT,perpetual,25.64979325,2258076.47047344,0.0,0.0,0.0,0,2026-07-29T20:39:15.000Z
Super Micro Computer Inc,super-micro-computer-inc-derivatives,BitMart,bitmart,SMCI/USDT,perpetual,25.61982853,1610660.95588432,0.0,0.0,0.0,0,2026-07-29T20:39:16.000Z
Super Micro Computer Inc,super-micro-computer-inc-derivatives,LBank,lbank,SMCI/USDT,perpetual,25.59985206,973539.85037415,0.0,0.0,0.0,0,2026-07-29T20:39:16.000Z
Super Micro Computer Inc,super-micro-computer-inc-derivatives,CoinW,coinw,SMCI/USDT,perpetual,25.64979325,628752.57280229,0.0,0.0,0.0,0,2026-07-29T20:39:17.000Z
Super Micro Computer Inc,super-micro-computer-inc-derivatives,Bitrue,bitrue,SMCI/USDT,perpetual,25.63980501,211994.77519374,0.0,0.0,0.0,0,2026-07-29T20:39:16.000Z
Super Micro Computer Inc,super-micro-computer-inc-derivatives,Hotcoin,hotcoin-global,SMCI/USDT,perpetual,25.6098403,179892.14808619,0.0,0.0,0.0,0,2026-07-29T20:39:18.000Z
Super Micro Computer Inc,super-micro-computer-inc-derivatives,Bitunix,bitunix,SMCI/USDT,perpetual,25.58995295,174145.76262014,0.0,0.0,0.0,0,2026-07-29T20:39:16.000Z
Super Micro Computer Inc,super-micro-computer-inc-derivatives,Toobit,toobit,SMCI/USDT,perpetual,25.65987085,135996.13381214,0.0,0.0,0.0,0,2026-07-29T20:39:16.000Z
Super Micro Computer Inc,super-micro-computer-inc-derivatives,KCEX,kcex,SMCI/USDT,perpetual,25.62990604,89030.56964385,0.0,0.0,0.0,0,2026-07-29T20:39:15.000Z
Super Micro Computer Inc,super-micro-computer-inc-derivatives,Zoomex,zoomex,SMCI/USDT,perpetual,25.52003505,76780.45731396,0.0,0.0,0.0,0,2026-07-29T20:39:15.000Z
Super Micro Computer Inc,super-micro-computer-inc-derivatives,WEEX,weex,SMCI/USDT,perpetual,25.64988258,49064.84644618,0.0,0.0,0.0,0,2026-07-29T20:39:17.000Z
Super Micro Computer Inc,super-micro-computer-inc-derivatives,ADEN,aden-decentralized-derivatives-exchange,SMCI/USDT,perpetual,25.59812049,22.79561069,0.0,0.0,0.0,0,2026-07-29T20:36:53.000Z
Direxion Daily MSCI South Korea Bull 3X ETF,direxion-daily-msci-south-korea-bull-3x-etf-derivatives,Binance,binance,KORU/USDT,perpetual,12.11573178,2674048536.8286095,0.0,0.0,0.0,0,2026-07-29T20:39:17.000Z
Direxion Daily MSCI South Korea Bull 3X ETF,direxion-daily-msci-south-korea-bull-3x-etf-derivatives,Aster,aster-pro,KORU/USDT,perpetual,12.07577883,1592065.94649617,0.0,0.0,0.0,0,2026-07-29T20:39:15.000Z
Direxion Daily MSCI South Korea Bull 3X ETF,direxion-daily-msci-south-korea-bull-3x-etf-derivatives,KuCoin,kucoin,KORU/USDT,perpetual,12.11610047,3221050.9778135,0.0,0.0,0.0,0,2026-07-29T20:39:19.000Z
Direxion Daily MSCI South Korea Bull 3X ETF,direxion-daily-msci-south-korea-bull-3x-etf-derivatives,OKX,okx,KORU/USDT,perpetual,11.79509732,184046433.65604037,0.0,0.0,0.0,0,2026-07-29T20:37:29.000Z
Direxion Daily MSCI South Korea Bull 3X ETF,direxion-daily-msci-south-korea-bull-3x-etf-derivatives,Bybit,bybit,KORU/USDT,perpetual,12.13570825,65503574.25181301,0.0,0.0,0.0,0,2026-07-29T20:39:16.000Z
Direxion Daily MSCI South Korea Bull 3X ETF,direxion-daily-msci-south-korea-bull-3x-etf-derivatives,Gate,gate,KORU/USDT,perpetual,12.11010734,12508824.93620838,0.0,0.0,0.0,0,2026-07-29T20:39:19.000Z
Direxion Daily MSCI South Korea Bull 3X ETF,direxion-daily-msci-south-korea-bull-3x-etf-derivatives,HTX,htx,KORU/USDT,perpetual,12.10611193,54094.37119759,0.0,0.0,0.0,0,2026-07-29T20:39:17.000Z
Direxion Daily MSCI South Korea Bull 3X ETF,direxion-daily-msci-south-korea-bull-3x-etf-derivatives,Bitget,bitget,KORU/USDT,perpetual,12.1167306,260156331.47105396,0.0,0.0,0.0,0,2026-07-29T20:39:15.000Z
Direxion Daily MSCI South Korea Bull 3X ETF,direxion-daily-msci-south-korea-bull-3x-etf-derivatives,MEXC,mexc,KORU/USDT,perpetual,12.12572002,78721871.42761143,0.0,0.0,0.0,0,2026-07-29T20:39:16.000Z
Direxion Daily MSCI South Korea Bull 3X ETF,direxion-daily-msci-south-korea-bull-3x-etf-derivatives,Phemex,phemex,KORU/USDT,perpetual,12.10574354,1890410.55237749,0.0,0.0,0.0,0,2026-07-29T20:39:16.000Z
Direxion Daily MSCI South Korea Bull 3X ETF,direxion-daily-msci-south-korea-bull-3x-etf-derivatives,BingX,bingx,KORU/USDT,perpetual,12.12695185,5308434.9331183,0.0,0.0,0.0,0,2026-07-29T20:39:17.000Z
Direxion Daily MSCI South Korea Bull 3X ETF,direxion-daily-msci-south-korea-bull-3x-etf-derivatives,XT.COM,xt,KORU/USDT,perpetual,11.9751525,2168688.92396776,0.0,0.0,0.0,0,2026-07-29T20:36:41.000Z
Direxion Daily MSCI South Korea Bull 3X ETF,direxion-daily-msci-south-korea-bull-3x-etf-derivatives,LBank,lbank,KORU/USDT,perpetual,12.10574354,998223557.4323138,0.0,0.0,0.0,0,2026-07-29T20:39:16.000Z
Direxion Daily MSCI South Korea Bull 3X ETF,direxion-daily-msci-south-korea-bull-3x-etf-derivatives,Ourbit,ourbit,KORU/USDT,perpetual,12.1057857,509492745.6018286,0.0,0.0,0.0,0,2026-07-29T20:39:17.000Z
Direxion Daily MSCI South Korea Bull 3X ETF,direxion-daily-msci-south-korea-bull-3x-etf-derivatives,CoinW,coinw,KORU/USDT,perpetual,12.12572002,505360399.176385,0.0,0.0,0.0,0,2026-07-29T20:39:17.000Z
Direxion Daily MSCI South Korea Bull 3X ETF,direxion-daily-msci-south-korea-bull-3x-etf-derivatives,Tapbit,tapbit,KORU/USDT,perpetual,12.12572002,291254160.69039357,0.0,0.0,0.0,0,2026-07-29T20:39:15.000Z
Direxion Daily MSCI South Korea Bull 3X ETF,direxion-daily-msci-south-korea-bull-3x-etf-derivatives,Hotcoin,hotcoin-global,KORU/USDT,perpetual,12.11573178,232693523.9806649,0.0,0.0,0.0,0,2026-07-29T20:39:18.000Z
Direxion Daily MSCI South Korea Bull 3X ETF,direxion-daily-msci-south-korea-bull-3x-etf-derivatives,Toobit,toobit,KORU/USDT,perpetual,12.11577398,166777626.08300838,0.0,0.0,0.0,0,2026-07-29T20:39:16.000Z
Direxion Daily MSCI South Korea Bull 3X ETF,direxion-daily-msci-south-korea-bull-3x-etf-derivatives,KCEX,kcex,KORU/USDT,perpetual,12.12576225,118501458.14196573,0.0,0.0,0.0,0,2026-07-29T20:39:15.000Z
Direxion Daily MSCI South Korea Bull 3X ETF,direxion-daily-msci-south-korea-bull-3x-etf-derivatives,Bitunix,bitunix,KORU/USDT,perpetual,12.1057857,110984999.07952818,0.0,0.0,0.0,0,2026-07-29T20:39:16.000Z
Direxion Daily MSCI South Korea Bull 3X ETF,direxion-daily-msci-south-korea-bull-3x-etf-derivatives,YUBIT,yubit,KORU/USDT,perpetual,12.11577398,64808977.13150894,0.0,0.0,0.0,0,2026-07-29T20:39:15.000Z
Direxion Daily MSCI South Korea Bull 3X ETF,direxion-daily-msci-south-korea-bull-3x-etf-derivatives,DigiFinex,digifinex,KORU/USDT,perpetual,12.12572002,54300957.02950094,0.0,0.0,0.0,0,2026-07-29T20:39:16.000Z
Direxion Daily MSCI South Korea Bull 3X ETF,direxion-daily-msci-south-korea-bull-3x-etf-derivatives,MGBX,mgbx,KORU/USDT,perpetual,12.53220762,46429280.802375,0.0,0.0,0.0,0,2026-07-29T15:15:16.000Z
Direxion Daily MSCI South Korea Bull 3X ETF,direxion-daily-msci-south-korea-bull-3x-etf-derivatives,WEEX,weex,KORU/USDT,perpetual,12.12076811,3074770.52406131,0.0,0.0,0.0,0,2026-07-29T20:39:17.000Z
Direxion Daily MSCI South Korea Bull 3X ETF,direxion-daily-msci-south-korea-bull-3x-etf-derivatives,ApeX Omni,apex-omni,KORU/USDT,perpetual,472.48522027,2469160.17558381,0.0,0.0,0.0,0,2026-07-29T20:39:17.000Z
Direxion Daily MSCI South Korea Bull 3X ETF,direxion-daily-msci-south-korea-bull-3x-etf-derivatives,BitMart,bitmart,KORU/USDT,perpetual,12.0957553,1604146.92100722,0.0,0.0,0.0,0,2026-07-29T20:39:16.000Z
Direxion Daily MSCI South Korea Bull 3X ETF,direxion-daily-msci-south-korea-bull-3x-etf-derivatives,ADEN,aden-decentralized-derivatives-exchange,KORU/USDT,perpetual,11.998466148213298,538.452704167472,,,,0,2026-07-29T20:36:53.832Z
Direxion Daily MSCI South Korea Bull 3X ETF,direxion-daily-msci-south-korea-bull-3x-etf-derivatives,ADEN,aden-decentralized-derivatives-exchange,KORU/USDT,perpetual,11.998466148213298,534.2402448802999,,,,0,2026-07-29T20:36:53.832Z
Sony Group Corp,sony-group-corp-derivatives,Binance,binance,SONY/USDT,perpetual,23.28258102,713845.10936575,0.0,0.0,0.0,0,2026-07-29T20:39:17.000Z
Sony Group Corp,sony-group-corp-derivatives,KuCoin,kucoin,SONY/USDT,perpetual,23.2533239,832716.86921352,0.0,0.0,0.0,0,2026-07-29T20:39:19.000Z
Sony Group Corp,sony-group-corp-derivatives,OKX,okx,SONY/USDT,perpetual,23.29057321,356771.98758711,0.0,0.0,0.0,0,2026-07-29T20:37:29.000Z
Sony Group Corp,sony-group-corp-derivatives,Bybit,bybit,SONY/USDT,perpetual,23.26260454,197329.99342097,0.0,0.0,0.0,0,2026-07-29T20:39:16.000Z
Sony Group Corp,sony-group-corp-derivatives,Gate,gate,SONY/USDT,perpetual,23.26531015,12453.71316017,0.0,0.0,0.0,0,2026-07-29T20:39:19.000Z
Sony Group Corp,sony-group-corp-derivatives,HTX,htx,SONY/USDT,perpetual,23.29327806,3014.04630058,0.0,0.0,0.0,0,2026-07-29T20:39:17.000Z
Sony Group Corp,sony-group-corp-derivatives,Bitget,bitget,SONY/USDT,perpetual,23.23863278,70928.16109185,0.0,0.0,0.0,0,2026-07-29T20:39:15.000Z
Sony Group Corp,sony-group-corp-derivatives,Phemex,phemex,SONY/USDT,perpetual,23.28258102,58183.13031378,0.0,0.0,0.0,0,2026-07-29T20:39:16.000Z
Sony Group Corp,sony-group-corp-derivatives,XT.COM,xt,SONY/USDT,perpetual,23.27114707,170909.35256868,0.0,0.0,0.0,0,2026-07-29T20:36:41.000Z
Sony Group Corp,sony-group-corp-derivatives,BitMart,bitmart,SONY/USDT,perpetual,23.30255749,1605023.74460652,0.0,0.0,0.0,0,2026-07-29T20:39:16.000Z
Sony Group Corp,sony-group-corp-derivatives,LBank,lbank,SONY/USDT,perpetual,23.29256926,1247771.68172251,0.0,0.0,0.0,0,2026-07-29T20:39:16.000Z
Sony Group Corp,sony-group-corp-derivatives,CoinW,coinw,SONY/USDT,perpetual,23.29256926,784024.81478444,0.0,0.0,0.0,0,2026-07-29T20:39:17.000Z
Sony Group Corp,sony-group-corp-derivatives,Ourbit,ourbit,SONY/USDT,perpetual,23.29265038,373448.28783048,0.0,0.0,0.0,0,2026-07-29T20:39:17.000Z
Sony Group Corp,sony-group-corp-derivatives,WhiteBIT,whitebit,SONY/USDT,perpetual,23.30255749,219615.67624804,0.0,0.0,0.0,0,2026-07-29T20:39:15.000Z
Sony Group Corp,sony-group-corp-derivatives,Bitunix,bitunix,SONY/USDT,perpetual,23.28266211,145239.57350806,0.0,0.0,0.0,0,2026-07-29T20:39:16.000Z
Sony Group Corp,sony-group-corp-derivatives,Bitrue,bitrue,SONY/USDT,perpetual,23.29256926,126727.07550301,0.0,0.0,0.0,0,2026-07-29T20:39:16.000Z
Sony Group Corp,sony-group-corp-derivatives,Hotcoin,hotcoin-global,SONY/USDT,perpetual,23.28258102,120936.57774468,0.0,0.0,0.0,0,2026-07-29T20:39:18.000Z
Sony Group Corp,sony-group-corp-derivatives,Toobit,toobit,SONY/USDT,perpetual,23.29265038,84083.56009252,0.0,0.0,0.0,0,2026-07-29T20:39:16.000Z
Sony Group Corp,sony-group-corp-derivatives,Zoomex,zoomex,SONY/USDT,perpetual,23.26268557,59199.20420951,0.0,0.0,0.0,0,2026-07-29T20:39:15.000Z
Sony Group Corp,sony-group-corp-derivatives,KCEX,kcex,SONY/USDT,perpetual,23.29265038,47257.91999176,0.0,0.0,0.0,0,2026-07-29T20:39:15.000Z
Sony Group Corp,sony-group-corp-derivatives,WEEX,weex,SONY/USDT,perpetual,23.28066446,25201.59224241,0.0,0.0,0.0,0,2026-07-29T20:39:17.000Z
Sony Group Corp,sony-group-corp-derivatives,ADEN,aden-decentralized-derivatives-exchange,SONY/USDT,perpetual,23.289212684755697,0.0,,,,0,2026-07-29T20:36:53.832Z
Sony Group Corp,sony-group-corp-derivatives,ADEN,aden-decentralized-derivatives-exchange,SONY/USDT,perpetual,23.289212684755697,0.0,,,,0,2026-07-29T20:36:53.832Z
Strategy Variable Rate Perpetual Stretch,strategy-variable-rate-perpetual-stretch-derivatives,Binance,binance,STRC/USDT,perpetual,87.81658186,1455392.17952085,0.0,0.0,0.0,0,2026-07-29T20:39:17.000Z
Strategy Variable Rate Perpetual Stretch,strategy-variable-rate-perpetual-stretch-derivatives,Aster,aster-pro,STRC/USDT,perpetual,87.97639366,792.33689597,0.0,0.0,0.0,0,2026-07-29T20:39:15.000Z
Strategy Variable Rate Perpetual Stretch,strategy-variable-rate-perpetual-stretch-derivatives,KuCoin,kucoin,STRC/USDT,perpetual,87.71936876,579097.28258324,0.0,0.0,0.0,0,2026-07-29T20:39:19.000Z
Strategy Variable Rate Perpetual Stretch,strategy-variable-rate-perpetual-stretch-derivatives,Hyperliquid,hyperliquid,xyz:STRC/USDC,perpetual,87.67118592,1584854.35096855,0.0,0.0,0.0,0,2026-07-29T20:39:26.000Z
Strategy Variable Rate Perpetual Stretch,strategy-variable-rate-perpetual-stretch-derivatives,HTX,htx,STRC/USDT,perpetual,87.40772628,380875.63754086,0.0,0.0,0.0,0,2026-07-29T20:39:17.000Z
Strategy Variable Rate Perpetual Stretch,strategy-variable-rate-perpetual-stretch-derivatives,OKX,okx,STRC/USDT,perpetual,87.81904384,163299.51201384,0.0,0.0,0.0,0,2026-07-29T20:37:29.000Z
Strategy Variable Rate Perpetual Stretch,strategy-variable-rate-perpetual-stretch-derivatives,Gate,gate,STRC/USDT,perpetual,87.68940314,18395.89631624,0.0,0.0,0.0,0,2026-07-29T20:39:19.000Z
Strategy Variable Rate Perpetual Stretch,strategy-variable-rate-perpetual-stretch-derivatives,Bitget,bitget,STRC/USDT,perpetual,87.78661715,69846.81934554,0.0,0.0,0.0,0,2026-07-29T20:39:15.000Z
Strategy Variable Rate Perpetual Stretch,strategy-variable-rate-perpetual-stretch-derivatives,Phemex,phemex,STRC/USDT,perpetual,87.83655834,102347.41057638,0.0,0.0,0.0,0,2026-07-29T20:39:16.000Z
Strategy Variable Rate Perpetual Stretch,strategy-variable-rate-perpetual-stretch-derivatives,BingX,bingx,STRC/USDT,perpetual,87.84548156,1225145.81905091,0.0,0.0,0.0,0,2026-07-29T20:39:17.000Z
Strategy Variable Rate Perpetual Stretch,strategy-variable-rate-perpetual-stretch-derivatives,XT.COM,xt,STRC/USDT,perpetual,87.77117615,766429.69364981,0.0,0.0,0.0,0,2026-07-29T20:36:41.000Z
Strategy Variable Rate Perpetual Stretch,strategy-variable-rate-perpetual-stretch-derivatives,CoinW,coinw,STRC/USDT,perpetual,87.85653481,2046627.71696142,0.0,0.0,0.0,0,2026-07-29T20:39:17.000Z
Strategy Variable Rate Perpetual Stretch,strategy-variable-rate-perpetual-stretch-derivatives,WEEX,weex,STRC/USDT,perpetual,87.80689945,1948540.12337303,0.0,0.0,0.0,0,2026-07-29T20:39:17.000Z
Strategy Variable Rate Perpetual Stretch,strategy-variable-rate-perpetual-stretch-derivatives,LBank,lbank,STRC/USDT,perpetual,87.83655834,908076.34696968,0.0,0.0,0.0,0,2026-07-29T20:39:16.000Z
Strategy Variable Rate Perpetual Stretch,strategy-variable-rate-perpetual-stretch-derivatives,Toobit,toobit,STRC/USDT,perpetual,87.83686426,524016.09816283,0.0,0.0,0.0,0,2026-07-29T20:39:16.000Z
Strategy Variable Rate Perpetual Stretch,strategy-variable-rate-perpetual-stretch-derivatives,Lighter,lighter,STRC/USDC,perpetual,87.87114092,275634.19025555,0.0,0.0,0.0,0,2026-07-29T20:39:15.000Z
Strategy Variable Rate Perpetual Stretch,strategy-variable-rate-perpetual-stretch-derivatives,Bitunix,bitunix,STRC/USDT,perpetual,87.86682908,97298.44472212,0.0,0.0,0.0,0,2026-07-29T20:39:16.000Z
Strategy Variable Rate Perpetual Stretch,strategy-variable-rate-perpetual-stretch-derivatives,KCEX,kcex,STRC/USDT,perpetual,87.84685253,95123.8988168,0.0,0.0,0.0,0,2026-07-29T20:39:15.000Z
Strategy Variable Rate Perpetual Stretch,strategy-variable-rate-perpetual-stretch-derivatives,Ourbit,ourbit,STRC/USDT,perpetual,87.81688772,86001.84679067,0.0,0.0,0.0,0,2026-07-29T20:39:17.000Z
Strategy Variable Rate Perpetual Stretch,strategy-variable-rate-perpetual-stretch-derivatives,YUBIT,yubit,STRC/USDT,perpetual,87.82687599,73423.42813943,0.0,0.0,0.0,0,2026-07-29T20:39:15.000Z
Strategy Variable Rate Perpetual Stretch,strategy-variable-rate-perpetual-stretch-derivatives,Hotcoin,hotcoin-global,STRC/USDT,perpetual,87.78661715,52466.21260311,0.0,0.0,0.0,0,2026-07-29T20:39:18.000Z
Strategy Variable Rate Perpetual Stretch,strategy-variable-rate-perpetual-stretch-derivatives,BTSE,btse,STRC/USDT,perpetual,87.79848945476552,122987.645,,,,0,2026-07-29T20:39:15.356Z
Strategy Variable Rate Perpetual Stretch,strategy-variable-rate-perpetual-stretch-derivatives,BTSE,btse,STRC/USDT,perpetual,87.79848945476552,122987.645,,,,0,2026-07-29T20:39:15.356Z
Strategy Variable Rate Perpetual Stretch,strategy-variable-rate-perpetual-stretch-derivatives,ADEN,aden-decentralized-derivatives-exchange,STRC/USDT,perpetual,87.79848945476552,0.0,,,,0,2026-07-29T20:36:53.832Z
Strategy Variable Rate Perpetual Stretch,strategy-variable-rate-perpetual-stretch-derivatives,ADEN,aden-decentralized-derivatives-exchange,STRC/USDT,perpetual,87.79848945476552,0.0,,,,0,2026-07-29T20:36:53.832Z
Strategy Variable Rate Perpetual Stretch,strategy-variable-rate-perpetual-stretch-derivatives,BitMart,bitmart,STRC/USDT,perpetual,87.79848945476552,0.0,,,,0,2026-07-29T20:39:16.067Z
Strategy Variable Rate Perpetual Stretch,strategy-variable-rate-perpetual-stretch-derivatives,BitMart,bitmart,STRC/USDT,perpetual,87.79848945476552,0.0,,,,0,2026-07-29T20:39:16.067Z
GraniteShares 2x Long MRVL Daily ETF,graniteshares-2x-long-mrvl-daily-etf-derivaties,Binance,binance,MVLL/USDT,perpetual,15.37189712,45300265.9054492,0.0,0.0,0.0,0,2026-07-29T20:39:17.000Z
GraniteShares 2x Long MRVL Daily ETF,graniteshares-2x-long-mrvl-daily-etf-derivaties,KuCoin,kucoin,MVLL/USDT,perpetual,15.34239927,1242879.24331109,0.0,0.0,0.0,0,2026-07-29T20:39:19.000Z
GraniteShares 2x Long MRVL Daily ETF,graniteshares-2x-long-mrvl-daily-etf-derivaties,Bybit,bybit,MVLL/USDT,perpetual,15.38188536,1616309.64394636,0.0,0.0,0.0,0,2026-07-29T20:39:16.000Z
GraniteShares 2x Long MRVL Daily ETF,graniteshares-2x-long-mrvl-daily-etf-derivaties,OKX,okx,MVLL/USDT,perpetual,15.14087006,1556299.75194296,0.0,0.0,0.0,0,2026-07-29T20:37:29.000Z
GraniteShares 2x Long MRVL Daily ETF,graniteshares-2x-long-mrvl-daily-etf-derivaties,Gate,gate,MVLL/USDT,perpetual,15.32242219,694829.89448761,0.0,0.0,0.0,0,2026-07-29T20:39:19.000Z
GraniteShares 2x Long MRVL Daily ETF,graniteshares-2x-long-mrvl-daily-etf-derivaties,HTX,htx,MVLL/USDT,perpetual,15.36237636,269527.33973245,0.0,0.0,0.0,0,2026-07-29T20:39:17.000Z
GraniteShares 2x Long MRVL Daily ETF,graniteshares-2x-long-mrvl-daily-etf-derivaties,Bitget,bitget,MVLL/USDT,perpetual,15.3918736,912620.24240258,0.0,0.0,0.0,0,2026-07-29T20:39:15.000Z
GraniteShares 2x Long MRVL Daily ETF,graniteshares-2x-long-mrvl-daily-etf-derivaties,Phemex,phemex,MVLL/USDT,perpetual,15.37189712,1477571.53316761,0.0,0.0,0.0,0,2026-07-29T20:39:16.000Z
GraniteShares 2x Long MRVL Daily ETF,graniteshares-2x-long-mrvl-daily-etf-derivaties,MEXC,mexc,MVLL/USDT,perpetual,15.37189712,531263.36011716,0.0,0.0,0.0,0,2026-07-29T20:39:16.000Z
GraniteShares 2x Long MRVL Daily ETF,graniteshares-2x-long-mrvl-daily-etf-derivaties,XT.COM,xt,MVLL/USDT,perpetual,15.27106604,31933835.70114049,0.0,0.0,0.0,0,2026-07-29T20:36:41.000Z
GraniteShares 2x Long MRVL Daily ETF,graniteshares-2x-long-mrvl-daily-etf-derivaties,BingX,bingx,MVLL/USDT,perpetual,15.37345874,1296840.75798571,0.0,0.0,0.0,0,2026-07-29T20:39:17.000Z
GraniteShares 2x Long MRVL Daily ETF,graniteshares-2x-long-mrvl-daily-etf-derivaties,Tapbit,tapbit,MVLL/USDT,perpetual,15.37189712,58522012.57665243,0.0,0.0,0.0,0,2026-07-29T20:39:15.000Z
GraniteShares 2x Long MRVL Daily ETF,graniteshares-2x-long-mrvl-daily-etf-derivaties,Ourbit,ourbit,MVLL/USDT,perpetual,15.37195066,22675637.43558586,0.0,0.0,0.0,0,2026-07-29T20:39:17.000Z
GraniteShares 2x Long MRVL Daily ETF,graniteshares-2x-long-mrvl-daily-etf-derivaties,LBank,lbank,MVLL/USDT,perpetual,15.35192065,17027362.30092046,0.0,0.0,0.0,0,2026-07-29T20:39:16.000Z
GraniteShares 2x Long MRVL Daily ETF,graniteshares-2x-long-mrvl-daily-etf-derivaties,Hotcoin,hotcoin-global,MVLL/USDT,perpetual,15.3918736,4765017.42622188,0.0,0.0,0.0,0,2026-07-29T20:39:18.000Z
GraniteShares 2x Long MRVL Daily ETF,graniteshares-2x-long-mrvl-daily-etf-derivaties,KCEX,kcex,MVLL/USDT,perpetual,15.38193893,2440977.70210385,0.0,0.0,0.0,0,2026-07-29T20:39:15.000Z
GraniteShares 2x Long MRVL Daily ETF,graniteshares-2x-long-mrvl-daily-etf-derivaties,WhiteBIT,whitebit,MVLL/USDT,perpetual,15.38188536,1385161.50103114,0.0,0.0,0.0,0,2026-07-29T20:39:15.000Z
GraniteShares 2x Long MRVL Daily ETF,graniteshares-2x-long-mrvl-daily-etf-derivaties,WEEX,weex,MVLL/USDT,perpetual,15.37195066,1339732.52126675,0.0,0.0,0.0,0,2026-07-29T20:39:17.000Z
GraniteShares 2x Long MRVL Daily ETF,graniteshares-2x-long-mrvl-daily-etf-derivaties,Zoomex,zoomex,MVLL/USDT,perpetual,15.38193893,484894.58200942,0.0,0.0,0.0,0,2026-07-29T20:39:15.000Z
GraniteShares 2x Long MRVL Daily ETF,graniteshares-2x-long-mrvl-daily-etf-derivaties,ADEN,aden-decentralized-derivatives-exchange,MVLL/USDT,perpetual,15.29095688,1539.48175293,0.0,0.0,0.0,0,2026-07-29T20:36:53.000Z
GraniteShares 2x Long MRVL Daily ETF,graniteshares-2x-long-mrvl-daily-etf-derivaties,BitMart,bitmart,MVLL/USDT,perpetual,22.41360438,0.0,0.0,0.0,0.0,0,2026-07-29T20:39:16.000Z
ProShares UltraPro QQQ,proshares-ultrapro-qqq-derivatives,Binance,binance,TQQQ/USDT,perpetual,57.67208186,47395241.40153101,0.0,0.0,0.0,0,2026-07-29T20:39:17.000Z
ProShares UltraPro QQQ,proshares-ultrapro-qqq-derivatives,Aster,aster-pro,TQQQ/USDT,perpetual,57.48230535,628601.59060809,0.0,0.0,0.0,0,2026-07-29T20:39:15.000Z
ProShares UltraPro QQQ,proshares-ultrapro-qqq-derivatives,KuCoin,kucoin,TQQQ/USDT,perpetual,57.5639629,928286.89853563,0.0,0.0,0.0,0,2026-07-29T20:39:19.000Z
ProShares UltraPro QQQ,proshares-ultrapro-qqq-derivatives,OKX,okx,TQQQ/USDT,perpetual,57.14779584,3119189.55959054,0.0,0.0,0.0,0,2026-07-29T20:37:29.000Z
ProShares UltraPro QQQ,proshares-ultrapro-qqq-derivatives,Bybit,bybit,TQQQ/USDT,perpetual,57.72202304,1154029.73003535,0.0,0.0,0.0,0,2026-07-29T20:39:16.000Z
ProShares UltraPro QQQ,proshares-ultrapro-qqq-derivatives,HTX,htx,TQQQ/USDT,perpetual,58.05340142,22148.02968689,0.0,0.0,0.0,0,2026-07-29T20:39:17.000Z
ProShares UltraPro QQQ,proshares-ultrapro-qqq-derivatives,Bitget,bitget,TQQQ/USDT,perpetual,57.70204657,2013499.87052439,0.0,0.0,0.0,0,2026-07-29T20:39:15.000Z
ProShares UltraPro QQQ,proshares-ultrapro-qqq-derivatives,MEXC,mexc,TQQQ/USDT,perpetual,57.64211714,1554650.27376367,0.0,0.0,0.0,0,2026-07-29T20:39:16.000Z
ProShares UltraPro QQQ,proshares-ultrapro-qqq-derivatives,Phemex,phemex,TQQQ/USDT,perpetual,57.66209362,1259239.13235652,0.0,0.0,0.0,0,2026-07-29T20:39:16.000Z
ProShares UltraPro QQQ,proshares-ultrapro-qqq-derivatives,XT.COM,xt,TQQQ/USDT,perpetual,57.4188088,37971194.55172288,0.0,0.0,0.0,0,2026-07-29T20:36:41.000Z
ProShares UltraPro QQQ,proshares-ultrapro-qqq-derivatives,BingX,bingx,TQQQ/USDT,perpetual,57.6579622,1271963.30519183,0.0,0.0,0.0,0,2026-07-29T20:39:17.000Z
ProShares UltraPro QQQ,proshares-ultrapro-qqq-derivatives,Tapbit,tapbit,TQQQ/USDT,perpetual,57.66209362,38718241.45170306,0.0,0.0,0.0,0,2026-07-29T20:39:15.000Z
ProShares UltraPro QQQ,proshares-ultrapro-qqq-derivatives,CoinW,coinw,TQQQ/USDT,perpetual,57.64211714,30081406.12008255,0.0,0.0,0.0,0,2026-07-29T20:39:17.000Z
ProShares UltraPro QQQ,proshares-ultrapro-qqq-derivatives,LBank,lbank,TQQQ/USDT,perpetual,57.65210538,21697407.04893347,0.0,0.0,0.0,0,2026-07-29T20:39:16.000Z
ProShares UltraPro QQQ,proshares-ultrapro-qqq-derivatives,Ourbit,ourbit,TQQQ/USDT,perpetual,57.6423179,4682236.01916322,0.0,0.0,0.0,0,2026-07-29T20:39:17.000Z
ProShares UltraPro QQQ,proshares-ultrapro-qqq-derivatives,Hotcoin,hotcoin-global,TQQQ/USDT,perpetual,57.67208186,4579417.99937361,0.0,0.0,0.0,0,2026-07-29T20:39:18.000Z
ProShares UltraPro QQQ,proshares-ultrapro-qqq-derivatives,WhiteBIT,whitebit,TQQQ/USDT,perpetual,57.74199952,4028649.96814118,0.0,0.0,0.0,0,2026-07-29T20:39:15.000Z
ProShares UltraPro QQQ,proshares-ultrapro-qqq-derivatives,Bitrue,bitrue,TQQQ/USDT,perpetual,57.65210538,2604419.88961852,0.0,0.0,0.0,0,2026-07-29T20:39:16.000Z
ProShares UltraPro QQQ,proshares-ultrapro-qqq-derivatives,Bitunix,bitunix,TQQQ/USDT,perpetual,57.5724,1990728.65870309,0.0,0.0,0.0,0,2026-07-29T20:39:16.000Z
ProShares UltraPro QQQ,proshares-ultrapro-qqq-derivatives,KCEX,kcex,TQQQ/USDT,perpetual,57.68227099,1777345.63844015,0.0,0.0,0.0,0,2026-07-29T20:39:15.000Z
ProShares UltraPro QQQ,proshares-ultrapro-qqq-derivatives,WEEX,weex,TQQQ/USDT,perpetual,57.6423179,420036.75707372,0.0,0.0,0.0,0,2026-07-29T20:39:17.000Z
ProShares UltraPro QQQ,proshares-ultrapro-qqq-derivatives,Zoomex,zoomex,TQQQ/USDT,perpetual,57.72222408,346210.12481598,0.0,0.0,0.0,0,2026-07-29T20:39:15.000Z
ProShares UltraPro QQQ,proshares-ultrapro-qqq-derivatives,YUBIT,yubit,TQQQ/USDT,perpetual,57.69225926,86530.66796274,0.0,0.0,0.0,0,2026-07-29T20:39:15.000Z
ProShares UltraPro QQQ,proshares-ultrapro-qqq-derivatives,BitMart,bitmart,TQQQ/USDT,perpetual,64.0945184,0.0,0.0,0.0,0.0,0,2026-07-29T20:39:16.000Z
ProShares UltraPro QQQ,proshares-ultrapro-qqq-derivatives,ADEN,aden-decentralized-derivatives-exchange,TQQQ/USDT,perpetual,57.41764749337041,0.0,,,,0,2026-07-29T20:36:53.832Z
ProShares UltraPro QQQ,proshares-ultrapro-qqq-derivatives,ADEN,aden-decentralized-derivatives-exchange,TQQQ/USDT,perpetual,57.41764749337041,0.0,,,,0,2026-07-29T20:36:53.832Z
ProShares UltraPro Short QQQ,proshares-ultrapro-short-qqq-derivatives,Binance,binance,SQQQ/USDT,perpetual,49.56163321,12914200.40715315,0.0,0.0,0.0,0,2026-07-29T20:39:17.000Z
ProShares UltraPro Short QQQ,proshares-ultrapro-short-qqq-derivatives,KuCoin,kucoin,SQQQ/USDT,perpetual,49.57312994,1296249.45765794,0.0,0.0,0.0,0,2026-07-29T20:39:19.000Z
ProShares UltraPro Short QQQ,proshares-ultrapro-short-qqq-derivatives,OKX,okx,SQQQ/USDT,perpetual,50.01680559,3203466.36092137,0.0,0.0,0.0,0,2026-07-29T20:37:29.000Z
ProShares UltraPro Short QQQ,proshares-ultrapro-short-qqq-derivatives,Bybit,bybit,SQQQ/USDT,perpetual,49.52168026,476345.56574556,0.0,0.0,0.0,0,2026-07-29T20:39:16.000Z
ProShares UltraPro Short QQQ,proshares-ultrapro-short-qqq-derivatives,Gate,gate,SQQQ/USDT,perpetual,49.53317578,246449.27457778,0.0,0.0,0.0,0,2026-07-29T20:39:19.000Z
ProShares UltraPro Short QQQ,proshares-ultrapro-short-qqq-derivatives,HTX,htx,SQQQ/USDT,perpetual,50.03260284,2454.84621223,0.0,0.0,0.0,0,2026-07-29T20:39:17.000Z
ProShares UltraPro Short QQQ,proshares-ultrapro-short-qqq-derivatives,Bitget,bitget,SQQQ/USDT,perpetual,49.58160969,1948809.50592472,0.0,0.0,0.0,0,2026-07-29T20:39:15.000Z
ProShares UltraPro Short QQQ,proshares-ultrapro-short-qqq-derivatives,Phemex,phemex,SQQQ/USDT,perpetual,49.54165674,688676.263926,0.0,0.0,0.0,0,2026-07-29T20:39:16.000Z
ProShares UltraPro Short QQQ,proshares-ultrapro-short-qqq-derivatives,MEXC,mexc,SQQQ/USDT,perpetual,49.59159792,560994.76251288,0.0,0.0,0.0,0,2026-07-29T20:39:16.000Z
ProShares UltraPro Short QQQ,proshares-ultrapro-short-qqq-derivatives,XT.COM,xt,SQQQ/USDT,perpetual,49.74831912,7847768.35687887,0.0,0.0,0.0,0,2026-07-29T20:36:41.000Z
ProShares UltraPro Short QQQ,proshares-ultrapro-short-qqq-derivatives,BingX,bingx,SQQQ/USDT,perpetual,49.54668962,1226346.86676861,0.0,0.0,0.0,0,2026-07-29T20:39:17.000Z
ProShares UltraPro Short QQQ,proshares-ultrapro-short-qqq-derivatives,Tapbit,tapbit,SQQQ/USDT,perpetual,49.55164497,15433965.82014224,0.0,0.0,0.0,0,2026-07-29T20:39:15.000Z
ProShares UltraPro Short QQQ,proshares-ultrapro-short-qqq-derivatives,LBank,lbank,SQQQ/USDT,perpetual,49.56163321,5974487.38298078,0.0,0.0,0.0,0,2026-07-29T20:39:16.000Z
ProShares UltraPro Short QQQ,proshares-ultrapro-short-qqq-derivatives,Ourbit,ourbit,SQQQ/USDT,perpetual,49.58178237,4791922.77006165,0.0,0.0,0.0,0,2026-07-29T20:39:17.000Z
ProShares UltraPro Short QQQ,proshares-ultrapro-short-qqq-derivatives,WEEX,weex,SQQQ/USDT,perpetual,49.58178237,2669229.9822724,0.0,0.0,0.0,0,2026-07-29T20:39:17.000Z
ProShares UltraPro Short QQQ,proshares-ultrapro-short-qqq-derivatives,Bitrue,bitrue,SQQQ/USDT,perpetual,49.55164497,1834977.4455591,0.0,0.0,0.0,0,2026-07-29T20:39:16.000Z
ProShares UltraPro Short QQQ,proshares-ultrapro-short-qqq-derivatives,WhiteBIT,whitebit,SQQQ/USDT,perpetual,49.60158616,1720949.81193243,0.0,0.0,0.0,0,2026-07-29T20:39:15.000Z
ProShares UltraPro Short QQQ,proshares-ultrapro-short-qqq-derivatives,Hotcoin,hotcoin-global,SQQQ/USDT,perpetual,49.56163321,1513699.3757271,0.0,0.0,0.0,0,2026-07-29T20:39:18.000Z
ProShares UltraPro Short QQQ,proshares-ultrapro-short-qqq-derivatives,BitMart,bitmart,SQQQ/USDT,perpetual,49.66151558,1454501.44480412,0.0,0.0,0.0,0,2026-07-29T20:39:16.000Z
ProShares UltraPro Short QQQ,proshares-ultrapro-short-qqq-derivatives,Bitunix,bitunix,SQQQ/USDT,perpetual,49.64171201,673395.27695511,0.0,0.0,0.0,0,2026-07-29T20:39:16.000Z
ProShares UltraPro Short QQQ,proshares-ultrapro-short-qqq-derivatives,KCEX,kcex,SQQQ/USDT,perpetual,49.56180583,658766.870246,0.0,0.0,0.0,0,2026-07-29T20:39:15.000Z
ProShares UltraPro Short QQQ,proshares-ultrapro-short-qqq-derivatives,Zoomex,zoomex,SQQQ/USDT,perpetual,49.52185274,142904.16744052,0.0,0.0,0.0,0,2026-07-29T20:39:15.000Z
ProShares UltraPro Short QQQ,proshares-ultrapro-short-qqq-derivatives,YUBIT,yubit,SQQQ/USDT,perpetual,49.60175892,91140.91473209,0.0,0.0,0.0,0,2026-07-29T20:39:15.000Z
ProShares UltraPro Short QQQ,proshares-ultrapro-short-qqq-derivatives,ADEN,aden-decentralized-derivatives-exchange,SQQQ/USDT,perpetual,49.65815649,0.0,0.0,0.0,0.0,0,2026-07-29T20:36:53.000Z
SoftBank Group Corp,softbank-group-corp-derivatives,Hyperliquid,hyperliquid,xyz:SOFTBANK/USDC,perpetual,28.81281682,269293.68538496,0.0,0.0,0.0,0,2026-07-29T20:39:26.000Z
SoftBank Group Corp,softbank-group-corp-derivatives,OKX,okx,SOFTBANK/USDT,perpetual,28.80360769,22435.13003028,0.0,0.0,0.0,0,2026-07-29T20:37:29.000Z
Wendy's Co,wendys-co-derivatives,Binance,binance,WEN/USDT,perpetual,7.62102502,630362.60642895,0.0,0.0,0.0,0,2026-07-29T20:39:17.000Z
Wendy's Co,wendys-co-derivatives,OKX,okx,WEN/USDT,perpetual,7.62636437,221972.96124759,0.0,0.0,0.0,0,2026-07-29T20:37:29.000Z
Wendy's Co,wendys-co-derivatives,Gate,gate,WEN/USDT,perpetual,7.63124547,9715.85401901,0.0,0.0,0.0,0,2026-07-29T20:39:19.000Z
Wendy's Co,wendys-co-derivatives,Bitget,bitget,WEN/USDT,perpetual,7.63201208,114397.89230758,0.0,0.0,0.0,0,2026-07-29T20:39:15.000Z
Wendy's Co,wendys-co-derivatives,XT.COM,xt,WEN/USDT,perpetual,7.62055159,814641.97913282,0.0,0.0,0.0,0,2026-07-29T20:36:41.000Z
Wendy's Co,wendys-co-derivatives,LBank,lbank,WEN/USDT,perpetual,7.62102502,1193294.25724459,0.0,0.0,0.0,0,2026-07-29T20:39:16.000Z
Wendy's Co,wendys-co-derivatives,CoinW,coinw,WEN/USDT,perpetual,7.63101326,1078435.38902023,0.0,0.0,0.0,0,2026-07-29T20:39:17.000Z
Wendy's Co,wendys-co-derivatives,Bitunix,bitunix,WEN/USDT,perpetual,7.63103983,86052.0998848,0.0,0.0,0.0,0,2026-07-29T20:39:16.000Z
Wendy's Co,wendys-co-derivatives,Toobit,toobit,WEN/USDT,perpetual,7.64102811,79448.13258972,0.0,0.0,0.0,0,2026-07-29T20:39:16.000Z
Wendy's Co,wendys-co-derivatives,YUBIT,yubit,WEN/USDT,perpetual,7.62105156,73838.3010066,0.0,0.0,0.0,0,2026-07-29T20:39:15.000Z
Wendy's Co,wendys-co-derivatives,KCEX,kcex,WEN/USDT,perpetual,7.62105156,66751.4222335,0.0,0.0,0.0,0,2026-07-29T20:39:15.000Z
Wendy's Co,wendys-co-derivatives,Hotcoin,hotcoin-global,WEN/USDT,perpetual,7.63800502,62543.34516009,0.0,0.0,0.0,0,2026-07-29T20:39:18.000Z
Wendy's Co,wendys-co-derivatives,Lighter,lighter,WEN/USDC,perpetual,7.50516005,99.59347386,0.0,0.0,0.0,0,2026-07-29T20:39:15.000Z
Wendy's Co,wendys-co-derivatives,BitMart,bitmart,WEN/USDT,perpetual,7.0516955,0.0,0.0,0.0,0.0,0,2026-07-29T20:39:16.000Z
Wendy's Co,wendys-co-derivatives,WEEX,weex,WEN/USDT,perpetual,7.63366383823988,1248105.81,,,,0,2026-07-29T20:39:17.926Z
Wendy's Co,wendys-co-derivatives,WEEX,weex,WEN/USDT,perpetual,7.63366383823988,1248105.81,,,,0,2026-07-29T20:39:17.926Z
Tower Semiconductor Ltd,tower-semiconductor-ltd-derivatives,Bybit,bybit,TSEM/USDT,perpetual,185.88109514,1172229.08467056,0.0,0.0,0.0,0,2026-07-29T20:39:16.000Z
Tower Semiconductor Ltd,tower-semiconductor-ltd-derivatives,OKX,okx,TSEM/USDT,perpetual,185.96503994,182002.12494355,0.0,0.0,0.0,0,2026-07-29T20:37:29.000Z
Tower Semiconductor Ltd,tower-semiconductor-ltd-derivatives,Gate,gate,TSEM/USDT,perpetual,184.79800062,177533.33461258,0.0,0.0,0.0,0,2026-07-29T20:39:19.000Z
Tower Semiconductor Ltd,tower-semiconductor-ltd-derivatives,HTX,htx,TSEM/USDT,perpetual,187.30512446,39503.22708792,0.0,0.0,0.0,0,2026-07-29T20:39:17.000Z
Tower Semiconductor Ltd,tower-semiconductor-ltd-derivatives,Bitget,bitget,TSEM/USDT,perpetual,185.2818009,349557.13579727,0.0,0.0,0.0,0,2026-07-29T20:39:15.000Z
Tower Semiconductor Ltd,tower-semiconductor-ltd-derivatives,XT.COM,xt,TSEM/USDT,perpetual,186.18915178,112810.82193178,0.0,0.0,0.0,0,2026-07-29T20:36:41.000Z
Tower Semiconductor Ltd,tower-semiconductor-ltd-derivatives,LBank,lbank,TSEM/USDT,perpetual,185.13197735,982928.51910792,0.0,0.0,0.0,0,2026-07-29T20:39:16.000Z
Tower Semiconductor Ltd,tower-semiconductor-ltd-derivatives,Zoomex,zoomex,TSEM/USDT,perpetual,185.88174254,351669.95022241,0.0,0.0,0.0,0,2026-07-29T20:39:15.000Z
Tower Semiconductor Ltd,tower-semiconductor-ltd-derivatives,Hotcoin,hotcoin-global,TSEM/USDT,perpetual,186.64020117,107526.37041888,0.0,0.0,0.0,0,2026-07-29T20:39:18.000Z
Tower Semiconductor Ltd,tower-semiconductor-ltd-derivatives,WEEX,weex,TSEM/USDT,perpetual,185.47222339,106891.47873359,0.0,0.0,0.0,0,2026-07-29T20:39:17.000Z
Tower Semiconductor Ltd,tower-semiconductor-ltd-derivatives,KCEX,kcex,TSEM/USDT,perpetual,186.28127342,15272.73665382,0.0,0.0,0.0,0,2026-07-29T20:39:15.000Z
Tower Semiconductor Ltd,tower-semiconductor-ltd-derivatives,ADEN,aden-decentralized-derivatives-exchange,TSEM/USDT,perpetual,185.22931824,2364.66628073,0.0,0.0,0.0,0,2026-07-29T20:36:53.000Z
Tower Semiconductor Ltd,tower-semiconductor-ltd-derivatives,BitMart,bitmart,TSEM/USDT,perpetual,232.43626894,0.0,0.0,0.0,0.0,0,2026-07-29T20:39:16.000Z
Kioxia Holdings Corp,kioxia-holdings-corp-derivatives,KuCoin,kucoin,KIOXIA/USDT,perpetual,237.41763563,954390.91653177,0.0,0.0,0.0,0,2026-07-29T20:39:19.000Z
Kioxia Holdings Corp,kioxia-holdings-corp-derivatives,Hyperliquid,hyperliquid,xyz:KIOXIA/USDC,perpetual,236.09933352,17413340.25890849,0.0,0.0,0.0,0,2026-07-29T20:39:26.000Z
Kioxia Holdings Corp,kioxia-holdings-corp-derivatives,OKX,okx,KIOXIA/USDT,perpetual,235.85200958,1892752.47168498,0.0,0.0,0.0,0,2026-07-29T20:37:29.000Z
Kioxia Holdings Corp,kioxia-holdings-corp-derivatives,HTX,htx,KIOXIA/USDT,perpetual,236.80833462,3884.45297423,0.0,0.0,0.0,0,2026-07-29T20:39:17.000Z
Kioxia Holdings Corp,kioxia-holdings-corp-derivatives,Bitget,bitget,KIOXIA/USDT,perpetual,236.72122272,2891045.31793474,0.0,0.0,0.0,0,2026-07-29T20:39:15.000Z
Kioxia Holdings Corp,kioxia-holdings-corp-derivatives,Crypto.com Exchange,crypto-com-exchange,KIOXIA/USD,perpetual,250.70408819,437.56912507,0.0,0.0,0.0,0,2026-07-29T12:30:18.000Z
Kioxia Holdings Corp,kioxia-holdings-corp-derivatives,BingX,bingx,KIOXIA/USDT,perpetual,237.05493778,1474573.61409886,0.0,0.0,0.0,0,2026-07-29T20:39:17.000Z
Kioxia Holdings Corp,kioxia-holdings-corp-derivatives,XT.COM,xt,KIOXIA/USDT,perpetual,236.74646785,1123017.3581658,0.0,0.0,0.0,0,2026-07-29T20:36:41.000Z
Kioxia Holdings Corp,kioxia-holdings-corp-derivatives,CoinW,coinw,KIOXIA/USDT,perpetual,243.44330638,6322599.91253405,0.0,0.0,0.0,0,2026-07-29T20:39:17.000Z
Kioxia Holdings Corp,kioxia-holdings-corp-derivatives,LBank,lbank,KIOXIA/USDT,perpetual,236.06199906,1645447.74265251,0.0,0.0,0.0,0,2026-07-29T20:39:16.000Z
Kioxia Holdings Corp,kioxia-holdings-corp-derivatives,BitMart,bitmart,KIOXIA/USDT,perpetual,235.96211669,1596510.56204709,0.0,0.0,0.0,0,2026-07-29T20:39:16.000Z
Kioxia Holdings Corp,kioxia-holdings-corp-derivatives,Hotcoin,hotcoin-global,KIOXIA/USDT,perpetual,236.84108157,558109.73609512,0.0,0.0,0.0,0,2026-07-29T20:39:18.000Z
Kioxia Holdings Corp,kioxia-holdings-corp-derivatives,KCEX,kcex,KIOXIA/USDT,perpetual,236.67210583,127172.49779376,0.0,0.0,0.0,0,2026-07-29T20:39:15.000Z
Kioxia Holdings Corp,kioxia-holdings-corp-derivatives,WEEX,weex,KIOXIA/USDT,perpetual,236.06282124,11882.78724337,0.0,0.0,0.0,0,2026-07-29T20:39:17.000Z
RoboStrategy Inc,robostrategy-inc-derivatives,Binance,binance,BOT/USDT,perpetual,27.36777005,10479257.62168879,0.0,0.0,0.0,0,2026-07-29T20:39:17.000Z
RoboStrategy Inc,robostrategy-inc-derivatives,KuCoin,kucoin,BOT/USDT,perpetual,27.33863725,1511779.49783268,0.0,0.0,0.0,0,2026-07-29T20:39:19.000Z
RoboStrategy Inc,robostrategy-inc-derivatives,OKX,okx,BOT/USDT,perpetual,27.0358412,5247143.09579638,0.0,0.0,0.0,0,2026-07-29T20:37:29.000Z
RoboStrategy Inc,robostrategy-inc-derivatives,Bybit,bybit,BOT/USDT,perpetual,27.34779358,4729215.02490303,0.0,0.0,0.0,0,2026-07-29T20:39:16.000Z
RoboStrategy Inc,robostrategy-inc-derivatives,Hyperliquid,hyperliquid,xyz:BOT/USDC,perpetual,27.34213243,2657815.31535722,0.0,0.0,0.0,0,2026-07-29T20:39:26.000Z
RoboStrategy Inc,robostrategy-inc-derivatives,Gate,gate,BOT/USDT,perpetual,27.38857995,852551.95649681,0.0,0.0,0.0,0,2026-07-29T20:39:19.000Z
RoboStrategy Inc,robostrategy-inc-derivatives,HTX,htx,BOT/USDT,perpetual,27.34363152,23108.70380616,0.0,0.0,0.0,0,2026-07-29T20:39:17.000Z
RoboStrategy Inc,robostrategy-inc-derivatives,Bitget,bitget,BOT/USDT,perpetual,27.35778182,1772570.91229103,0.0,0.0,0.0,0,2026-07-29T20:39:15.000Z
RoboStrategy Inc,robostrategy-inc-derivatives,XT.COM,xt,BOT/USDT,perpetual,27.30614424,1020248.64094409,0.0,0.0,0.0,0,2026-07-29T20:36:41.000Z
RoboStrategy Inc,robostrategy-inc-derivatives,LBank,lbank,BOT/USDT,perpetual,27.36777005,5520778.05622607,0.0,0.0,0.0,0,2026-07-29T20:39:16.000Z
RoboStrategy Inc,robostrategy-inc-derivatives,CoinW,coinw,BOT/USDT,perpetual,27.35778182,4613640.6067537,0.0,0.0,0.0,0,2026-07-29T20:39:17.000Z
RoboStrategy Inc,robostrategy-inc-derivatives,Zoomex,zoomex,BOT/USDT,perpetual,27.34788883,1418769.44886258,0.0,0.0,0.0,0,2026-07-29T20:39:15.000Z
RoboStrategy Inc,robostrategy-inc-derivatives,Toobit,toobit,BOT/USDT,perpetual,27.37785364,928638.60144844,0.0,0.0,0.0,0,2026-07-29T20:39:16.000Z
RoboStrategy Inc,robostrategy-inc-derivatives,Hotcoin,hotcoin-global,BOT/USDT,perpetual,27.34779358,848449.8139945,0.0,0.0,0.0,0,2026-07-29T20:39:18.000Z
RoboStrategy Inc,robostrategy-inc-derivatives,Bitrue,bitrue,BOT/USDT,perpetual,27.35778182,723718.15236098,0.0,0.0,0.0,0,2026-07-29T20:39:16.000Z
RoboStrategy Inc,robostrategy-inc-derivatives,Bitunix,bitunix,BOT/USDT,perpetual,27.32791228,564024.60712259,0.0,0.0,0.0,0,2026-07-29T20:39:16.000Z
RoboStrategy Inc,robostrategy-inc-derivatives,YUBIT,yubit,BOT/USDT,perpetual,27.3578771,387431.28835858,0.0,0.0,0.0,0,2026-07-29T20:39:15.000Z
RoboStrategy Inc,robostrategy-inc-derivatives,MGBX,mgbx,BOT/USDT,perpetual,26.60223196,278597.34004672,0.0,0.0,0.0,0,2026-07-29T15:15:16.000Z
RoboStrategy Inc,robostrategy-inc-derivatives,Lighter,lighter,BOT/USDC,perpetual,26.69487828,183225.16875104,0.0,0.0,0.0,0,2026-07-29T20:39:15.000Z
RoboStrategy Inc,robostrategy-inc-derivatives,BitMart,bitmart,BOT/USDT,perpetual,27.26344851162337,0.0,,,,0,2026-07-29T20:39:16.067Z
RoboStrategy Inc,robostrategy-inc-derivatives,BitMart,bitmart,BOT/USDT,perpetual,27.26344851162337,0.0,,,,0,2026-07-29T20:39:16.067Z
Direxion Daily MU Bull 2X ETF,direxion-daily-mu-bull-2x-etf-derivatives,Binance,binance,MUU/USDT,perpetual,18.93769782,296906059.13598955,0.0,0.0,0.0,0,2026-07-29T20:39:17.000Z
Direxion Daily MU Bull 2X ETF,direxion-daily-mu-bull-2x-etf-derivatives,KuCoin,kucoin,MUU/USDT,perpetual,18.92828556,1353483.77392565,0.0,0.0,0.0,0,2026-07-29T20:39:19.000Z
Direxion Daily MU Bull 2X ETF,direxion-daily-mu-bull-2x-etf-derivatives,Bybit,bybit,MUU/USDT,perpetual,18.97765077,9447428.70345934,0.0,0.0,0.0,0,2026-07-29T20:39:16.000Z
Direxion Daily MU Bull 2X ETF,direxion-daily-mu-bull-2x-etf-derivatives,OKX,okx,MUU/USDT,perpetual,18.7563021,8118620.90955626,0.0,0.0,0.0,0,2026-07-29T20:37:29.000Z
Direxion Daily MU Bull 2X ETF,direxion-daily-mu-bull-2x-etf-derivatives,Gate,gate,MUU/USDT,perpetual,18.98821681,1811863.43897899,0.0,0.0,0.0,0,2026-07-29T20:39:19.000Z
Direxion Daily MU Bull 2X ETF,direxion-daily-mu-bull-2x-etf-derivatives,HTX,htx,MUU/USDT,perpetual,18.79843453,1806.93709046,0.0,0.0,0.0,0,2026-07-29T20:39:17.000Z
Direxion Daily MU Bull 2X ETF,direxion-daily-mu-bull-2x-etf-derivatives,Bitget,bitget,MUU/USDT,perpetual,18.94668723,8569811.84030251,0.0,0.0,0.0,0,2026-07-29T20:39:15.000Z
Direxion Daily MU Bull 2X ETF,direxion-daily-mu-bull-2x-etf-derivatives,MEXC,mexc,MUU/USDT,perpetual,18.94768605,2255167.05146188,0.0,0.0,0.0,0,2026-07-29T20:39:16.000Z
Direxion Daily MU Bull 2X ETF,direxion-daily-mu-bull-2x-etf-derivatives,XT.COM,xt,MUU/USDT,perpetual,18.75674429,20784500.27250292,0.0,0.0,0.0,0,2026-07-29T20:36:41.000Z
Direxion Daily MU Bull 2X ETF,direxion-daily-mu-bull-2x-etf-derivatives,BingX,bingx,MUU/USDT,perpetual,18.93962168,1331079.80805207,0.0,0.0,0.0,0,2026-07-29T20:39:17.000Z
Direxion Daily MU Bull 2X ETF,direxion-daily-mu-bull-2x-etf-derivatives,LBank,lbank,MUU/USDT,perpetual,18.94768605,126862408.49865927,0.0,0.0,0.0,0,2026-07-29T20:39:16.000Z
Direxion Daily MU Bull 2X ETF,direxion-daily-mu-bull-2x-etf-derivatives,Ourbit,ourbit,MUU/USDT,perpetual,18.95774032,56792594.2037616,0.0,0.0,0.0,0,2026-07-29T20:39:17.000Z
Direxion Daily MU Bull 2X ETF,direxion-daily-mu-bull-2x-etf-derivatives,Toobit,toobit,MUU/USDT,perpetual,18.95774032,22546886.22117968,0.0,0.0,0.0,0,2026-07-29T20:39:16.000Z
Direxion Daily MU Bull 2X ETF,direxion-daily-mu-bull-2x-etf-derivatives,KCEX,kcex,MUU/USDT,perpetual,18.93776378,10204581.10612771,0.0,0.0,0.0,0,2026-07-29T20:39:15.000Z
Direxion Daily MU Bull 2X ETF,direxion-daily-mu-bull-2x-etf-derivatives,Bitunix,bitunix,MUU/USDT,perpetual,18.82789278,10063528.26946323,0.0,0.0,0.0,0,2026-07-29T20:39:16.000Z
Direxion Daily MU Bull 2X ETF,direxion-daily-mu-bull-2x-etf-derivatives,MGBX,mgbx,MUU/USDT,perpetual,22.4181722,5606232.45090076,0.0,0.0,0.0,0,2026-07-29T15:15:16.000Z
Direxion Daily MU Bull 2X ETF,direxion-daily-mu-bull-2x-etf-derivatives,Zoomex,zoomex,MUU/USDT,perpetual,18.97771686,2834238.48232621,0.0,0.0,0.0,0,2026-07-29T20:39:15.000Z
Direxion Daily MU Bull 2X ETF,direxion-daily-mu-bull-2x-etf-derivatives,Hotcoin,hotcoin-global,MUU/USDT,perpetual,18.92770958,2105574.3478306,0.0,0.0,0.0,0,2026-07-29T20:39:18.000Z
Direxion Daily MU Bull 2X ETF,direxion-daily-mu-bull-2x-etf-derivatives,BitMart,bitmart,MUU/USDT,perpetual,18.80785073,734705.39632552,0.0,0.0,0.0,0,2026-07-29T20:39:16.000Z
Direxion Daily MU Bull 2X ETF,direxion-daily-mu-bull-2x-etf-derivatives,ADEN,aden-decentralized-derivatives-exchange,MUU/USDT,perpetual,18.85651638,55841.37643255,0.0,0.0,0.0,0,2026-07-29T20:36:53.000Z
Roundhill T-REX 2X Long DRAM Daily Target ETF,roundhill-t-rex-2x-long-dram-daily-target-etf-derivatives,KuCoin,kucoin,RAM/USDT,perpetual,8.24054648,1454578.67833764,0.0,0.0,0.0,0,2026-07-29T20:39:19.000Z
Roundhill T-REX 2X Long DRAM Daily Target ETF,roundhill-t-rex-2x-long-dram-daily-target-etf-derivatives,OKX,okx,RAM/USDT,perpetual,8.13971577,1781829.36349242,0.0,0.0,0.0,0,2026-07-29T20:37:29.000Z
Roundhill T-REX 2X Long DRAM Daily Target ETF,roundhill-t-rex-2x-long-dram-daily-target-etf-derivatives,HTX,htx,RAM/USDT,perpetual,8.21257857,1748.85312411,0.0,0.0,0.0,0,2026-07-29T20:39:17.000Z
Roundhill T-REX 2X Long DRAM Daily Target ETF,roundhill-t-rex-2x-long-dram-daily-target-etf-derivatives,Bitget,bitget,RAM/USDT,perpetual,8.26226985,3650456.76532476,0.0,0.0,0.0,0,2026-07-29T20:39:15.000Z
Roundhill T-REX 2X Long DRAM Daily Target ETF,roundhill-t-rex-2x-long-dram-daily-target-etf-derivatives,MEXC,mexc,RAM/USDT,perpetual,8.33018986,230602.4016133,0.0,0.0,0.0,0,2026-07-29T20:39:16.000Z
Roundhill T-REX 2X Long DRAM Daily Target ETF,roundhill-t-rex-2x-long-dram-daily-target-etf-derivatives,LBank,lbank,RAM/USDT,perpetual,8.2392969,1965638.47992335,0.0,0.0,0.0,0,2026-07-29T20:39:16.000Z
Roundhill T-REX 2X Long DRAM Daily Target ETF,roundhill-t-rex-2x-long-dram-daily-target-etf-derivatives,Hotcoin,hotcoin-global,RAM/USDT,perpetual,8.27026044,557417.55125401,0.0,0.0,0.0,0,2026-07-29T20:39:18.000Z
Roundhill T-REX 2X Long DRAM Daily Target ETF,roundhill-t-rex-2x-long-dram-daily-target-etf-derivatives,Toobit,toobit,RAM/USDT,perpetual,8.25530684,182468.00085662,0.0,0.0,0.0,0,2026-07-29T20:39:16.000Z
Roundhill T-REX 2X Long DRAM Daily Target ETF,roundhill-t-rex-2x-long-dram-daily-target-etf-derivatives,KCEX,kcex,RAM/USDT,perpetual,8.27028924,156625.78811397,0.0,0.0,0.0,0,2026-07-29T20:39:15.000Z
Roundhill T-REX 2X Long DRAM Daily Target ETF,roundhill-t-rex-2x-long-dram-daily-target-etf-derivatives,WEEX,weex,RAM/USDT,perpetual,8.29625875,125355.99398482,0.0,0.0,0.0,0,2026-07-29T20:39:17.000Z
Roundhill T-REX 2X Long DRAM Daily Target ETF,roundhill-t-rex-2x-long-dram-daily-target-etf-derivatives,BitMart,bitmart,RAM/USDT,perpetual,12.28553181,0.0,0.0,0.0,0.0,0,2026-07-29T20:39:16.000Z
Bending Spoons SpA,bending-spoons-spa-derivatives,Binance,binance,BSP/USDT,perpetual,32.62158284,501958.07749693,0.0,0.0,0.0,0,2026-07-29T20:39:17.000Z
Bending Spoons SpA,bending-spoons-spa-derivatives,KuCoin,kucoin,BSP/USDT,perpetual,32.60259846,1352275.12448247,0.0,0.0,0.0,0,2026-07-29T20:39:19.000Z
Bending Spoons SpA,bending-spoons-spa-derivatives,Bybit,bybit,BSP/USDT,perpetual,32.65154756,1416820.89310917,0.0,0.0,0.0,0,2026-07-29T20:39:16.000Z
Bending Spoons SpA,bending-spoons-spa-derivatives,Gate,gate,BSP/USDT,perpetual,32.47274742,142057.03285529,0.0,0.0,0.0,0,2026-07-29T20:39:19.000Z
Bending Spoons SpA,bending-spoons-spa-derivatives,OKX,okx,BSP/USDT,perpetual,32.70867378,95810.24724196,0.0,0.0,0.0,0,2026-07-29T20:37:29.000Z
Bending Spoons SpA,bending-spoons-spa-derivatives,HTX,htx,BSP/USDT,perpetual,32.59260991,33548.98276836,0.0,0.0,0.0,0,2026-07-29T20:39:17.000Z
Bending Spoons SpA,bending-spoons-spa-derivatives,Bitget,bitget,BSP/USDT,perpetual,32.64855108,68734.87224195,0.0,0.0,0.0,0,2026-07-29T20:39:15.000Z
Bending Spoons SpA,bending-spoons-spa-derivatives,Phemex,phemex,BSP/USDT,perpetual,32.56165342,39881.89845538,0.0,0.0,0.0,0,2026-07-29T20:39:16.000Z
Bending Spoons SpA,bending-spoons-spa-derivatives,BingX,bingx,BSP/USDT,perpetual,32.59492908,1219657.23456195,0.0,0.0,0.0,0,2026-07-29T20:39:17.000Z
Bending Spoons SpA,bending-spoons-spa-derivatives,XT.COM,xt,BSP/USDT,perpetual,32.5796059,45700.17224822,0.0,0.0,0.0,0,2026-07-29T20:36:41.000Z
Bending Spoons SpA,bending-spoons-spa-derivatives,CoinW,coinw,BSP/USDT,perpetual,32.59161813,1095067.34222251,0.0,0.0,0.0,0,2026-07-29T20:39:17.000Z
Bending Spoons SpA,bending-spoons-spa-derivatives,WEEX,weex,BSP/USDT,perpetual,32.59173164,496124.15325186,0.0,0.0,0.0,0,2026-07-29T20:39:17.000Z
Bending Spoons SpA,bending-spoons-spa-derivatives,LBank,lbank,BSP/USDT,perpetual,32.66153579,446804.28315322,0.0,0.0,0.0,0,2026-07-29T20:39:16.000Z
Bending Spoons SpA,bending-spoons-spa-derivatives,Zoomex,zoomex,BSP/USDT,perpetual,32.65166128,425047.74831944,0.0,0.0,0.0,0,2026-07-29T20:39:15.000Z
Bending Spoons SpA,bending-spoons-spa-derivatives,Hotcoin,hotcoin-global,BSP/USDT,perpetual,32.63157108,170855.78985019,0.0,0.0,0.0,0,2026-07-29T20:39:18.000Z
Bending Spoons SpA,bending-spoons-spa-derivatives,Toobit,toobit,BSP/USDT,perpetual,32.63168473,82475.39805414,0.0,0.0,0.0,0,2026-07-29T20:39:16.000Z
Bending Spoons SpA,bending-spoons-spa-derivatives,Bitunix,bitunix,BSP/USDT,perpetual,32.60171992,80572.86346028,0.0,0.0,0.0,0,2026-07-29T20:39:16.000Z
Bending Spoons SpA,bending-spoons-spa-derivatives,KCEX,kcex,BSP/USDT,perpetual,32.58174337,39156.74517841,0.0,0.0,0.0,0,2026-07-29T20:39:15.000Z
Bending Spoons SpA,bending-spoons-spa-derivatives,YUBIT,yubit,BSP/USDT,perpetual,32.58174337,33481.50689413,0.0,0.0,0.0,0,2026-07-29T20:39:15.000Z
Bending Spoons SpA,bending-spoons-spa-derivatives,BitMart,bitmart,BSP/USDT,perpetual,34.67915972,0.0,0.0,0.0,0.0,0,2026-07-29T20:39:16.000Z
Bending Spoons SpA,bending-spoons-spa-derivatives,ADEN,aden-decentralized-derivatives-exchange,BSP/USDT,perpetual,32.633216317239686,0.0,,,,0,2026-07-29T20:36:53.832Z
Bending Spoons SpA,bending-spoons-spa-derivatives,ADEN,aden-decentralized-derivatives-exchange,BSP/USDT,perpetual,32.633216317239686,0.0,,,,0,2026-07-29T20:36:53.832Z
KraneShares SSE STAR Market 50 Index ETF,kraneshares-sse-star-market-50-index-etf-derivatives,Binance,binance,KSTR/USDT,perpetual,23.78199288,3855351.51142377,0.0,0.0,0.0,0,2026-07-29T20:39:17.000Z
KraneShares SSE STAR Market 50 Index ETF,kraneshares-sse-star-market-50-index-etf-derivatives,Aster,aster-pro,KSTR/USDT,perpetual,24.39127535,504.89540452,0.0,0.0,0.0,0,2026-07-29T20:39:15.000Z
KraneShares SSE STAR Market 50 Index ETF,kraneshares-sse-star-market-50-index-etf-derivatives,KuCoin,kucoin,KSTR/USDT,perpetual,23.7627395,1282236.95992792,0.0,0.0,0.0,0,2026-07-29T20:39:19.000Z
KraneShares SSE STAR Market 50 Index ETF,kraneshares-sse-star-market-50-index-etf-derivatives,Gate,gate,KSTR/USDT,perpetual,23.82267075,507590.69439721,0.0,0.0,0.0,0,2026-07-29T20:39:19.000Z
KraneShares SSE STAR Market 50 Index ETF,kraneshares-sse-star-market-50-index-etf-derivatives,Bybit,bybit,KSTR/USDT,perpetual,23.71207522,354057.97923082,0.0,0.0,0.0,0,2026-07-29T20:39:16.000Z
KraneShares SSE STAR Market 50 Index ETF,kraneshares-sse-star-market-50-index-etf-derivatives,HTX,htx,KSTR/USDT,perpetual,23.79270512,7573.35588256,0.0,0.0,0.0,0,2026-07-29T20:39:17.000Z
KraneShares SSE STAR Market 50 Index ETF,kraneshares-sse-star-market-50-index-etf-derivatives,Bitget,bitget,KSTR/USDT,perpetual,23.75402582,98516.65811302,0.0,0.0,0.0,0,2026-07-29T20:39:15.000Z
KraneShares SSE STAR Market 50 Index ETF,kraneshares-sse-star-market-50-index-etf-derivatives,Phemex,phemex,KSTR/USDT,perpetual,23.76201641,270555.38635316,0.0,0.0,0.0,0,2026-07-29T20:39:16.000Z
KraneShares SSE STAR Market 50 Index ETF,kraneshares-sse-star-market-50-index-etf-derivatives,MEXC,mexc,KSTR/USDT,perpetual,23.79198112,197667.05527647,0.0,0.0,0.0,0,2026-07-29T20:39:16.000Z
KraneShares SSE STAR Market 50 Index ETF,kraneshares-sse-star-market-50-index-etf-derivatives,XT.COM,xt,KSTR/USDT,perpetual,23.78051552,3177272.88088071,0.0,0.0,0.0,0,2026-07-29T20:36:41.000Z
KraneShares SSE STAR Market 50 Index ETF,kraneshares-sse-star-market-50-index-etf-derivatives,Tapbit,tapbit,KSTR/USDT,perpetual,23.76201641,4885881.18092739,0.0,0.0,0.0,0,2026-07-29T20:39:15.000Z
KraneShares SSE STAR Market 50 Index ETF,kraneshares-sse-star-market-50-index-etf-derivatives,LBank,lbank,KSTR/USDT,perpetual,23.77200464,2428609.96228137,0.0,0.0,0.0,0,2026-07-29T20:39:16.000Z
KraneShares SSE STAR Market 50 Index ETF,kraneshares-sse-star-market-50-index-etf-derivatives,CoinW,coinw,KSTR/USDT,perpetual,23.77200464,2131342.54164132,0.0,0.0,0.0,0,2026-07-29T20:39:17.000Z
KraneShares SSE STAR Market 50 Index ETF,kraneshares-sse-star-market-50-index-etf-derivatives,WEEX,weex,KSTR/USDT,perpetual,23.77708158,2077309.15076368,0.0,0.0,0.0,0,2026-07-29T20:39:17.000Z
KraneShares SSE STAR Market 50 Index ETF,kraneshares-sse-star-market-50-index-etf-derivatives,Hotcoin,hotcoin-global,KSTR/USDT,perpetual,23.81195759,473158.77949849,0.0,0.0,0.0,0,2026-07-29T20:39:18.000Z
KraneShares SSE STAR Market 50 Index ETF,kraneshares-sse-star-market-50-index-etf-derivatives,YUBIT,yubit,KSTR/USDT,perpetual,23.77208744,248646.34599219,0.0,0.0,0.0,0,2026-07-29T20:39:15.000Z
KraneShares SSE STAR Market 50 Index ETF,kraneshares-sse-star-market-50-index-etf-derivatives,Zoomex,zoomex,KSTR/USDT,perpetual,23.71215781,106217.76371207,0.0,0.0,0.0,0,2026-07-29T20:39:15.000Z
KraneShares SSE STAR Market 50 Index ETF,kraneshares-sse-star-market-50-index-etf-derivatives,BitMart,bitmart,KSTR/USDT,perpetual,25.17035786,0.0,0.0,0.0,0.0,0,2026-07-29T20:39:16.000Z
KraneShares SSE STAR Market 50 Index ETF,kraneshares-sse-star-market-50-index-etf-derivatives,ADEN,aden-decentralized-derivatives-exchange,KSTR/USDT,perpetual,23.765918114172383,0.0,,,,0,2026-07-29T20:36:53.832Z
KraneShares SSE STAR Market 50 Index ETF,kraneshares-sse-star-market-50-index-etf-derivatives,ADEN,aden-decentralized-derivatives-exchange,KSTR/USDT,perpetual,23.765918114172383,0.0,,,,0,2026-07-29T20:36:53.832Z
"Take-Two Interactive Software, Inc. Common Stock",take-two-interactive-software-inc-common-stock-derivatives,Binance,binance,TTWO/USDT,perpetual,244.72180075,274549.55847361,0.0,0.0,0.0,0,2026-07-29T20:39:17.000Z
"Take-Two Interactive Software, Inc. Common Stock",take-two-interactive-software-inc-common-stock-derivatives,KuCoin,kucoin,TTWO/USDT,perpetual,245.5582967,1192603.87397294,0.0,0.0,0.0,0,2026-07-29T20:39:19.000Z
"Take-Two Interactive Software, Inc. Common Stock",take-two-interactive-software-inc-common-stock-derivatives,Bybit,bybit,TTWO/USDT,perpetual,245.96034217,206016.91986905,0.0,0.0,0.0,0,2026-07-29T20:39:16.000Z
"Take-Two Interactive Software, Inc. Common Stock",take-two-interactive-software-inc-common-stock-derivatives,OKX,okx,TTWO/USDT,perpetual,245.54975683,52832.48567847,0.0,0.0,0.0,0,2026-07-29T20:37:29.000Z
"Take-Two Interactive Software, Inc. Common Stock",take-two-interactive-software-inc-common-stock-derivatives,HTX,htx,TTWO/USDT,perpetual,245.02890402,36488.80881406,0.0,0.0,0.0,0,2026-07-29T20:39:17.000Z
"Take-Two Interactive Software, Inc. Common Stock",take-two-interactive-software-inc-common-stock-derivatives,Gate,gate,TTWO/USDT,perpetual,245.51834254,3859.5723172,0.0,0.0,0.0,0,2026-07-29T20:39:19.000Z
"Take-Two Interactive Software, Inc. Common Stock",take-two-interactive-software-inc-common-stock-derivatives,Bitget,bitget,TTWO/USDT,perpetual,245.99030688,67217.66749436,0.0,0.0,0.0,0,2026-07-29T20:39:15.000Z
"Take-Two Interactive Software, Inc. Common Stock",take-two-interactive-software-inc-common-stock-derivatives,Phemex,phemex,TTWO/USDT,perpetual,244.69183604,22391.22313639,0.0,0.0,0.0,0,2026-07-29T20:39:16.000Z
"Take-Two Interactive Software, Inc. Common Stock",take-two-interactive-software-inc-common-stock-derivatives,BingX,bingx,TTWO/USDT,perpetual,245.05632858,1239874.16190642,0.0,0.0,0.0,0,2026-07-29T20:39:17.000Z
"Take-Two Interactive Software, Inc. Common Stock",take-two-interactive-software-inc-common-stock-derivatives,XT.COM,xt,TTWO/USDT,perpetual,245.20597926,278816.41027473,0.0,0.0,0.0,0,2026-07-29T20:36:41.000Z
"Take-Two Interactive Software, Inc. Common Stock",take-two-interactive-software-inc-common-stock-derivatives,CoinW,coinw,TTWO/USDT,perpetual,245.16128319,752287.67037228,0.0,0.0,0.0,0,2026-07-29T20:39:17.000Z
"Take-Two Interactive Software, Inc. Common Stock",take-two-interactive-software-inc-common-stock-derivatives,WEEX,weex,TTWO/USDT,perpetual,244.72265309,368491.35353252,0.0,0.0,0.0,0,2026-07-29T20:39:17.000Z
"Take-Two Interactive Software, Inc. Common Stock",take-two-interactive-software-inc-common-stock-derivatives,LBank,lbank,TTWO/USDT,perpetual,245.67068329,149990.13491208,0.0,0.0,0.0,0,2026-07-29T20:39:16.000Z
"Take-Two Interactive Software, Inc. Common Stock",take-two-interactive-software-inc-common-stock-derivatives,Bitunix,bitunix,TTWO/USDT,perpetual,244.96237162,93597.6700745,0.0,0.0,0.0,0,2026-07-29T20:39:16.000Z
"Take-Two Interactive Software, Inc. Common Stock",take-two-interactive-software-inc-common-stock-derivatives,Toobit,toobit,TTWO/USDT,perpetual,244.67271173,80291.73515375,0.0,0.0,0.0,0,2026-07-29T20:39:16.000Z
"Take-Two Interactive Software, Inc. Common Stock",take-two-interactive-software-inc-common-stock-derivatives,Zoomex,zoomex,TTWO/USDT,perpetual,245.96119882,61805.2912206,0.0,0.0,0.0,0,2026-07-29T20:39:15.000Z
"Take-Two Interactive Software, Inc. Common Stock",take-two-interactive-software-inc-common-stock-derivatives,Hotcoin,hotcoin-global,TTWO/USDT,perpetual,244.9215655,53018.56212279,0.0,0.0,0.0,0,2026-07-29T20:39:18.000Z
"Take-Two Interactive Software, Inc. Common Stock",take-two-interactive-software-inc-common-stock-derivatives,YUBIT,yubit,TTWO/USDT,perpetual,245.09221915,28959.30674275,0.0,0.0,0.0,0,2026-07-29T20:39:15.000Z
"Take-Two Interactive Software, Inc. Common Stock",take-two-interactive-software-inc-common-stock-derivatives,KCEX,kcex,TTWO/USDT,perpetual,245.1121957,22209.0128605,0.0,0.0,0.0,0,2026-07-29T20:39:15.000Z
"Take-Two Interactive Software, Inc. Common Stock",take-two-interactive-software-inc-common-stock-derivatives,BitMart,bitmart,TTWO/USDT,perpetual,235.09314005,0.0,0.0,0.0,0.0,0,2026-07-29T20:39:16.000Z
"Take-Two Interactive Software, Inc. Common Stock",take-two-interactive-software-inc-common-stock-derivatives,Lighter,lighter,TTWO/USDC,perpetual,245.10810929749564,0.0,,,,0,2026-07-29T20:39:15.377Z
"Take-Two Interactive Software, Inc. Common Stock",take-two-interactive-software-inc-common-stock-derivatives,DeriW,deriw,TTWO/USDT,perpetual,245.10810929749564,0.0,,,,0,2026-07-29T20:39:17.910Z
"Take-Two Interactive Software, Inc. Common Stock",take-two-interactive-software-inc-common-stock-derivatives,DeriW,deriw,TTWO/USDT,perpetual,245.10810929749564,0.0,,,,0,2026-07-29T20:39:17.910Z
"Take-Two Interactive Software, Inc. Common Stock",take-two-interactive-software-inc-common-stock-derivatives,ADEN,aden-decentralized-derivatives-exchange,TTWO/USDT,perpetual,245.10810929749564,0.0,,,,0,2026-07-29T20:36:53.832Z
"Take-Two Interactive Software, Inc. Common Stock",take-two-interactive-software-inc-common-stock-derivatives,ADEN,aden-decentralized-derivatives-exchange,TTWO/USDT,perpetual,245.10810929749564,0.0,,,,0,2026-07-29T20:36:53.832Z
"Teradyne, Inc. Common Stock",teradyne-inc-common-stock-derivatives,Binance,binance,TER/USDT,perpetual,317.945568,7191275.1741137,0.0,0.0,0.0,0,2026-07-29T20:39:17.000Z
"Teradyne, Inc. Common Stock",teradyne-inc-common-stock-derivatives,KuCoin,kucoin,TER/USDT,perpetual,316.00747774,723182.17109228,0.0,0.0,0.0,0,2026-07-29T20:39:19.000Z
"Teradyne, Inc. Common Stock",teradyne-inc-common-stock-derivatives,Bybit,bybit,TER/USDT,perpetual,316.62712068,1308835.37750752,0.0,0.0,0.0,0,2026-07-29T20:39:16.000Z
"Teradyne, Inc. Common Stock",teradyne-inc-common-stock-derivatives,Gate,gate,TER/USDT,perpetual,316.23721419,548466.80152376,0.0,0.0,0.0,0,2026-07-29T20:39:19.000Z
"Teradyne, Inc. Common Stock",teradyne-inc-common-stock-derivatives,HTX,htx,TER/USDT,perpetual,316.24720273,44812.20705164,0.0,0.0,0.0,0,2026-07-29T20:39:17.000Z
"Teradyne, Inc. Common Stock",teradyne-inc-common-stock-derivatives,Bitget,bitget,TER/USDT,perpetual,316.766956,1046585.44424863,0.0,0.0,0.0,0,2026-07-29T20:39:15.000Z
"Teradyne, Inc. Common Stock",teradyne-inc-common-stock-derivatives,Phemex,phemex,TER/USDT,perpetual,317.05661488,290770.54086006,0.0,0.0,0.0,0,2026-07-29T20:39:16.000Z
"Teradyne, Inc. Common Stock",teradyne-inc-common-stock-derivatives,XT.COM,xt,TER/USDT,perpetual,316.87711718,4283518.12999024,0.0,0.0,0.0,0,2026-07-29T20:36:41.000Z
"Teradyne, Inc. Common Stock",teradyne-inc-common-stock-derivatives,BingX,bingx,TER/USDT,perpetual,317.62824392,1273244.43674233,0.0,0.0,0.0,0,2026-07-29T20:39:17.000Z
"Teradyne, Inc. Common Stock",teradyne-inc-common-stock-derivatives,CoinW,coinw,TER/USDT,perpetual,317.40620319,3535289.33866755,0.0,0.0,0.0,0,2026-07-29T20:39:17.000Z
"Teradyne, Inc. Common Stock",teradyne-inc-common-stock-derivatives,LBank,lbank,TER/USDT,perpetual,317.05661488,1686766.2844295,0.0,0.0,0.0,0,2026-07-29T20:39:16.000Z
"Teradyne, Inc. Common Stock",teradyne-inc-common-stock-derivatives,BitMart,bitmart,TER/USDT,perpetual,316.85685014,1596141.4137785,0.0,0.0,0.0,0,2026-07-29T20:39:16.000Z
"Teradyne, Inc. Common Stock",teradyne-inc-common-stock-derivatives,WEEX,weex,TER/USDT,perpetual,317.23750805,1190920.94091529,0.0,0.0,0.0,0,2026-07-29T20:39:17.000Z
"Teradyne, Inc. Common Stock",teradyne-inc-common-stock-derivatives,Toobit,toobit,TER/USDT,perpetual,317.33739077,756410.81569025,0.0,0.0,0.0,0,2026-07-29T20:39:16.000Z
"Teradyne, Inc. Common Stock",teradyne-inc-common-stock-derivatives,KCEX,kcex,TER/USDT,perpetual,317.51717967,524724.12062146,0.0,0.0,0.0,0,2026-07-29T20:39:15.000Z
"Teradyne, Inc. Common Stock",teradyne-inc-common-stock-derivatives,Zoomex,zoomex,TER/USDT,perpetual,316.62822346,392651.98080865,0.0,0.0,0.0,0,2026-07-29T20:39:15.000Z
"Teradyne, Inc. Common Stock",teradyne-inc-common-stock-derivatives,Hotcoin,hotcoin-global,TER/USDT,perpetual,316.39739123,348870.14933423,0.0,0.0,0.0,0,2026-07-29T20:39:18.000Z
"Teradyne, Inc. Common Stock",teradyne-inc-common-stock-derivatives,YUBIT,yubit,TER/USDT,perpetual,317.49720312,210258.44006292,0.0,0.0,0.0,0,2026-07-29T20:39:15.000Z
"Teradyne, Inc. Common Stock",teradyne-inc-common-stock-derivatives,OKX,okx,TER/USDT,perpetual,317.2704397420009,1622822.8532,,,,0,2026-07-29T20:37:29.233Z
"Teradyne, Inc. Common Stock",teradyne-inc-common-stock-derivatives,OKX,okx,TER/USDT,perpetual,317.2704397420009,1622822.8532,,,,0,2026-07-29T20:37:29.233Z
"Teradyne, Inc. Common Stock",teradyne-inc-common-stock-derivatives,ADEN,aden-decentralized-derivatives-exchange,TER/USDT,perpetual,317.2704397420009,0.0,,,,0,2026-07-29T20:36:53.832Z
"Teradyne, Inc. Common Stock",teradyne-inc-common-stock-derivatives,ADEN,aden-decentralized-derivatives-exchange,TER/USDT,perpetual,317.2704397420009,0.0,,,,0,2026-07-29T20:36:53.832Z
Flex Ltd. Ordinary Shares,flex-ltd-ordinary-shares-derivatives,Binance,binance,FLEX/USDT,perpetual,102.49929061,2022192.46519722,0.0,0.0,0.0,0,2026-07-29T20:39:17.000Z
Flex Ltd. Ordinary Shares,flex-ltd-ordinary-shares-derivatives,Bybit,bybit,FLEX/USDT,perpetual,102.57919651,640308.48645688,0.0,0.0,0.0,0,2026-07-29T20:39:16.000Z
Flex Ltd. Ordinary Shares,flex-ltd-ordinary-shares-derivatives,Gate,gate,FLEX/USDT,perpetual,102.69219201,267861.71033448,0.0,0.0,0.0,0,2026-07-29T20:39:19.000Z
Flex Ltd. Ordinary Shares,flex-ltd-ordinary-shares-derivatives,HTX,htx,FLEX/USDT,perpetual,102.78208888,38713.66167356,0.0,0.0,0.0,0,2026-07-29T20:39:17.000Z
Flex Ltd. Ordinary Shares,flex-ltd-ordinary-shares-derivatives,Bitget,bitget,FLEX/USDT,perpetual,102.41938472,768605.56263179,0.0,0.0,0.0,0,2026-07-29T20:39:15.000Z
Flex Ltd. Ordinary Shares,flex-ltd-ordinary-shares-derivatives,Phemex,phemex,FLEX/USDT,perpetual,102.48930238,133867.85668561,0.0,0.0,0.0,0,2026-07-29T20:39:16.000Z
Flex Ltd. Ordinary Shares,flex-ltd-ordinary-shares-derivatives,XT.COM,xt,FLEX/USDT,perpetual,102.43299757,1247162.12390982,0.0,0.0,0.0,0,2026-07-29T20:36:41.000Z
Flex Ltd. Ordinary Shares,flex-ltd-ordinary-shares-derivatives,BingX,bingx,FLEX/USDT,perpetual,102.59960667,1212427.27372863,0.0,0.0,0.0,0,2026-07-29T20:39:17.000Z
Flex Ltd. Ordinary Shares,flex-ltd-ordinary-shares-derivatives,BitMart,bitmart,FLEX/USDT,perpetual,102.58918475,1603082.86630263,0.0,0.0,0.0,0,2026-07-29T20:39:16.000Z
Flex Ltd. Ordinary Shares,flex-ltd-ordinary-shares-derivatives,CoinW,coinw,FLEX/USDT,perpetual,102.69905536,1081288.44908351,0.0,0.0,0.0,0,2026-07-29T20:39:17.000Z
Flex Ltd. Ordinary Shares,flex-ltd-ordinary-shares-derivatives,LBank,lbank,FLEX/USDT,perpetual,102.80892597,966049.75796166,0.0,0.0,0.0,0,2026-07-29T20:39:16.000Z
Flex Ltd. Ordinary Shares,flex-ltd-ordinary-shares-derivatives,Hotcoin,hotcoin-global,FLEX/USDT,perpetual,102.42937295,335823.51384417,0.0,0.0,0.0,0,2026-07-29T20:39:18.000Z
Flex Ltd. Ordinary Shares,flex-ltd-ordinary-shares-derivatives,Toobit,toobit,FLEX/USDT,perpetual,102.52961242,218976.90167432,0.0,0.0,0.0,0,2026-07-29T20:39:16.000Z
Flex Ltd. Ordinary Shares,flex-ltd-ordinary-shares-derivatives,WEEX,weex,FLEX/USDT,perpetual,102.56956551,193473.56462275,0.0,0.0,0.0,0,2026-07-29T20:39:17.000Z
Flex Ltd. Ordinary Shares,flex-ltd-ordinary-shares-derivatives,Zoomex,zoomex,FLEX/USDT,perpetual,102.57955378,192093.21497304,0.0,0.0,0.0,0,2026-07-29T20:39:15.000Z
Flex Ltd. Ordinary Shares,flex-ltd-ordinary-shares-derivatives,KCEX,kcex,FLEX/USDT,perpetual,102.6095186,139670.94314755,0.0,0.0,0.0,0,2026-07-29T20:39:15.000Z
Flex Ltd. Ordinary Shares,flex-ltd-ordinary-shares-derivatives,YUBIT,yubit,FLEX/USDT,perpetual,102.56956551,84714.63030645,0.0,0.0,0.0,0,2026-07-29T20:39:15.000Z
Flex Ltd. Ordinary Shares,flex-ltd-ordinary-shares-derivatives,Bitunix,bitunix,FLEX/USDT,perpetual,102.6095186,77728.75294014,0.0,0.0,0.0,0,2026-07-29T20:39:16.000Z
Flex Ltd. Ordinary Shares,flex-ltd-ordinary-shares-derivatives,ADEN,aden-decentralized-derivatives-exchange,FLEX/USDT,perpetual,102.48740659146567,0.0,,,,0,2026-07-29T20:36:53.832Z
Flex Ltd. Ordinary Shares,flex-ltd-ordinary-shares-derivatives,ADEN,aden-decentralized-derivatives-exchange,FLEX/USDT,perpetual,102.48740659146567,0.0,,,,0,2026-07-29T20:36:53.832Z
Texas Instruments Incorporated Common Stock,texas-instruments-incorporated-common-stock-derivatives,Binance,binance,TXN/USDT,perpetual,269.55255854,653435.94586378,0.0,0.0,0.0,0,2026-07-29T20:39:17.000Z
Texas Instruments Incorporated Common Stock,texas-instruments-incorporated-common-stock-derivatives,Bybit,bybit,TXN/USDT,perpetual,270.48146461,162511.03803649,0.0,0.0,0.0,0,2026-07-29T20:39:16.000Z
Texas Instruments Incorporated Common Stock,texas-instruments-incorporated-common-stock-derivatives,Gate,gate,TXN/USDT,perpetual,270.58958093,117026.74747826,0.0,0.0,0.0,0,2026-07-29T20:39:19.000Z
Texas Instruments Incorporated Common Stock,texas-instruments-incorporated-common-stock-derivatives,HTX,htx,TXN/USDT,perpetual,270.07017679,29126.6410575,0.0,0.0,0.0,0,2026-07-29T20:39:17.000Z
Texas Instruments Incorporated Common Stock,texas-instruments-incorporated-common-stock-derivatives,Bitget,bitget,TXN/USDT,perpetual,270.86101762,200533.52574683,0.0,0.0,0.0,0,2026-07-29T20:39:15.000Z
Texas Instruments Incorporated Common Stock,texas-instruments-incorporated-common-stock-derivatives,Phemex,phemex,TXN/USDT,perpetual,269.52259383,48779.15740314,0.0,0.0,0.0,0,2026-07-29T20:39:16.000Z
Texas Instruments Incorporated Common Stock,texas-instruments-incorporated-common-stock-derivatives,BingX,bingx,TXN/USDT,perpetual,270.02945843,1234213.92211214,0.0,0.0,0.0,0,2026-07-29T20:39:17.000Z
Texas Instruments Incorporated Common Stock,texas-instruments-incorporated-common-stock-derivatives,XT.COM,xt,TXN/USDT,perpetual,270.56453823,561697.51630145,0.0,0.0,0.0,0,2026-07-29T20:36:41.000Z
Texas Instruments Incorporated Common Stock,texas-instruments-incorporated-common-stock-derivatives,BitMart,bitmart,TXN/USDT,perpetual,270.05197041,1606413.21448245,0.0,0.0,0.0,0,2026-07-29T20:39:16.000Z
Texas Instruments Incorporated Common Stock,texas-instruments-incorporated-common-stock-derivatives,CoinW,coinw,TXN/USDT,perpetual,270.01201746,775266.22942624,0.0,0.0,0.0,0,2026-07-29T20:39:17.000Z
Texas Instruments Incorporated Common Stock,texas-instruments-incorporated-common-stock-derivatives,WEEX,weex,TXN/USDT,perpetual,270.16278196,456227.93394454,0.0,0.0,0.0,0,2026-07-29T20:39:17.000Z
Texas Instruments Incorporated Common Stock,texas-instruments-incorporated-common-stock-derivatives,LBank,lbank,TXN/USDT,perpetual,270.43152342,298763.47419656,0.0,0.0,0.0,0,2026-07-29T20:39:16.000Z
Texas Instruments Incorporated Common Stock,texas-instruments-incorporated-common-stock-derivatives,Toobit,toobit,TXN/USDT,perpetual,270.09286405,120002.30045113,0.0,0.0,0.0,0,2026-07-29T20:39:16.000Z
Texas Instruments Incorporated Common Stock,texas-instruments-incorporated-common-stock-derivatives,Hotcoin,hotcoin-global,TXN/USDT,perpetual,269.81225271,105692.53006061,0.0,0.0,0.0,0,2026-07-29T20:39:18.000Z
Texas Instruments Incorporated Common Stock,texas-instruments-incorporated-common-stock-derivatives,Bitunix,bitunix,TXN/USDT,perpetual,269.83316898,96683.91628527,0.0,0.0,0.0,0,2026-07-29T20:39:16.000Z
Texas Instruments Incorporated Common Stock,texas-instruments-incorporated-common-stock-derivatives,KCEX,kcex,TXN/USDT,perpetual,270.09286405,61257.86891949,0.0,0.0,0.0,0,2026-07-29T20:39:15.000Z
Texas Instruments Incorporated Common Stock,texas-instruments-incorporated-common-stock-derivatives,Zoomex,zoomex,TXN/USDT,perpetual,270.48240666,48753.48121306,0.0,0.0,0.0,0,2026-07-29T20:39:15.000Z
Texas Instruments Incorporated Common Stock,texas-instruments-incorporated-common-stock-derivatives,YUBIT,yubit,TXN/USDT,perpetual,269.95302825,48263.33046519,0.0,0.0,0.0,0,2026-07-29T20:39:15.000Z
Texas Instruments Incorporated Common Stock,texas-instruments-incorporated-common-stock-derivatives,BloFin,blofin,TXN/USDT,perpetual,270.25995908,10618.4724395,0.0,0.0,0.0,0,2026-07-29T20:39:24.000Z
Texas Instruments Incorporated Common Stock,texas-instruments-incorporated-common-stock-derivatives,ADEN,aden-decentralized-derivatives-exchange,TXN/USDT,perpetual,270.2244266010566,0.0,,,,0,2026-07-29T20:36:53.832Z
Texas Instruments Incorporated Common Stock,texas-instruments-incorporated-common-stock-derivatives,ADEN,aden-decentralized-derivatives-exchange,TXN/USDT,perpetual,270.2244266010566,0.0,,,,0,2026-07-29T20:36:53.832Z
"Caterpillar, Inc. Common Stock",caterpillar-inc-common-stock-derivatives,Binance,binance,CAT/USDT,perpetual,777.53432838,665906.82919454,0.0,0.0,0.0,0,2026-07-29T20:39:17.000Z
"Caterpillar, Inc. Common Stock",caterpillar-inc-common-stock-derivatives,YUBIT,yubit,CAT/USDT,perpetual,776.81788085,92854.73241239,0.0,0.0,0.0,0,2026-07-29T20:39:15.000Z
"Caterpillar, Inc. Common Stock",caterpillar-inc-common-stock-derivatives,CoinW,coinw,CAT/USDT,perpetual,776.4604390219888,1922858.91,,,,0,2026-07-29T20:39:17.954Z
"Caterpillar, Inc. Common Stock",caterpillar-inc-common-stock-derivatives,CoinW,coinw,CAT/USDT,perpetual,776.4604390219888,1922858.91,,,,0,2026-07-29T20:39:17.954Z
"Caterpillar, Inc. Common Stock",caterpillar-inc-common-stock-derivatives,FameEX,fameex,CAT/USDT,perpetual,776.4604390219888,514555.45,,,,0,2026-07-29T20:39:18.865Z
"Caterpillar, Inc. Common Stock",caterpillar-inc-common-stock-derivatives,FameEX,fameex,CAT/USDT,perpetual,776.4604390219888,514555.45,,,,0,2026-07-29T20:39:18.865Z
"Caterpillar, Inc. Common Stock",caterpillar-inc-common-stock-derivatives,WhiteBIT,whitebit,CAT/USDT,perpetual,776.4604390219888,485704.2304,,,,0,2026-07-29T20:39:15.552Z
"Caterpillar, Inc. Common Stock",caterpillar-inc-common-stock-derivatives,WhiteBIT,whitebit,CAT/USDT,perpetual,776.4604390219888,485704.2304,,,,0,2026-07-29T20:39:15.552Z
"Caterpillar, Inc. Common Stock",caterpillar-inc-common-stock-derivatives,Bitget,bitget,CAT/USDT,perpetual,776.4604390219888,189859.2182,,,,0,2026-07-29T20:39:15.609Z
"Caterpillar, Inc. Common Stock",caterpillar-inc-common-stock-derivatives,Bitget,bitget,CAT/USDT,perpetual,776.4604390219888,189859.2182,,,,0,2026-07-29T20:39:15.609Z
"Caterpillar, Inc. Common Stock",caterpillar-inc-common-stock-derivatives,Cofinex,cofinex,CAT/USDT,perpetual,776.4604390219888,189620.1399638087,,,,0,2026-07-29T20:39:17.553Z
"Caterpillar, Inc. Common Stock",caterpillar-inc-common-stock-derivatives,Cofinex,cofinex,CAT/USDT,perpetual,776.4604390219888,188136.6909748015,,,,0,2026-07-29T20:39:17.553Z
"Caterpillar, Inc. Common Stock",caterpillar-inc-common-stock-derivatives,Hotcoin,hotcoin-global,CAT/USDT,perpetual,776.4604390219888,118304.0,,,,0,2026-07-29T20:39:18.895Z
"Caterpillar, Inc. Common Stock",caterpillar-inc-common-stock-derivatives,Hotcoin,hotcoin-global,CAT/USDT,perpetual,776.4604390219888,118304.0,,,,0,2026-07-29T20:39:18.895Z
"Caterpillar, Inc. Common Stock",caterpillar-inc-common-stock-derivatives,XT.COM,xt,CAT/USDT,perpetual,776.4604390219888,18489.32626,,,,0,2026-07-29T20:36:41.640Z
"Caterpillar, Inc. Common Stock",caterpillar-inc-common-stock-derivatives,XT.COM,xt,CAT/USDT,perpetual,776.4604390219888,18489.32626,,,,0,2026-07-29T20:36:41.640Z
"Caterpillar, Inc. Common Stock",caterpillar-inc-common-stock-derivatives,DeriW,deriw,CAT/USDT,perpetual,776.4604390219888,0.0,,,,0,2026-07-29T20:39:17.910Z
"Caterpillar, Inc. Common Stock",caterpillar-inc-common-stock-derivatives,DeriW,deriw,CAT/USDT,perpetual,776.4604390219888,0.0,,,,0,2026-07-29T20:39:17.910Z
Applied Digital Corp,applied-digital-corp-derivatives,KuCoin,kucoin,APLD/USDT,perpetual,22.9636562,910570.81474174,0.0,0.0,0.0,0,2026-07-29T20:39:19.000Z
Applied Digital Corp,applied-digital-corp-derivatives,Bybit,bybit,APLD/USDT,perpetual,23.03287509,613078.1484559,0.0,0.0,0.0,0,2026-07-29T20:39:16.000Z
Applied Digital Corp,applied-digital-corp-derivatives,OKX,okx,APLD/USDT,perpetual,22.98096439,612789.71351442,0.0,0.0,0.0,0,2026-07-29T20:37:29.000Z
Applied Digital Corp,applied-digital-corp-derivatives,HTX,htx,APLD/USDT,perpetual,22.93369058,325765.73112039,0.0,0.0,0.0,0,2026-07-29T20:39:17.000Z
Applied Digital Corp,applied-digital-corp-derivatives,Bitget,bitget,APLD/USDT,perpetual,22.75320445,442020.87788164,0.0,0.0,0.0,0,2026-07-29T20:39:15.000Z
Applied Digital Corp,applied-digital-corp-derivatives,BingX,bingx,APLD/USDT,perpetual,22.98526871,1655737.94807053,0.0,0.0,0.0,0,2026-07-29T20:39:17.000Z
Applied Digital Corp,applied-digital-corp-derivatives,Ourbit,ourbit,APLD/USDT,perpetual,22.97302568,807200.79543024,0.0,0.0,0.0,0,2026-07-29T20:39:17.000Z
Applied Digital Corp,applied-digital-corp-derivatives,LBank,lbank,APLD/USDT,perpetual,22.903028,372739.04787037,0.0,0.0,0.0,0,2026-07-29T20:39:16.000Z
Applied Digital Corp,applied-digital-corp-derivatives,Hotcoin,hotcoin-global,APLD/USDT,perpetual,23.03287509,310727.06894115,0.0,0.0,0.0,0,2026-07-29T20:39:18.000Z
Applied Digital Corp,applied-digital-corp-derivatives,Zoomex,zoomex,APLD/USDT,perpetual,23.03295531,183924.08512072,0.0,0.0,0.0,0,2026-07-29T20:39:15.000Z
Applied Digital Corp,applied-digital-corp-derivatives,Toobit,toobit,APLD/USDT,perpetual,22.87314296,155952.56030039,0.0,0.0,0.0,0,2026-07-29T20:39:16.000Z
Applied Digital Corp,applied-digital-corp-derivatives,WEEX,weex,APLD/USDT,perpetual,22.79323678,104012.254543,0.0,0.0,0.0,0,2026-07-29T20:39:17.000Z
Applied Digital Corp,applied-digital-corp-derivatives,KCEX,kcex,APLD/USDT,perpetual,22.99300222,42027.10987159,0.0,0.0,0.0,0,2026-07-29T20:39:15.000Z
Applied Digital Corp,applied-digital-corp-derivatives,YUBIT,yubit,APLD/USDT,perpetual,22.84317814,17425.42951841,0.0,0.0,0.0,0,2026-07-29T20:39:15.000Z
Applied Digital Corp,applied-digital-corp-derivatives,BitMart,bitmart,APLD/USDT,perpetual,30.4641236,0.0,0.0,0.0,0.0,0,2026-07-29T20:39:16.000Z
Oscar Health Inc,oscar-health-inc-derivatives,OKX,okx,OSCR/USDT,perpetual,30.39160132,140257.24008524,0.0,0.0,0.0,0,2026-07-29T20:37:29.000Z
Oscar Health Inc,oscar-health-inc-derivatives,BingX,bingx,OSCR/USDT,perpetual,30.45722916,1241686.08234798,0.0,0.0,0.0,0,2026-07-29T20:39:17.000Z
Oscar Health Inc,oscar-health-inc-derivatives,LBank,lbank,OSCR/USDT,perpetual,30.45413536,106984.55649185,0.0,0.0,0.0,0,2026-07-29T20:39:16.000Z
Oscar Health Inc,oscar-health-inc-derivatives,Hotcoin,hotcoin-global,OSCR/USDT,perpetual,30.44414712,63830.82894103,0.0,0.0,0.0,0,2026-07-29T20:39:18.000Z
Oscar Health Inc,oscar-health-inc-derivatives,BitMart,bitmart,OSCR/USDT,perpetual,28.87599388,0.0,0.0,0.0,0.0,0,2026-07-29T20:39:16.000Z
SharonAI Holdings Inc,sharonai-holdings-inc-derivatives,Binance,binance,SHAZ/USDT,perpetual,39.29372532,8766221.39633642,0.0,0.0,0.0,0,2026-07-29T20:39:17.000Z
SharonAI Holdings Inc,sharonai-holdings-inc-derivatives,KuCoin,kucoin,SHAZ/USDT,perpetual,39.29492106,1381593.66679178,0.0,0.0,0.0,0,2026-07-29T20:39:19.000Z
SharonAI Holdings Inc,sharonai-holdings-inc-derivatives,Hyperliquid,hyperliquid,xyz:SHAZ/USDC,perpetual,38.67470048,1520479.4015444,0.0,0.0,0.0,0,2026-07-29T20:39:26.000Z
SharonAI Holdings Inc,sharonai-holdings-inc-derivatives,Bybit,bybit,SHAZ/USDT,perpetual,39.18385471,1248241.42272699,0.0,0.0,0.0,0,2026-07-29T20:39:16.000Z
SharonAI Holdings Inc,sharonai-holdings-inc-derivatives,OKX,okx,SHAZ/USDT,perpetual,39.05066091,968069.78907804,0.0,0.0,0.0,0,2026-07-29T20:37:29.000Z
SharonAI Holdings Inc,sharonai-holdings-inc-derivatives,Gate,gate,SHAZ/USDT,perpetual,39.20502418,85956.39124147,0.0,0.0,0.0,0,2026-07-29T20:39:19.000Z
SharonAI Holdings Inc,sharonai-holdings-inc-derivatives,HTX,htx,SHAZ/USDT,perpetual,39.00625222,3183.72470633,0.0,0.0,0.0,0,2026-07-29T20:39:17.000Z
SharonAI Holdings Inc,sharonai-holdings-inc-derivatives,Bitget,bitget,SHAZ/USDT,perpetual,39.18385471,510875.04982901,0.0,0.0,0.0,0,2026-07-29T20:39:15.000Z
SharonAI Holdings Inc,sharonai-holdings-inc-derivatives,XT.COM,xt,SHAZ/USDT,perpetual,38.93173016,4439415.28376276,0.0,0.0,0.0,0,2026-07-29T20:36:41.000Z
SharonAI Holdings Inc,sharonai-holdings-inc-derivatives,BingX,bingx,SHAZ/USDT,perpetual,39.27773863,1221891.87017785,0.0,0.0,0.0,0,2026-07-29T20:39:17.000Z
SharonAI Holdings Inc,sharonai-holdings-inc-derivatives,CoinW,coinw,SHAZ/USDT,perpetual,39.27374885,5427822.95619464,0.0,0.0,0.0,0,2026-07-29T20:39:17.000Z
SharonAI Holdings Inc,sharonai-holdings-inc-derivatives,LBank,lbank,SHAZ/USDT,perpetual,39.25377237,4106424.29147678,0.0,0.0,0.0,0,2026-07-29T20:39:16.000Z
SharonAI Holdings Inc,sharonai-holdings-inc-derivatives,Ourbit,ourbit,SHAZ/USDT,perpetual,39.29386218,2575872.43884749,0.0,0.0,0.0,0,2026-07-29T20:39:17.000Z
SharonAI Holdings Inc,sharonai-holdings-inc-derivatives,WEEX,weex,SHAZ/USDT,perpetual,39.24392082,2221820.23504465,0.0,0.0,0.0,0,2026-07-29T20:39:17.000Z
SharonAI Holdings Inc,sharonai-holdings-inc-derivatives,KCEX,kcex,SHAZ/USDT,perpetual,39.29386218,1064012.8740337,0.0,0.0,0.0,0,2026-07-29T20:39:15.000Z
SharonAI Holdings Inc,sharonai-holdings-inc-derivatives,Toobit,toobit,SHAZ/USDT,perpetual,39.18399119,970915.13485347,0.0,0.0,0.0,0,2026-07-29T20:39:16.000Z
SharonAI Holdings Inc,sharonai-holdings-inc-derivatives,Bitunix,bitunix,SHAZ/USDT,perpetual,38.99421402,668586.99271616,0.0,0.0,0.0,0,2026-07-29T20:39:16.000Z
SharonAI Holdings Inc,sharonai-holdings-inc-derivatives,Zoomex,zoomex,SHAZ/USDT,perpetual,39.213956,374403.66277432,0.0,0.0,0.0,0,2026-07-29T20:39:15.000Z
SharonAI Holdings Inc,sharonai-holdings-inc-derivatives,YUBIT,yubit,SHAZ/USDT,perpetual,39.26389736,352554.89929845,0.0,0.0,0.0,0,2026-07-29T20:39:15.000Z
SharonAI Holdings Inc,sharonai-holdings-inc-derivatives,Hotcoin,hotcoin-global,SHAZ/USDT,perpetual,39.28373709,196810.2243326,0.0,0.0,0.0,0,2026-07-29T20:39:18.000Z
SharonAI Holdings Inc,sharonai-holdings-inc-derivatives,BitMart,bitmart,SHAZ/USDT,perpetual,63.73494186,0.0,0.0,0.0,0.0,0,2026-07-29T20:39:16.000Z
SharonAI Holdings Inc,sharonai-holdings-inc-derivatives,ADEN,aden-decentralized-derivatives-exchange,SHAZ/USDT,perpetual,38.96606693747899,0.0,,,,0,2026-07-29T20:36:53.832Z
SharonAI Holdings Inc,sharonai-holdings-inc-derivatives,ADEN,aden-decentralized-derivatives-exchange,SHAZ/USDT,perpetual,38.96606693747899,0.0,,,,0,2026-07-29T20:36:53.832Z
Johnson & Johnson,johnson-johnson-derivatives,OKX,okx,JNJ/USDT,perpetual,265.21491062,45855.6580461,0.0,0.0,0.0,0,2026-07-29T20:37:29.000Z
Johnson & Johnson,johnson-johnson-derivatives,Gate,gate,JNJ/USDT,perpetual,265.10587182,8872.82114227,0.0,0.0,0.0,0,2026-07-29T20:39:19.000Z
Johnson & Johnson,johnson-johnson-derivatives,BingX,bingx,JNJ/USDT,perpetual,265.65064257,325125.38261632,0.0,0.0,0.0,0,2026-07-29T19:57:19.000Z
Johnson & Johnson,johnson-johnson-derivatives,LBank,lbank,JNJ/USDT,perpetual,265.25761653,1172758.70276014,0.0,0.0,0.0,0,2026-07-29T20:39:16.000Z
Johnson & Johnson,johnson-johnson-derivatives,WEEX,weex,JNJ/USDT,perpetual,265.09872804,68688.08715242,0.0,0.0,0.0,0,2026-07-29T20:39:17.000Z
Johnson & Johnson,johnson-johnson-derivatives,Hotcoin,hotcoin-global,JNJ/USDT,perpetual,265.11778121,23134.75510801,0.0,0.0,0.0,0,2026-07-29T20:39:18.000Z
Johnson & Johnson,johnson-johnson-derivatives,KCEX,kcex,JNJ/USDT,perpetual,265.30848175,6070.46841545,0.0,0.0,0.0,0,2026-07-29T20:39:15.000Z
Johnson & Johnson,johnson-johnson-derivatives,ADEN,aden-decentralized-derivatives-exchange,JNJ/USDT,perpetual,265.07987357,459.65055821,0.0,0.0,0.0,0,2026-07-29T20:36:53.000Z
Johnson & Johnson,johnson-johnson-derivatives,BitMart,bitmart,JNJ/USDT,perpetual,263.16008671,0.0,0.0,0.0,0.0,0,2026-07-29T20:39:16.000Z
Penguin Solutions Inc,penguin-solutions-inc-derivatives,Binance,binance,PENG/USDT,perpetual,42.66974951,1271922.47987654,0.0,0.0,0.0,0,2026-07-29T20:39:17.000Z
Penguin Solutions Inc,penguin-solutions-inc-derivatives,HTX,htx,PENG/USDT,perpetual,42.63109381,292779.06346684,0.0,0.0,0.0,0,2026-07-29T20:39:17.000Z
Penguin Solutions Inc,penguin-solutions-inc-derivatives,OKX,okx,PENG/USDT,perpetual,42.65610556,132630.62903055,0.0,0.0,0.0,0,2026-07-29T20:37:29.000Z
Penguin Solutions Inc,penguin-solutions-inc-derivatives,Gate,gate,PENG/USDT,perpetual,42.79091047,36264.39765746,0.0,0.0,0.0,0,2026-07-29T20:39:19.000Z
Penguin Solutions Inc,penguin-solutions-inc-derivatives,Bitget,bitget,PENG/USDT,perpetual,42.66974951,149583.88793319,0.0,0.0,0.0,0,2026-07-29T20:39:15.000Z
Penguin Solutions Inc,penguin-solutions-inc-derivatives,XT.COM,xt,PENG/USDT,perpetual,42.62714836,664383.08990948,0.0,0.0,0.0,0,2026-07-29T20:36:41.000Z
Penguin Solutions Inc,penguin-solutions-inc-derivatives,CoinW,coinw,PENG/USDT,perpetual,42.72967894,1932065.89192098,0.0,0.0,0.0,0,2026-07-29T20:39:17.000Z
Penguin Solutions Inc,penguin-solutions-inc-derivatives,LBank,lbank,PENG/USDT,perpetual,42.7995966,735841.37472839,0.0,0.0,0.0,0,2026-07-29T20:39:16.000Z
Penguin Solutions Inc,penguin-solutions-inc-derivatives,Ourbit,ourbit,PENG/USDT,perpetual,42.7498043,583574.96141015,0.0,0.0,0.0,0,2026-07-29T20:39:17.000Z
Penguin Solutions Inc,penguin-solutions-inc-derivatives,Hotcoin,hotcoin-global,PENG/USDT,perpetual,42.73966717,51581.25478316,0.0,0.0,0.0,0,2026-07-29T20:39:18.000Z
Penguin Solutions Inc,penguin-solutions-inc-derivatives,BitMart,bitmart,PENG/USDT,perpetual,54.48583417,0.0,0.0,0.0,0.0,0,2026-07-29T20:39:16.000Z
Penguin Solutions Inc,penguin-solutions-inc-derivatives,ADEN,aden-decentralized-derivatives-exchange,PENG/USDT,perpetual,42.6616053642371,0.0,,,,0,2026-07-29T20:36:53.832Z
Penguin Solutions Inc,penguin-solutions-inc-derivatives,ADEN,aden-decentralized-derivatives-exchange,PENG/USDT,perpetual,42.6616053642371,0.0,,,,0,2026-07-29T20:36:53.832Z
SK Hynix,sk-hynix-derivatives,Binance,binance,SKHY/USDT,perpetual,125.37235391,2176887785.3125854,0.0,0.0,0.0,0,2026-07-29T20:39:17.000Z
SK Hynix,sk-hynix-derivatives,Aster,aster-pro,SKHY/USDT,perpetual,125.1026715,2027623.56740158,0.0,0.0,0.0,0,2026-07-29T20:39:15.000Z
SK Hynix,sk-hynix-derivatives,KuCoin,kucoin,SKHY/USDT,perpetual,125.48604302,2177055.54754884,0.0,0.0,0.0,0,2026-07-29T20:39:19.000Z
SK Hynix,sk-hynix-derivatives,OKX,okx,SKHY/USDT,perpetual,124.36287204,522089782.8168192,0.0,0.0,0.0,0,2026-07-29T20:37:29.000Z
SK Hynix,sk-hynix-derivatives,Hyperliquid,hyperliquid,xyz:SKHY/USDC,perpetual,125.32310589,451302973.83851063,0.0,0.0,0.0,0,2026-07-29T20:39:26.000Z
SK Hynix,sk-hynix-derivatives,Bybit,bybit,SKHY/USDT,perpetual,125.44227157,139842404.18989193,0.0,0.0,0.0,0,2026-07-29T20:39:16.000Z
SK Hynix,sk-hynix-derivatives,Gate,gate,SKHY/USDT,perpetual,125.44608885,77325408.6631647,0.0,0.0,0.0,0,2026-07-29T20:39:19.000Z
SK Hynix,sk-hynix-derivatives,HTX,htx,SKHY/USDT,perpetual,125.32622636,850240.48360739,0.0,0.0,0.0,0,2026-07-29T20:39:17.000Z
SK Hynix,sk-hynix-derivatives,Bitget,bitget,SKHY/USDT,perpetual,125.43228333,389532643.2723794,0.0,0.0,0.0,0,2026-07-29T20:39:15.000Z
SK Hynix,sk-hynix-derivatives,Crypto.com Exchange,crypto-com-exchange,SKHY/USD,perpetual,127.74813449,4434.30792545,0.0,0.0,0.0,0,2026-07-29T12:30:18.000Z
SK Hynix,sk-hynix-derivatives,Phemex,phemex,SKHY/USDT,perpetual,125.30243624,1004226.98524129,0.0,0.0,0.0,0,2026-07-29T20:39:16.000Z
SK Hynix,sk-hynix-derivatives,XT.COM,xt,SKHY/USDT,perpetual,124.70538296,652643662.5858593,0.0,0.0,0.0,0,2026-07-29T20:36:41.000Z
SK Hynix,sk-hynix-derivatives,BingX,bingx,SKHY/USDT,perpetual,125.36511184,3103642.40717987,0.0,0.0,0.0,0,2026-07-29T20:39:17.000Z
SK Hynix,sk-hynix-derivatives,LBank,lbank,SKHY/USDT,perpetual,125.34238919,1063349823.434227,0.0,0.0,0.0,0,2026-07-29T20:39:16.000Z
SK Hynix,sk-hynix-derivatives,CoinW,coinw,SKHY/USDT,perpetual,125.39233038,567359759.6159041,0.0,0.0,0.0,0,2026-07-29T20:39:17.000Z
SK Hynix,sk-hynix-derivatives,Ourbit,ourbit,SKHY/USDT,perpetual,125.34282575,322289070.9467549,0.0,0.0,0.0,0,2026-07-29T20:39:17.000Z
SK Hynix,sk-hynix-derivatives,Bitrue,bitrue,SKHY/USDT,perpetual,125.36236567,278937041.8179997,0.0,0.0,0.0,0,2026-07-29T20:39:16.000Z
SK Hynix,sk-hynix-derivatives,Tapbit,tapbit,SKHY/USDT,perpetual,125.37235391,99056175.27166516,0.0,0.0,0.0,0,2026-07-29T20:39:15.000Z
SK Hynix,sk-hynix-derivatives,DigiFinex,digifinex,SKHY/USDT,perpetual,125.36236567,84051552.36744219,0.0,0.0,0.0,0,2026-07-29T20:39:16.000Z
SK Hynix,sk-hynix-derivatives,Bitunix,bitunix,SKHY/USDT,perpetual,125.11309549,54230119.8478371,0.0,0.0,0.0,0,2026-07-29T20:39:16.000Z
SK Hynix,sk-hynix-derivatives,MGBX,mgbx,SKHY/USDT,perpetual,129.08673144,46681465.43197142,0.0,0.0,0.0,0,2026-07-29T15:15:16.000Z
SK Hynix,sk-hynix-derivatives,Zoomex,zoomex,SKHY/USDT,perpetual,125.44270847,41952770.30856437,0.0,0.0,0.0,0,2026-07-29T20:39:15.000Z
SK Hynix,sk-hynix-derivatives,Ondo Perps,ondoperps,SKHY/USD,perpetual,125.45707212,37087782.7542896,0.0,0.0,0.0,0,2026-07-29T20:39:16.000Z
SK Hynix,sk-hynix-derivatives,KCEX,kcex,SKHY/USDT,perpetual,125.37279056,30128595.89754042,0.0,0.0,0.0,0,2026-07-29T20:39:15.000Z
SK Hynix,sk-hynix-derivatives,WEEX,weex,SKHY/USDT,perpetual,125.36280229,8404380.88174201,0.0,0.0,0.0,0,2026-07-29T20:39:17.000Z
SK Hynix,sk-hynix-derivatives,Pionex,pionex,SKHY/USDT,perpetual,125.34238919,6303811.61906895,0.0,0.0,0.0,0,2026-07-29T20:39:16.000Z
SK Hynix,sk-hynix-derivatives,Coinbase International Exchange,coinbase-international-exchange,SKHY/USDC,perpetual,123.66627322,3416883.5479402,0.0,0.0,0.0,0,2026-07-29T20:39:16.000Z
SK Hynix,sk-hynix-derivatives,Lighter,lighter,SKHY/USDC,perpetual,125.53591451,2477330.20584392,0.0,0.0,0.0,0,2026-07-29T20:39:15.000Z
SK Hynix,sk-hynix-derivatives,BloFin,blofin,SKHY/USDT,perpetual,125.39614614,675762.45066743,0.0,0.0,0.0,0,2026-07-29T20:39:24.000Z
SK Hynix,sk-hynix-derivatives,ADEN,aden-decentralized-derivatives-exchange,SKHY/USDT,perpetual,124.91443347,72110.5435303,0.0,0.0,0.0,0,2026-07-29T20:36:53.000Z
SK Hynix,sk-hynix-derivatives,BitMart,bitmart,SKHY/USDT,perpetual,157.00510126,0.0,0.0,0.0,0.0,0,2026-07-29T20:39:16.000Z
SK Hynix,sk-hynix-derivatives,BTSE,btse,SKHY/USDT,perpetual,124.79327749015386,1633799.0629,,,,0,2026-07-29T20:39:15.356Z
SK Hynix,sk-hynix-derivatives,BTSE,btse,SKHY/USDT,perpetual,124.79327749015386,1633799.0629,,,,0,2026-07-29T20:39:15.356Z
SK Hynix,sk-hynix-derivatives,ADEN,aden-decentralized-derivatives-exchange,SKHY/USDC,perpetual,124.79327749015386,0.0,,,,0,2026-07-29T20:36:53.832Z
GraniteShares 2x Long INTC Daily ETF,graniteshares-2x-long-intc-daily-etf-derivaties,Binance,binance,INTW/USDT,perpetual,15.68153248,5210503.66028971,0.0,0.0,0.0,0,2026-07-29T20:39:17.000Z
GraniteShares 2x Long INTC Daily ETF,graniteshares-2x-long-intc-daily-etf-derivaties,Bybit,bybit,INTW/USDT,perpetual,15.67154424,560805.699465,0.0,0.0,0.0,0,2026-07-29T20:39:16.000Z
GraniteShares 2x Long INTC Daily ETF,graniteshares-2x-long-intc-daily-etf-derivaties,Gate,gate,INTW/USDT,perpetual,15.62207843,533356.13640609,0.0,0.0,0.0,0,2026-07-29T20:39:19.000Z
GraniteShares 2x Long INTC Daily ETF,graniteshares-2x-long-intc-daily-etf-derivaties,HTX,htx,INTW/USDT,perpetual,15.50221593,2622.26774706,0.0,0.0,0.0,0,2026-07-29T20:39:17.000Z
GraniteShares 2x Long INTC Daily ETF,graniteshares-2x-long-intc-daily-etf-derivaties,Bitget,bitget,INTW/USDT,perpetual,15.64957012,2133922.54820897,0.0,0.0,0.0,0,2026-07-29T20:39:15.000Z
GraniteShares 2x Long INTC Daily ETF,graniteshares-2x-long-intc-daily-etf-derivaties,MEXC,mexc,INTW/USDT,perpetual,15.67154424,594371.16743235,0.0,0.0,0.0,0,2026-07-29T20:39:16.000Z
GraniteShares 2x Long INTC Daily ETF,graniteshares-2x-long-intc-daily-etf-derivaties,BingX,bingx,INTW/USDT,perpetual,15.65315779,1202700.03986742,0.0,0.0,0.0,0,2026-07-29T20:39:17.000Z
GraniteShares 2x Long INTC Daily ETF,graniteshares-2x-long-intc-daily-etf-derivaties,XT.COM,xt,INTW/USDT,perpetual,15.50078122,354484.79297936,0.0,0.0,0.0,0,2026-07-29T20:36:41.000Z
GraniteShares 2x Long INTC Daily ETF,graniteshares-2x-long-intc-daily-etf-derivaties,Tapbit,tapbit,INTW/USDT,perpetual,15.67154424,7486063.489998,0.0,0.0,0.0,0,2026-07-29T20:39:15.000Z
GraniteShares 2x Long INTC Daily ETF,graniteshares-2x-long-intc-daily-etf-derivaties,Ourbit,ourbit,INTW/USDT,perpetual,15.65162228,4192407.69601304,0.0,0.0,0.0,0,2026-07-29T20:39:17.000Z
GraniteShares 2x Long INTC Daily ETF,graniteshares-2x-long-intc-daily-etf-derivaties,LBank,lbank,INTW/USDT,perpetual,15.64157953,2715537.80024164,0.0,0.0,0.0,0,2026-07-29T20:39:16.000Z
GraniteShares 2x Long INTC Daily ETF,graniteshares-2x-long-intc-daily-etf-derivaties,CoinW,coinw,INTW/USDT,perpetual,15.67154424,1416422.29512235,0.0,0.0,0.0,0,2026-07-29T20:39:17.000Z
GraniteShares 2x Long INTC Daily ETF,graniteshares-2x-long-intc-daily-etf-derivaties,WEEX,weex,INTW/USDT,perpetual,15.6636082,922645.69765864,0.0,0.0,0.0,0,2026-07-29T20:39:17.000Z
GraniteShares 2x Long INTC Daily ETF,graniteshares-2x-long-intc-daily-etf-derivaties,Hotcoin,hotcoin-global,INTW/USDT,perpetual,15.67154424,823178.57493968,0.0,0.0,0.0,0,2026-07-29T20:39:18.000Z
GraniteShares 2x Long INTC Daily ETF,graniteshares-2x-long-intc-daily-etf-derivaties,Toobit,toobit,INTW/USDT,perpetual,15.70156364,435576.3929415,0.0,0.0,0.0,0,2026-07-29T20:39:16.000Z
GraniteShares 2x Long INTC Daily ETF,graniteshares-2x-long-intc-daily-etf-derivaties,Bitrue,bitrue,INTW/USDT,perpetual,15.68153248,414904.551214,0.0,0.0,0.0,0,2026-07-29T20:39:16.000Z
GraniteShares 2x Long INTC Daily ETF,graniteshares-2x-long-intc-daily-etf-derivaties,YUBIT,yubit,INTW/USDT,perpetual,15.67159882,390349.65169302,0.0,0.0,0.0,0,2026-07-29T20:39:15.000Z
GraniteShares 2x Long INTC Daily ETF,graniteshares-2x-long-intc-daily-etf-derivaties,KCEX,kcex,INTW/USDT,perpetual,15.68158709,284917.38948572,0.0,0.0,0.0,0,2026-07-29T20:39:15.000Z
GraniteShares 2x Long INTC Daily ETF,graniteshares-2x-long-intc-daily-etf-derivaties,Bitunix,bitunix,INTW/USDT,perpetual,15.58170437,199860.2892984,0.0,0.0,0.0,0,2026-07-29T20:39:16.000Z
GraniteShares 2x Long INTC Daily ETF,graniteshares-2x-long-intc-daily-etf-derivaties,Zoomex,zoomex,INTW/USDT,perpetual,15.641634,168236.04283787,0.0,0.0,0.0,0,2026-07-29T20:39:15.000Z
GraniteShares 2x Long INTC Daily ETF,graniteshares-2x-long-intc-daily-etf-derivaties,MGBX,mgbx,INTW/USDT,perpetual,16.7262532,122650.4476371,0.0,0.0,0.0,0,2026-07-29T15:15:16.000Z
GraniteShares 2x Long INTC Daily ETF,graniteshares-2x-long-intc-daily-etf-derivaties,BitMart,bitmart,INTW/USDT,perpetual,21.22500415,0.0,0.0,0.0,0.0,0,2026-07-29T20:39:16.000Z
GraniteShares 2x Long INTC Daily ETF,graniteshares-2x-long-intc-daily-etf-derivaties,ADEN,aden-decentralized-derivatives-exchange,INTW/USDT,perpetual,15.496944671146483,0.0,,,,0,2026-07-29T20:36:53.832Z
GraniteShares 2x Long INTC Daily ETF,graniteshares-2x-long-intc-daily-etf-derivaties,ADEN,aden-decentralized-derivatives-exchange,INTW/USDT,perpetual,15.496944671146483,0.0,,,,0,2026-07-29T20:36:53.832Z
Tradr 2X Long SNDK Daily ETF,tradr-2x-long-sndk-daily-etf-derivaties,Binance,binance,SNXX/USDT,perpetual,6.68213072,708714602.783844,0.0,0.0,0.0,0,2026-07-29T20:39:17.000Z
Tradr 2X Long SNDK Daily ETF,tradr-2x-long-sndk-daily-etf-derivaties,KuCoin,kucoin,SNXX/USDT,perpetual,6.68233406,2032164.34084415,0.0,0.0,0.0,0,2026-07-29T20:39:19.000Z
Tradr 2X Long SNDK Daily ETF,tradr-2x-long-sndk-daily-etf-derivaties,OKX,okx,SNXX/USDT,perpetual,6.60165904,118088037.67010194,0.0,0.0,0.0,0,2026-07-29T20:37:29.000Z
Tradr 2X Long SNDK Daily ETF,tradr-2x-long-sndk-daily-etf-derivaties,Bybit,bybit,SNXX/USDT,perpetual,6.69211895,45349698.56215189,0.0,0.0,0.0,0,2026-07-29T20:39:16.000Z
Tradr 2X Long SNDK Daily ETF,tradr-2x-long-sndk-daily-etf-derivaties,Gate,gate,SNXX/USDT,perpetual,6.67833864,18465969.9281312,0.0,0.0,0.0,0,2026-07-29T20:39:19.000Z
Tradr 2X Long SNDK Daily ETF,tradr-2x-long-sndk-daily-etf-derivaties,HTX,htx,SNXX/USDT,perpetual,6.63239135,22232.44904141,0.0,0.0,0.0,0,2026-07-29T20:39:17.000Z
Tradr 2X Long SNDK Daily ETF,tradr-2x-long-sndk-daily-etf-derivaties,Bitget,bitget,SNXX/USDT,perpetual,6.67414013,40524884.60497478,0.0,0.0,0.0,0,2026-07-29T20:39:15.000Z
Tradr 2X Long SNDK Daily ETF,tradr-2x-long-sndk-daily-etf-derivaties,MEXC,mexc,SNXX/USDT,perpetual,6.65216601,8720167.85598119,0.0,0.0,0.0,0,2026-07-29T20:39:16.000Z
Tradr 2X Long SNDK Daily ETF,tradr-2x-long-sndk-daily-etf-derivaties,XT.COM,xt,SNXX/USDT,perpetual,6.65175277,49599784.13387462,0.0,0.0,0.0,0,2026-07-29T20:36:41.000Z
Tradr 2X Long SNDK Daily ETF,tradr-2x-long-sndk-daily-etf-derivaties,BingX,bingx,SNXX/USDT,perpetual,6.6728203,2102835.89744655,0.0,0.0,0.0,0,2026-07-29T20:39:17.000Z
Tradr 2X Long SNDK Daily ETF,tradr-2x-long-sndk-daily-etf-derivaties,Ourbit,ourbit,SNXX/USDT,perpetual,6.68215399,680211276.8420943,0.0,0.0,0.0,0,2026-07-29T20:39:17.000Z
Tradr 2X Long SNDK Daily ETF,tradr-2x-long-sndk-daily-etf-derivaties,LBank,lbank,SNXX/USDT,perpetual,6.67214248,272363010.6622406,0.0,0.0,0.0,0,2026-07-29T20:39:16.000Z
Tradr 2X Long SNDK Daily ETF,tradr-2x-long-sndk-daily-etf-derivaties,CoinW,coinw,SNXX/USDT,perpetual,6.70210719,162496703.0282667,0.0,0.0,0.0,0,2026-07-29T20:39:17.000Z
Tradr 2X Long SNDK Daily ETF,tradr-2x-long-sndk-daily-etf-derivaties,Tapbit,tapbit,SNXX/USDT,perpetual,6.68213072,151576122.10928303,0.0,0.0,0.0,0,2026-07-29T20:39:15.000Z
Tradr 2X Long SNDK Daily ETF,tradr-2x-long-sndk-daily-etf-derivaties,Hotcoin,hotcoin-global,SNXX/USDT,perpetual,6.68213072,62609892.78956184,0.0,0.0,0.0,0,2026-07-29T20:39:18.000Z
Tradr 2X Long SNDK Daily ETF,tradr-2x-long-sndk-daily-etf-derivaties,Toobit,toobit,SNXX/USDT,perpetual,6.68215399,54121483.77296247,0.0,0.0,0.0,0,2026-07-29T20:39:16.000Z
Tradr 2X Long SNDK Daily ETF,tradr-2x-long-sndk-daily-etf-derivaties,Bitrue,bitrue,SNXX/USDT,perpetual,6.69211895,48984276.52798486,0.0,0.0,0.0,0,2026-07-29T20:39:16.000Z
Tradr 2X Long SNDK Daily ETF,tradr-2x-long-sndk-daily-etf-derivaties,KCEX,kcex,SNXX/USDT,perpetual,6.68215399,38044146.32476112,0.0,0.0,0.0,0,2026-07-29T20:39:15.000Z
Tradr 2X Long SNDK Daily ETF,tradr-2x-long-sndk-daily-etf-derivaties,YUBIT,yubit,SNXX/USDT,perpetual,6.67216572,30309059.90803988,0.0,0.0,0.0,0,2026-07-29T20:39:15.000Z
Tradr 2X Long SNDK Daily ETF,tradr-2x-long-sndk-daily-etf-derivaties,Bitunix,bitunix,SNXX/USDT,perpetual,6.6422009,26697387.44896686,0.0,0.0,0.0,0,2026-07-29T20:39:16.000Z
Tradr 2X Long SNDK Daily ETF,tradr-2x-long-sndk-daily-etf-derivaties,Zoomex,zoomex,SNXX/USDT,perpetual,6.69214226,13604941.27327297,0.0,0.0,0.0,0,2026-07-29T20:39:15.000Z
Tradr 2X Long SNDK Daily ETF,tradr-2x-long-sndk-daily-etf-derivaties,MGBX,mgbx,SNXX/USDT,perpetual,6.97010432,12466063.85747374,0.0,0.0,0.0,0,2026-07-29T15:15:16.000Z
Tradr 2X Long SNDK Daily ETF,tradr-2x-long-sndk-daily-etf-derivaties,WEEX,weex,SNXX/USDT,perpetual,6.67915751,728754.42659583,0.0,0.0,0.0,0,2026-07-29T20:39:17.000Z
Tradr 2X Long SNDK Daily ETF,tradr-2x-long-sndk-daily-etf-derivaties,BloFin,blofin,SNXX/USDT,perpetual,6.67234552,325148.9790554,0.0,0.0,0.0,0,2026-07-29T20:39:24.000Z
Tradr 2X Long SNDK Daily ETF,tradr-2x-long-sndk-daily-etf-derivaties,ADEN,aden-decentralized-derivatives-exchange,SNXX/USDT,perpetual,6.68167874,4988.24201957,0.0,0.0,0.0,0,2026-07-29T20:36:53.000Z
Tradr 2X Long SNDK Daily ETF,tradr-2x-long-sndk-daily-etf-derivaties,BitMart,bitmart,SNXX/USDT,perpetual,14.3730734,0.0,0.0,0.0,0.0,0,2026-07-29T20:39:16.000Z
State Street SPDR S&P Biotech ETF,state-street-spdr-sp-biotech-etf-derivaties,Binance,binance,XBI/USDT,perpetual,147.94577008,278808.21072619,0.0,0.0,0.0,0,2026-07-29T20:39:17.000Z
State Street SPDR S&P Biotech ETF,state-street-spdr-sp-biotech-etf-derivaties,Bybit,bybit,XBI/USDT,perpetual,147.18666405,491121.49900958,0.0,0.0,0.0,0,2026-07-29T20:39:16.000Z
State Street SPDR S&P Biotech ETF,state-street-spdr-sp-biotech-etf-derivaties,OKX,okx,XBI/USDT,perpetual,147.86318026,48882.08876111,0.0,0.0,0.0,0,2026-07-29T20:37:29.000Z
State Street SPDR S&P Biotech ETF,state-street-spdr-sp-biotech-etf-derivaties,HTX,htx,XBI/USDT,perpetual,147.85038675,42359.49079593,0.0,0.0,0.0,0,2026-07-29T20:39:17.000Z
State Street SPDR S&P Biotech ETF,state-street-spdr-sp-biotech-etf-derivaties,Gate,gate,XBI/USDT,perpetual,147.70055863,4075.32480699,0.0,0.0,0.0,0,2026-07-29T20:39:19.000Z
State Street SPDR S&P Biotech ETF,state-street-spdr-sp-biotech-etf-derivaties,Bitget,bitget,XBI/USDT,perpetual,147.815923,54445.39549719,0.0,0.0,0.0,0,2026-07-29T20:39:15.000Z
State Street SPDR S&P Biotech ETF,state-street-spdr-sp-biotech-etf-derivaties,MEXC,mexc,XBI/USDT,perpetual,147.40640527,99599.81181547,0.0,0.0,0.0,0,2026-07-29T20:39:16.000Z
State Street SPDR S&P Biotech ETF,state-street-spdr-sp-biotech-etf-derivaties,BingX,bingx,XBI/USDT,perpetual,147.96079973,1236174.45265481,0.0,0.0,0.0,0,2026-07-29T20:39:17.000Z
State Street SPDR S&P Biotech ETF,state-street-spdr-sp-biotech-etf-derivaties,XT.COM,xt,XBI/USDT,perpetual,147.87665386,72150.67506472,0.0,0.0,0.0,0,2026-07-29T20:36:41.000Z
State Street SPDR S&P Biotech ETF,state-street-spdr-sp-biotech-etf-derivaties,LBank,lbank,XBI/USDT,perpetual,147.6561112,1094521.97787667,0.0,0.0,0.0,0,2026-07-29T20:39:16.000Z
State Street SPDR S&P Biotech ETF,state-street-spdr-sp-biotech-etf-derivaties,CoinW,coinw,XBI/USDT,perpetual,147.87585242,625130.42845935,0.0,0.0,0.0,0,2026-07-29T20:39:17.000Z
State Street SPDR S&P Biotech ETF,state-street-spdr-sp-biotech-etf-derivaties,Ourbit,ourbit,XBI/USDT,perpetual,147.79646128,300939.22886279,0.0,0.0,0.0,0,2026-07-29T20:39:17.000Z
State Street SPDR S&P Biotech ETF,state-street-spdr-sp-biotech-etf-derivaties,WEEX,weex,XBI/USDT,perpetual,147.75650819,176556.1013637,0.0,0.0,0.0,0,2026-07-29T20:39:17.000Z
State Street SPDR S&P Biotech ETF,state-street-spdr-sp-biotech-etf-derivaties,Hotcoin,hotcoin-global,XBI/USDT,perpetual,147.74600534,85447.37198773,0.0,0.0,0.0,0,2026-07-29T20:39:18.000Z
State Street SPDR S&P Biotech ETF,state-street-spdr-sp-biotech-etf-derivaties,Toobit,toobit,XBI/USDT,perpetual,148.02619153,45476.40260268,0.0,0.0,0.0,0,2026-07-29T20:39:16.000Z
State Street SPDR S&P Biotech ETF,state-street-spdr-sp-biotech-etf-derivaties,KCEX,kcex,XBI/USDT,perpetual,147.84640264,31604.53598406,0.0,0.0,0.0,0,2026-07-29T20:39:15.000Z
State Street SPDR S&P Biotech ETF,state-street-spdr-sp-biotech-etf-derivaties,YUBIT,yubit,XBI/USDT,perpetual,147.94628536,23849.25682912,0.0,0.0,0.0,0,2026-07-29T20:39:15.000Z
State Street SPDR S&P Biotech ETF,state-street-spdr-sp-biotech-etf-derivaties,BitMart,bitmart,XBI/USDT,perpetual,150.9821942,0.0,0.0,0.0,0.0,0,2026-07-29T20:39:16.000Z
State Street SPDR S&P Biotech ETF,state-street-spdr-sp-biotech-etf-derivaties,ADEN,aden-decentralized-derivatives-exchange,XBI/USDT,perpetual,147.75555416743282,0.0,,,,0,2026-07-29T20:36:53.832Z
State Street SPDR S&P Biotech ETF,state-street-spdr-sp-biotech-etf-derivaties,ADEN,aden-decentralized-derivatives-exchange,XBI/USDT,perpetual,147.75555416743282,0.0,,,,0,2026-07-29T20:36:53.832Z
CEA Industries Inc,cea-industries-inc-derivaties,Binance,binance,BNC/USDT,perpetual,2.52902167,760671.16327213,0.0,0.0,0.0,0,2026-07-29T20:39:17.000Z
CEA Industries Inc,cea-industries-inc-derivaties,Bybit,bybit,BNC/USDT,perpetual,2.52802285,1128701.09397474,0.0,0.0,0.0,0,2026-07-29T20:39:16.000Z
CEA Industries Inc,cea-industries-inc-derivaties,HTX,htx,BNC/USDT,perpetual,2.52809978,17135.11467887,0.0,0.0,0.0,0,2026-07-29T20:39:17.000Z
CEA Industries Inc,cea-industries-inc-derivaties,Bitget,bitget,BNC/USDT,perpetual,2.52013214,133893.15483797,0.0,0.0,0.0,0,2026-07-29T20:39:15.000Z
CEA Industries Inc,cea-industries-inc-derivaties,CoinW,coinw,BNC/USDT,perpetual,2.52802285,1156061.44186817,0.0,0.0,0.0,0,2026-07-29T20:39:17.000Z
CEA Industries Inc,cea-industries-inc-derivaties,Ourbit,ourbit,BNC/USDT,perpetual,2.52803165,761598.77372621,0.0,0.0,0.0,0,2026-07-29T20:39:17.000Z
CEA Industries Inc,cea-industries-inc-derivaties,Zoomex,zoomex,BNC/USDT,perpetual,2.52803165,338611.50753279,0.0,0.0,0.0,0,2026-07-29T20:39:15.000Z
CEA Industries Inc,cea-industries-inc-derivaties,WEEX,weex,BNC/USDT,perpetual,2.52753224,330605.76619397,0.0,0.0,0.0,0,2026-07-29T20:39:17.000Z
CEA Industries Inc,cea-industries-inc-derivaties,Hotcoin,hotcoin-global,BNC/USDT,perpetual,2.5260252,202369.67718344,0.0,0.0,0.0,0,2026-07-29T20:39:18.000Z
CEA Industries Inc,cea-industries-inc-derivaties,Toobit,toobit,BNC/USDT,perpetual,2.52703282,98848.67881797,0.0,0.0,0.0,0,2026-07-29T20:39:16.000Z
CEA Industries Inc,cea-industries-inc-derivaties,Bitunix,bitunix,BNC/USDT,perpetual,2.52903048,93095.10017887,0.0,0.0,0.0,0,2026-07-29T20:39:16.000Z
CEA Industries Inc,cea-industries-inc-derivaties,KCEX,kcex,BNC/USDT,perpetual,2.52803165,56449.56839965,0.0,0.0,0.0,0,2026-07-29T20:39:15.000Z
CEA Industries Inc,cea-industries-inc-derivaties,YUBIT,yubit,BNC/USDT,perpetual,2.52703282,46031.02158364,0.0,0.0,0.0,0,2026-07-29T20:39:15.000Z
CEA Industries Inc,cea-industries-inc-derivaties,MGBX,mgbx,BNC/USDT,perpetual,2.69417499,38211.57121034,0.0,0.0,0.0,0,2026-07-29T15:15:16.000Z
CEA Industries Inc,cea-industries-inc-derivaties,BitMart,bitmart,BNC/USDT,perpetual,2.85713526,0.0,0.0,0.0,0.0,0,2026-07-29T20:39:16.000Z
CEA Industries Inc,cea-industries-inc-derivaties,XT.COM,xt,BNC/USDT,perpetual,2.5275433609420115,609120.3,,,,0,2026-07-29T20:36:41.640Z
CEA Industries Inc,cea-industries-inc-derivaties,XT.COM,xt,BNC/USDT,perpetual,2.5275433609420115,609120.3,,,,0,2026-07-29T20:36:41.640Z
Forward Industries Inc,forward-industries-inc-derivaties,Binance,binance,FWDI/USDT,perpetual,3.8185031,740166.38184746,0.0,0.0,0.0,0,2026-07-29T20:39:17.000Z
Forward Industries Inc,forward-industries-inc-derivaties,Bybit,bybit,FWDI/USDT,perpetual,3.82249839,1143034.57869303,0.0,0.0,0.0,0,2026-07-29T20:39:16.000Z
Forward Industries Inc,forward-industries-inc-derivaties,OKX,okx,FWDI/USDT,perpetual,3.80519228,147474.03193157,0.0,0.0,0.0,0,2026-07-29T20:37:29.000Z
Forward Industries Inc,forward-industries-inc-derivaties,HTX,htx,FWDI/USDT,perpetual,3.81562274,31470.91671574,0.0,0.0,0.0,0,2026-07-29T20:39:17.000Z
Forward Industries Inc,forward-industries-inc-derivaties,Bitget,bitget,FWDI/USDT,perpetual,3.83048898,223152.0999608,0.0,0.0,0.0,0,2026-07-29T20:39:15.000Z
Forward Industries Inc,forward-industries-inc-derivaties,BingX,bingx,FWDI/USDT,perpetual,3.81889102,1229062.26510185,0.0,0.0,0.0,0,2026-07-29T20:39:17.000Z
Forward Industries Inc,forward-industries-inc-derivaties,XT.COM,xt,FWDI/USDT,perpetual,3.82525722,613824.99379996,0.0,0.0,0.0,0,2026-07-29T20:36:41.000Z
Forward Industries Inc,forward-industries-inc-derivaties,CoinW,coinw,FWDI/USDT,perpetual,3.82050075,1249173.72718866,0.0,0.0,0.0,0,2026-07-29T20:39:17.000Z
Forward Industries Inc,forward-industries-inc-derivaties,Ourbit,ourbit,FWDI/USDT,perpetual,3.82051405,754574.94412242,0.0,0.0,0.0,0,2026-07-29T20:39:17.000Z
Forward Industries Inc,forward-industries-inc-derivaties,WEEX,weex,FWDI/USDT,perpetual,3.82051405,564879.32853116,0.0,0.0,0.0,0,2026-07-29T20:39:17.000Z
Forward Industries Inc,forward-industries-inc-derivaties,LBank,lbank,FWDI/USDT,perpetual,3.8185031,495634.35287892,0.0,0.0,0.0,0,2026-07-29T20:39:16.000Z
Forward Industries Inc,forward-industries-inc-derivaties,Zoomex,zoomex,FWDI/USDT,perpetual,3.82251171,342911.56792483,0.0,0.0,0.0,0,2026-07-29T20:39:15.000Z
Forward Industries Inc,forward-industries-inc-derivaties,Hotcoin,hotcoin-global,FWDI/USDT,perpetual,3.81650545,184216.05598976,0.0,0.0,0.0,0,2026-07-29T20:39:18.000Z
Forward Industries Inc,forward-industries-inc-derivaties,Bitunix,bitunix,FWDI/USDT,perpetual,3.8185164,98870.39897473,0.0,0.0,0.0,0,2026-07-29T20:39:16.000Z
Forward Industries Inc,forward-industries-inc-derivaties,Toobit,toobit,FWDI/USDT,perpetual,3.82450936,89673.0810838,0.0,0.0,0.0,0,2026-07-29T20:39:16.000Z
Forward Industries Inc,forward-industries-inc-derivaties,KCEX,kcex,FWDI/USDT,perpetual,3.8185164,70406.83814016,0.0,0.0,0.0,0,2026-07-29T20:39:15.000Z
Forward Industries Inc,forward-industries-inc-derivaties,YUBIT,yubit,FWDI/USDT,perpetual,3.81751757,64293.90778241,0.0,0.0,0.0,0,2026-07-29T20:39:15.000Z
Forward Industries Inc,forward-industries-inc-derivaties,MGBX,mgbx,FWDI/USDT,perpetual,3.8715035,52972.17271234,0.0,0.0,0.0,0,2026-07-29T15:15:16.000Z
Forward Industries Inc,forward-industries-inc-derivaties,BitMart,bitmart,FWDI/USDT,perpetual,4.04223961,0.0,0.0,0.0,0.0,0,2026-07-29T20:39:16.000Z
Snowflake Inc,snowflake-inc-derivaties,Binance,binance,SNOW/USDT,perpetual,284.98438509,1285015.53719744,0.0,0.0,0.0,0,2026-07-29T20:39:17.000Z
Snowflake Inc,snowflake-inc-derivaties,OKX,okx,SNOW/USDT,perpetual,285.01988775,479605.81531931,0.0,0.0,0.0,0,2026-07-29T20:37:29.000Z
Snowflake Inc,snowflake-inc-derivaties,Bybit,bybit,SNOW/USDT,perpetual,285.79343231,341728.08526243,0.0,0.0,0.0,0,2026-07-29T20:39:16.000Z
Snowflake Inc,snowflake-inc-derivaties,Gate,gate,SNOW/USDT,perpetual,284.57353861,171864.83748521,0.0,0.0,0.0,0,2026-07-29T20:39:19.000Z
Snowflake Inc,snowflake-inc-derivaties,HTX,htx,SNOW/USDT,perpetual,286.40144164,39690.06974292,0.0,0.0,0.0,0,2026-07-29T20:39:17.000Z
Snowflake Inc,snowflake-inc-derivaties,Bitget,bitget,SNOW/USDT,perpetual,285.6835617,566440.51166809,0.0,0.0,0.0,0,2026-07-29T20:39:15.000Z
Snowflake Inc,snowflake-inc-derivaties,XT.COM,xt,SNOW/USDT,perpetual,286.32499749,913527.21522203,0.0,0.0,0.0,0,2026-07-29T20:36:41.000Z
Snowflake Inc,snowflake-inc-derivaties,CoinW,coinw,SNOW/USDT,perpetual,285.71352641,1469154.26475386,0.0,0.0,0.0,0,2026-07-29T20:39:17.000Z
Snowflake Inc,snowflake-inc-derivaties,Ourbit,ourbit,SNOW/USDT,perpetual,285.70453324,665599.57756056,0.0,0.0,0.0,0,2026-07-29T20:39:17.000Z
Snowflake Inc,snowflake-inc-derivaties,WEEX,weex,SNOW/USDT,perpetual,285.56469743,523449.90237505,0.0,0.0,0.0,0,2026-07-29T20:39:17.000Z
Snowflake Inc,snowflake-inc-derivaties,LBank,lbank,SNOW/USDT,perpetual,285.41387929,386907.4904523,0.0,0.0,0.0,0,2026-07-29T20:39:16.000Z
Snowflake Inc,snowflake-inc-derivaties,Hotcoin,hotcoin-global,SNOW/USDT,perpetual,285.46382048,278076.52020936,0.0,0.0,0.0,0,2026-07-29T20:39:18.000Z
Snowflake Inc,snowflake-inc-derivaties,Bitrue,bitrue,SNOW/USDT,perpetual,285.64360875,227810.94568126,0.0,0.0,0.0,0,2026-07-29T20:39:16.000Z
Snowflake Inc,snowflake-inc-derivaties,Toobit,toobit,SNOW/USDT,perpetual,285.52474435,186323.43961171,0.0,0.0,0.0,0,2026-07-29T20:39:16.000Z
Snowflake Inc,snowflake-inc-derivaties,Bitunix,bitunix,SNOW/USDT,perpetual,286.62345427,152162.6546081,0.0,0.0,0.0,0,2026-07-29T20:39:16.000Z
Snowflake Inc,snowflake-inc-derivaties,Zoomex,zoomex,SNOW/USDT,perpetual,285.79442769,102518.78263848,0.0,0.0,0.0,0,2026-07-29T20:39:15.000Z
Snowflake Inc,snowflake-inc-derivaties,KCEX,kcex,SNOW/USDT,perpetual,286.26387648,91693.99561904,0.0,0.0,0.0,0,2026-07-29T20:39:15.000Z
Snowflake Inc,snowflake-inc-derivaties,BitMart,bitmart,SNOW/USDT,perpetual,267.4750052,0.0,0.0,0.0,0.0,0,2026-07-29T20:39:16.000Z
Snowflake Inc,snowflake-inc-derivaties,ADEN,aden-decentralized-derivatives-exchange,SNOW/USDT,perpetual,285.60431275,0.0,0.0,0.0,0.0,0,2026-07-29T20:36:53.000Z
Snowflake Inc,snowflake-inc-derivaties,DeriW,deriw,SNOW/USDT,perpetual,286.0929473652612,0.0,,,,0,2026-07-29T20:39:17.910Z
Snowflake Inc,snowflake-inc-derivaties,DeriW,deriw,SNOW/USDT,perpetual,286.0929473652612,0.0,,,,0,2026-07-29T20:39:17.910Z
ChangXin Memory Technologies,changxin-memory-technologies-derivaties,Aster,aster-pro,CXMT/USDT,perpetual,7.10253562,1754068.99187565,0.0,0.0,0.0,0,2026-07-29T20:39:15.000Z
ChangXin Memory Technologies,changxin-memory-technologies-derivaties,Hyperliquid,hyperliquid,xyz:CXMT/USDC,perpetual,7.07428187,63235452.36312177,0.0,0.0,0.0,0,2026-07-29T20:39:26.000Z
ChangXin Memory Technologies,changxin-memory-technologies-derivaties,Gate,gate,CXMT/USDT,perpetual,7.03592842,28288167.94981158,0.0,0.0,0.0,0,2026-07-29T20:39:19.000Z
ChangXin Memory Technologies,changxin-memory-technologies-derivaties,Bybit,bybit,CXMT/USDT,perpetual,7.0516955,7260329.10511269,0.0,0.0,0.0,0,2026-07-29T20:39:16.000Z
ChangXin Memory Technologies,changxin-memory-technologies-derivaties,HTX,htx,CXMT/USDT,perpetual,7.05101111,78214.22248023,0.0,0.0,0.0,0,2026-07-29T20:39:17.000Z
ChangXin Memory Technologies,changxin-memory-technologies-derivaties,MEXC,mexc,CXMTSTOCK/USDT,perpetual,7.06667785,3207702.23162075,0.0,0.0,0.0,0,2026-07-29T20:39:16.000Z
ChangXin Memory Technologies,changxin-memory-technologies-derivaties,Biconomy.com,biconomy,CXMT/USDT,perpetual,7.06081966,26114435.93476618,0.0,0.0,0.0,0,2026-07-29T20:36:15.000Z
ChangXin Memory Technologies,changxin-memory-technologies-derivaties,SunX,sunperp,CXMT/USDT,perpetual,6.62257436,902191.05442441,0.0,0.0,0.0,0,2026-07-29T20:39:16.000Z
ChangXin Memory Technologies,changxin-memory-technologies-derivaties,Hotcoin,hotcoin-global,CXMT/USDT,perpetual,7.03571432,3415555.63434611,0.0,0.0,0.0,0,2026-07-29T20:39:18.000Z
ChangXin Memory Technologies,changxin-memory-technologies-derivaties,Bitrue,bitrue,CXMT/USDT,perpetual,7.03171902,2562613.63025736,0.0,0.0,0.0,0,2026-07-29T20:39:16.000Z
ChangXin Memory Technologies,changxin-memory-technologies-derivaties,Zoomex,zoomex,CXMT/USDT,perpetual,7.05172006,2178106.31759821,0.0,0.0,0.0,0,2026-07-29T20:39:15.000Z
ChangXin Memory Technologies,changxin-memory-technologies-derivaties,LBank,lbank,CXMT/USDT,perpetual,7.06667785,1584416.9763877,0.0,0.0,0.0,0,2026-07-29T20:39:16.000Z
ChangXin Memory Technologies,changxin-memory-technologies-derivaties,Ourbit,ourbit,CXMT/USDT,perpetual,7.06470481,749695.46387994,0.0,0.0,0.0,0,2026-07-29T20:39:17.000Z
ChangXin Memory Technologies,changxin-memory-technologies-derivaties,Lighter,lighter,CXMT/USDC,perpetual,6.99865723,552188.3869124,0.0,0.0,0.0,0,2026-07-29T20:39:15.000Z
ChangXin Memory Technologies,changxin-memory-technologies-derivaties,WEEX,weex,CXMT/USDT,perpetual,7.05971067,33396.61457246,0.0,0.0,0.0,0,2026-07-29T20:39:17.000Z
ChangXin Memory Technologies,changxin-memory-technologies-derivaties,ADEN,aden-decentralized-derivatives-exchange,CXMT/USDT,perpetual,7.02924588,4875.87266265,0.0,0.0,0.0,0,2026-07-29T20:36:53.000Z
ChangXin Memory Technologies,changxin-memory-technologies-derivaties,BTCC,btcc,CXMT/USDT,perpetual,7.0580013182597146,151382341.317392,,,,0,2026-07-29T20:39:16.379Z
ChangXin Memory Technologies,changxin-memory-technologies-derivaties,BTCC,btcc,CXMT/USDT,perpetual,7.0580013182597146,151382341.317392,,,,0,2026-07-29T20:39:16.379Z
ChangXin Memory Technologies,changxin-memory-technologies-derivaties,DeriW,deriw,CXMT/USDT,perpetual,7.0580013182597146,0.0,,,,0,2026-07-29T20:39:17.910Z
ChangXin Memory Technologies,changxin-memory-technologies-derivaties,DeriW,deriw,CXMT/USDT,perpetual,7.0580013182597146,0.0,,,,0,2026-07-29T20:39:17.910Z
Direxion Daily Semiconductor Bear 3X Shares,direxion-daily-semiconductor-bear-3x-shares-derivaties,Binance,binance,SOXS/USDT,perpetual,74.1227086,577531898.3062899,0.0,0.0,0.0,0,2026-07-29T20:39:17.000Z
Direxion Daily Semiconductor Bear 3X Shares,direxion-daily-semiconductor-bear-3x-shares-derivaties,KuCoin,kucoin,SOXS/USDT,perpetual,74.06503295,1794884.92864437,0.0,0.0,0.0,0,2026-07-29T20:39:19.000Z
Direxion Daily Semiconductor Bear 3X Shares,direxion-daily-semiconductor-bear-3x-shares-derivaties,OKX,okx,SOXS/USDT,perpetual,75.00523362,55733748.918033,0.0,0.0,0.0,0,2026-07-29T20:37:29.000Z
Direxion Daily Semiconductor Bear 3X Shares,direxion-daily-semiconductor-bear-3x-shares-derivaties,Bybit,bybit,SOXS/USDT,perpetual,74.15267331,24219936.44149242,0.0,0.0,0.0,0,2026-07-29T20:39:16.000Z
Direxion Daily Semiconductor Bear 3X Shares,direxion-daily-semiconductor-bear-3x-shares-derivaties,Gate,gate,SOXS/USDT,perpetual,73.45573194,5380719.26474408,0.0,0.0,0.0,0,2026-07-29T20:39:19.000Z
Direxion Daily Semiconductor Bear 3X Shares,direxion-daily-semiconductor-bear-3x-shares-derivaties,HTX,htx,SOXS/USDT,perpetual,74.03506733,125249.55211634,0.0,0.0,0.0,0,2026-07-29T20:39:17.000Z
Direxion Daily Semiconductor Bear 3X Shares,direxion-daily-semiconductor-bear-3x-shares-derivaties,Bitget,bitget,SOXS/USDT,perpetual,74.06178035,19299124.17577096,0.0,0.0,0.0,0,2026-07-29T20:39:15.000Z
Direxion Daily Semiconductor Bear 3X Shares,direxion-daily-semiconductor-bear-3x-shares-derivaties,MEXC,mexc,SOXS/USDT,perpetual,74.13269684,8162780.31438599,0.0,0.0,0.0,0,2026-07-29T20:39:16.000Z
Direxion Daily Semiconductor Bear 3X Shares,direxion-daily-semiconductor-bear-3x-shares-derivaties,XT.COM,xt,SOXS/USDT,perpetual,74.85718767,51896374.74923981,0.0,0.0,0.0,0,2026-07-29T20:36:41.000Z
Direxion Daily Semiconductor Bear 3X Shares,direxion-daily-semiconductor-bear-3x-shares-derivaties,BingX,bingx,SOXS/USDT,perpetual,74.20016341,2195027.48275863,0.0,0.0,0.0,0,2026-07-29T20:39:17.000Z
Direxion Daily Semiconductor Bear 3X Shares,direxion-daily-semiconductor-bear-3x-shares-derivaties,LBank,lbank,SOXS/USDT,perpetual,74.09274389,277728823.216449,0.0,0.0,0.0,0,2026-07-29T20:39:16.000Z
Direxion Daily Semiconductor Bear 3X Shares,direxion-daily-semiconductor-bear-3x-shares-derivaties,Tapbit,tapbit,SOXS/USDT,perpetual,74.19262626,188154126.49647483,0.0,0.0,0.0,0,2026-07-29T20:39:15.000Z
Direxion Daily Semiconductor Bear 3X Shares,direxion-daily-semiconductor-bear-3x-shares-derivaties,Hotcoin,hotcoin-global,SOXS/USDT,perpetual,73.93293209,54056316.00082707,0.0,0.0,0.0,0,2026-07-29T20:39:18.000Z
Direxion Daily Semiconductor Bear 3X Shares,direxion-daily-semiconductor-bear-3x-shares-derivaties,Toobit,toobit,SOXS/USDT,perpetual,74.19288466,44513710.98118951,0.0,0.0,0.0,0,2026-07-29T20:39:16.000Z
Direxion Daily Semiconductor Bear 3X Shares,direxion-daily-semiconductor-bear-3x-shares-derivaties,Bitunix,bitunix,SOXS/USDT,perpetual,74.43260319,27022554.87591592,0.0,0.0,0.0,0,2026-07-29T20:39:16.000Z
Direxion Daily Semiconductor Bear 3X Shares,direxion-daily-semiconductor-bear-3x-shares-derivaties,KCEX,kcex,SOXS/USDT,perpetual,74.11297849,14595510.59286901,0.0,0.0,0.0,0,2026-07-29T20:39:15.000Z
Direxion Daily Semiconductor Bear 3X Shares,direxion-daily-semiconductor-bear-3x-shares-derivaties,WEEX,weex,SOXS/USDT,perpetual,74.16791398,10088154.75369235,0.0,0.0,0.0,0,2026-07-29T20:39:17.000Z
Direxion Daily Semiconductor Bear 3X Shares,direxion-daily-semiconductor-bear-3x-shares-derivaties,MGBX,mgbx,SOXS/USDT,perpetual,69.66109991,9933450.36304539,0.0,0.0,0.0,0,2026-07-29T15:15:16.000Z
Direxion Daily Semiconductor Bear 3X Shares,direxion-daily-semiconductor-bear-3x-shares-derivaties,Zoomex,zoomex,SOXS/USDT,perpetual,74.12296676,7265836.4982189,0.0,0.0,0.0,0,2026-07-29T20:39:15.000Z
Direxion Daily Semiconductor Bear 3X Shares,direxion-daily-semiconductor-bear-3x-shares-derivaties,BitMart,bitmart,SOXS/USDT,perpetual,72.98804485,1544704.538725,0.0,0.0,0.0,0,2026-07-29T20:39:16.000Z
Direxion Daily Semiconductor Bear 3X Shares,direxion-daily-semiconductor-bear-3x-shares-derivaties,YUBIT,yubit,SOXS/USDT,perpetual,74.05304886,784487.30561332,0.0,0.0,0.0,0,2026-07-29T20:39:15.000Z
Direxion Daily Semiconductor Bear 3X Shares,direxion-daily-semiconductor-bear-3x-shares-derivaties,ADEN,aden-decentralized-derivatives-exchange,SOXS/USDT,perpetual,74.05776958,43248.06751716,0.0,0.0,0.0,0,2026-07-29T20:36:53.000Z
Direxion Daily Semiconductor Bear 3X Shares,direxion-daily-semiconductor-bear-3x-shares-derivaties,Bitbase,bitbase-com,SOXS/USDT,perpetual,74.82017183640433,2507747151935.5107,,,,0,2026-07-29T20:39:25.850Z
Direxion Daily Semiconductor Bear 3X Shares,direxion-daily-semiconductor-bear-3x-shares-derivaties,Bitbase,bitbase-com,SOXS/USDT,perpetual,74.82017183640433,2488128376324.7847,,,,0,2026-07-29T20:39:25.850Z
Direxion Daily Small Cap Bear 3X ETF,direxion-daily-small-cap-bear-3x-etf-derivaties,Binance,binance,TZA/USDT,perpetual,43.21910256,643601.25549217,0.0,0.0,0.0,0,2026-07-29T20:39:17.000Z
Direxion Daily Small Cap Bear 3X ETF,direxion-daily-small-cap-bear-3x-etf-derivaties,Bybit,bybit,TZA/USDT,perpetual,43.2290908,243066.15933561,0.0,0.0,0.0,0,2026-07-29T20:39:16.000Z
Direxion Daily Small Cap Bear 3X ETF,direxion-daily-small-cap-bear-3x-etf-derivaties,HTX,htx,TZA/USDT,perpetual,42.93075005,20801.57653147,0.0,0.0,0.0,0,2026-07-29T20:39:17.000Z
Direxion Daily Small Cap Bear 3X ETF,direxion-daily-small-cap-bear-3x-etf-derivaties,Gate,gate,TZA/USDT,perpetual,43.30032607,8285.49492009,0.0,0.0,0.0,0,2026-07-29T20:39:19.000Z
Direxion Daily Small Cap Bear 3X ETF,direxion-daily-small-cap-bear-3x-etf-derivaties,Bitget,bitget,TZA/USDT,perpetual,43.22809197,201432.31666609,0.0,0.0,0.0,0,2026-07-29T20:39:15.000Z
Direxion Daily Small Cap Bear 3X ETF,direxion-daily-small-cap-bear-3x-etf-derivaties,MEXC,mexc,TZA/USDT,perpetual,43.19912609,96761.76946642,0.0,0.0,0.0,0,2026-07-29T20:39:16.000Z
Direxion Daily Small Cap Bear 3X ETF,direxion-daily-small-cap-bear-3x-etf-derivaties,BingX,bingx,TZA/USDT,perpetual,43.22349314,1244637.92627464,0.0,0.0,0.0,0,2026-07-29T20:39:17.000Z
Direxion Daily Small Cap Bear 3X ETF,direxion-daily-small-cap-bear-3x-etf-derivaties,XT.COM,xt,TZA/USDT,perpetual,43.34625677,247365.77641373,0.0,0.0,0.0,0,2026-07-29T20:36:41.000Z
Direxion Daily Small Cap Bear 3X ETF,direxion-daily-small-cap-bear-3x-etf-derivaties,BitMart,bitmart,TZA/USDT,perpetual,43.3089967,1602250.10081782,0.0,0.0,0.0,0,2026-07-29T20:39:16.000Z
Direxion Daily Small Cap Bear 3X ETF,direxion-daily-small-cap-bear-3x-etf-derivaties,LBank,lbank,TZA/USDT,perpetual,43.23907904,1067912.1380394,0.0,0.0,0.0,0,2026-07-29T20:39:16.000Z
Direxion Daily Small Cap Bear 3X ETF,direxion-daily-small-cap-bear-3x-etf-derivaties,Ourbit,ourbit,TZA/USDT,perpetual,43.21925309,656308.32240829,0.0,0.0,0.0,0,2026-07-29T20:39:17.000Z
Direxion Daily Small Cap Bear 3X ETF,direxion-daily-small-cap-bear-3x-etf-derivaties,WEEX,weex,TZA/USDT,perpetual,43.20926482,453683.84235006,0.0,0.0,0.0,0,2026-07-29T20:39:17.000Z
Direxion Daily Small Cap Bear 3X ETF,direxion-daily-small-cap-bear-3x-etf-derivaties,Bitunix,bitunix,TZA/USDT,perpetual,43.31913581,123747.16932447,0.0,0.0,0.0,0,2026-07-29T20:39:16.000Z
Direxion Daily Small Cap Bear 3X ETF,direxion-daily-small-cap-bear-3x-etf-derivaties,Toobit,toobit,TZA/USDT,perpetual,43.18928827,115281.99231295,0.0,0.0,0.0,0,2026-07-29T20:39:16.000Z
Direxion Daily Small Cap Bear 3X ETF,direxion-daily-small-cap-bear-3x-etf-derivaties,Hotcoin,hotcoin-global,TZA/USDT,perpetual,43.24906727,113046.86914447,0.0,0.0,0.0,0,2026-07-29T20:39:18.000Z
Direxion Daily Small Cap Bear 3X ETF,direxion-daily-small-cap-bear-3x-etf-derivaties,Zoomex,zoomex,TZA/USDT,perpetual,43.22924136,72920.10177203,0.0,0.0,0.0,0,2026-07-29T20:39:15.000Z
Direxion Daily Small Cap Bear 3X ETF,direxion-daily-small-cap-bear-3x-etf-derivaties,KCEX,kcex,TZA/USDT,perpetual,43.29915926,63106.5539421,0.0,0.0,0.0,0,2026-07-29T20:39:15.000Z
Direxion Daily Small Cap Bear 3X ETF,direxion-daily-small-cap-bear-3x-etf-derivaties,MGBX,mgbx,TZA/USDT,perpetual,42.4697044,49569.81714534,0.0,0.0,0.0,0,2026-07-29T15:15:16.000Z
Direxion Daily Small Cap Bear 3X ETF,direxion-daily-small-cap-bear-3x-etf-derivaties,ADEN,aden-decentralized-derivatives-exchange,TZA/USDT,perpetual,43.32633883427453,0.0,,,,0,2026-07-29T20:36:53.832Z
Direxion Daily Small Cap Bear 3X ETF,direxion-daily-small-cap-bear-3x-etf-derivaties,ADEN,aden-decentralized-derivatives-exchange,TZA/USDT,perpetual,43.32633883427453,0.0,,,,0,2026-07-29T20:36:53.832Z
Tencent Holdings,tencent-holdings-derivatives,Binance,binance,HK0700/USDT,perpetual,468.21859736,1571544.25718326,0.0,0.0,0.0,0,2026-07-29T20:39:17.000Z
Tencent Holdings,tencent-holdings-derivatives,Hyperliquid,hyperliquid,mkts:TENCENT/USDC,perpetual,464.90023326,0.0,0.0,0.0,0.0,0,2026-07-29T20:39:26.000Z
SoFi Technologies Inc,sofi-technologies-inc-derivaties,Binance,binance,SOFI/USDT,perpetual,15.14216766,2832018.43747236,0.0,0.0,0.0,0,2026-07-29T20:39:17.000Z
SoFi Technologies Inc,sofi-technologies-inc-derivaties,Bybit,bybit,SOFI/USDT,perpetual,15.19210885,601538.98197882,0.0,0.0,0.0,0,2026-07-29T20:39:16.000Z
SoFi Technologies Inc,sofi-technologies-inc-derivaties,Gate,gate,SOFI/USDT,perpetual,15.16260553,92977.33684645,0.0,0.0,0.0,0,2026-07-29T20:39:19.000Z
SoFi Technologies Inc,sofi-technologies-inc-derivaties,Bitget,bitget,SOFI/USDT,perpetual,15.14416531,870811.22702707,0.0,0.0,0.0,0,2026-07-29T20:39:15.000Z
SoFi Technologies Inc,sofi-technologies-inc-derivaties,XT.COM,xt,SOFI/USDT,perpetual,15.1312394,1745103.56532929,0.0,0.0,0.0,0,2026-07-29T20:36:41.000Z
SoFi Technologies Inc,sofi-technologies-inc-derivaties,LBank,lbank,SOFI/USDT,perpetual,15.1521559,4893458.77808896,0.0,0.0,0.0,0,2026-07-29T20:39:16.000Z
SoFi Technologies Inc,sofi-technologies-inc-derivaties,Ourbit,ourbit,SOFI/USDT,perpetual,15.15220867,2241199.78308842,0.0,0.0,0.0,0,2026-07-29T20:39:17.000Z
SoFi Technologies Inc,sofi-technologies-inc-derivaties,BitMart,bitmart,SOFI/USDT,perpetual,15.1311806,1607187.92663439,0.0,0.0,0.0,0,2026-07-29T20:39:16.000Z
SoFi Technologies Inc,sofi-technologies-inc-derivaties,Hotcoin,hotcoin-global,SOFI/USDT,perpetual,15.13217943,1178194.48665106,0.0,0.0,0.0,0,2026-07-29T20:39:18.000Z
SoFi Technologies Inc,sofi-technologies-inc-derivaties,WEEX,weex,SOFI/USDT,perpetual,15.1422204,548793.75678696,0.0,0.0,0.0,0,2026-07-29T20:39:17.000Z
SoFi Technologies Inc,sofi-technologies-inc-derivaties,Toobit,toobit,SOFI/USDT,perpetual,15.17218522,520929.85265124,0.0,0.0,0.0,0,2026-07-29T20:39:16.000Z
SoFi Technologies Inc,sofi-technologies-inc-derivaties,Bitunix,bitunix,SOFI/USDT,perpetual,15.1422204,314554.78803088,0.0,0.0,0.0,0,2026-07-29T20:39:16.000Z
SoFi Technologies Inc,sofi-technologies-inc-derivaties,KCEX,kcex,SOFI/USDT,perpetual,15.15220867,254376.3010295,0.0,0.0,0.0,0,2026-07-29T20:39:15.000Z
SoFi Technologies Inc,sofi-technologies-inc-derivaties,Zoomex,zoomex,SOFI/USDT,perpetual,15.19216176,180462.32312073,0.0,0.0,0.0,0,2026-07-29T20:39:15.000Z
SoFi Technologies Inc,sofi-technologies-inc-derivaties,YUBIT,yubit,SOFI/USDT,perpetual,15.13223213,145469.35370619,0.0,0.0,0.0,0,2026-07-29T20:39:15.000Z
SoFi Technologies Inc,sofi-technologies-inc-derivaties,DeriW,deriw,SOFI/USDT,perpetual,15.141841318888716,0.0,,,,0,2026-07-29T20:39:17.910Z
SoFi Technologies Inc,sofi-technologies-inc-derivaties,DeriW,deriw,SOFI/USDT,perpetual,15.141841318888716,0.0,,,,0,2026-07-29T20:39:17.910Z
SoFi Technologies Inc,sofi-technologies-inc-derivaties,ADEN,aden-decentralized-derivatives-exchange,SOFI/USDT,perpetual,15.141841318888716,0.0,,,,0,2026-07-29T20:36:53.832Z
SoFi Technologies Inc,sofi-technologies-inc-derivaties,ADEN,aden-decentralized-derivatives-exchange,SOFI/USDT,perpetual,15.141841318888716,0.0,,,,0,2026-07-29T20:36:53.832Z
Xiaomi,xiaomi-derivatives,Aster,aster-pro,XIAOMI/USDT,perpetual,4.08219256,15737.45661576,0.0,0.0,0.0,0,2026-07-29T20:39:15.000Z
Xiaomi,xiaomi-derivatives,Gate,gate,XIAOMI/USDT,perpetual,4.09330418,1570565.25509475,0.0,0.0,0.0,0,2026-07-29T20:39:19.000Z
Xiaomi,xiaomi-derivatives,Bitget,bitget,XIAOMI/USDT,perpetual,4.09877304,339748.38349541,0.0,0.0,0.0,0,2026-07-29T20:39:15.000Z
Xiaomi,xiaomi-derivatives,BitMart,bitmart,XIAOMI/USDT,perpetual,4.10117021,1592815.01834369,0.0,0.0,0.0,0,2026-07-29T20:39:16.000Z
Xiaomi,xiaomi-derivatives,Ourbit,ourbit,XIAOMI/USDT,perpetual,4.09918684,958588.49696787,0.0,0.0,0.0,0,2026-07-29T20:39:17.000Z
Xiaomi,xiaomi-derivatives,Hotcoin,hotcoin-global,XIAOMI/USDT,perpetual,4.09317962,398170.09073052,0.0,0.0,0.0,0,2026-07-29T20:39:18.000Z
Xiaomi,xiaomi-derivatives,Lighter,lighter,XIAOMI/USDC,perpetual,4.06871937,200202.42962751,0.0,0.0,0.0,0,2026-07-29T20:39:15.000Z
Xiaomi,xiaomi-derivatives,Toobit,toobit,XIAOMI/USDT,perpetual,4.10597887,46821.98735541,0.0,0.0,0.0,0,2026-07-29T20:39:16.000Z
Xiaomi,xiaomi-derivatives,WEEX,weex,XIAOMI/USDT,perpetual,4.09878731,12365.21099407,0.0,0.0,0.0,0,2026-07-29T20:39:17.000Z
Xiaomi,xiaomi-derivatives,ADEN,aden-decentralized-derivatives-exchange,XIAOMI/USDT,perpetual,4.09290276,93.22090411,0.0,0.0,0.0,0,2026-07-29T20:36:53.000Z
Xiaomi,xiaomi-derivatives,DeriW,deriw,XIAOMI/USDT,perpetual,4.098713309340106,0.0,,,,0,2026-07-29T20:39:17.910Z
Xiaomi,xiaomi-derivatives,DeriW,deriw,XIAOMI/USDT,perpetual,4.098713309340106,0.0,,,,0,2026-07-29T20:39:17.910Z
Direxion Daily 20+ Year Treasury Bull 3X Shares,direxion-daily-20-plus-year-treasury-bull-3x-shares-derivatives,Binance,binance,TMF/USDT,perpetual,31.07340607,958936.66607046,0.0,0.0,0.0,0,2026-07-29T20:39:17.000Z
Direxion Daily 20+ Year Treasury Bull 3X Shares,direxion-daily-20-plus-year-treasury-bull-3x-shares-derivatives,Bybit,bybit,TMF/USDT,perpetual,30.9735237,1073472.16761105,0.0,0.0,0.0,0,2026-07-29T20:39:16.000Z
Direxion Daily 20+ Year Treasury Bull 3X Shares,direxion-daily-20-plus-year-treasury-bull-3x-shares-derivatives,OKX,okx,TMF/USDT,perpetual,30.97086943,705104.4931524,0.0,0.0,0.0,0,2026-07-29T20:37:29.000Z
Direxion Daily 20+ Year Treasury Bull 3X Shares,direxion-daily-20-plus-year-treasury-bull-3x-shares-derivatives,HTX,htx,TMF/USDT,perpetual,31.07435165,190515.8551275,0.0,0.0,0.0,0,2026-07-29T20:39:17.000Z
Direxion Daily 20+ Year Treasury Bull 3X Shares,direxion-daily-20-plus-year-treasury-bull-3x-shares-derivatives,Gate,gate,TMF/USDT,perpetual,31.01442041,21583.23981112,0.0,0.0,0.0,0,2026-07-29T20:39:19.000Z
Direxion Daily 20+ Year Treasury Bull 3X Shares,direxion-daily-20-plus-year-treasury-bull-3x-shares-derivatives,Bitget,bitget,TMF/USDT,perpetual,31.00448723,142769.62790944,0.0,0.0,0.0,0,2026-07-29T20:39:15.000Z
Direxion Daily 20+ Year Treasury Bull 3X Shares,direxion-daily-20-plus-year-treasury-bull-3x-shares-derivatives,MEXC,mexc,TMF/USDT,perpetual,31.0534296,37247.09855568,0.0,0.0,0.0,0,2026-07-29T20:39:16.000Z
Direxion Daily 20+ Year Treasury Bull 3X Shares,direxion-daily-20-plus-year-treasury-bull-3x-shares-derivatives,BingX,bingx,TMF/USDT,perpetual,31.07656278,1653094.64216854,0.0,0.0,0.0,0,2026-07-29T20:39:17.000Z
Direxion Daily 20+ Year Treasury Bull 3X Shares,direxion-daily-20-plus-year-treasury-bull-3x-shares-derivatives,XT.COM,xt,TMF/USDT,perpetual,31.04151291,224229.66192434,0.0,0.0,0.0,0,2026-07-29T20:36:41.000Z
Direxion Daily 20+ Year Treasury Bull 3X Shares,direxion-daily-20-plus-year-treasury-bull-3x-shares-derivatives,Ourbit,ourbit,TMF/USDT,perpetual,31.06352602,1404036.33741502,0.0,0.0,0.0,0,2026-07-29T20:39:17.000Z
Direxion Daily 20+ Year Treasury Bull 3X Shares,direxion-daily-20-plus-year-treasury-bull-3x-shares-derivatives,LBank,lbank,TMF/USDT,perpetual,31.0534296,1128675.03776012,0.0,0.0,0.0,0,2026-07-29T20:39:16.000Z
Direxion Daily 20+ Year Treasury Bull 3X Shares,direxion-daily-20-plus-year-treasury-bull-3x-shares-derivatives,Hotcoin,hotcoin-global,TMF/USDT,perpetual,31.07340607,366735.11047151,0.0,0.0,0.0,0,2026-07-29T20:39:18.000Z
Direxion Daily 20+ Year Treasury Bull 3X Shares,direxion-daily-20-plus-year-treasury-bull-3x-shares-derivatives,Bitunix,bitunix,TMF/USDT,perpetual,31.0735143,149443.39748837,0.0,0.0,0.0,0,2026-07-29T20:39:16.000Z
Direxion Daily 20+ Year Treasury Bull 3X Shares,direxion-daily-20-plus-year-treasury-bull-3x-shares-derivatives,Toobit,toobit,TMF/USDT,perpetual,31.08350257,147306.52344974,0.0,0.0,0.0,0,2026-07-29T20:39:16.000Z
Direxion Daily 20+ Year Treasury Bull 3X Shares,direxion-daily-20-plus-year-treasury-bull-3x-shares-derivatives,KCEX,kcex,TMF/USDT,perpetual,31.0735143,56235.7444661,0.0,0.0,0.0,0,2026-07-29T20:39:15.000Z
Direxion Daily 20+ Year Treasury Bull 3X Shares,direxion-daily-20-plus-year-treasury-bull-3x-shares-derivatives,WEEX,weex,TMF/USDT,perpetual,31.06352602,40849.34686997,0.0,0.0,0.0,0,2026-07-29T20:39:17.000Z
Direxion Daily 20+ Year Treasury Bull 3X Shares,direxion-daily-20-plus-year-treasury-bull-3x-shares-derivatives,MGBX,mgbx,TMF/USDT,perpetual,32.62368311,9173.22098481,0.0,0.0,0.0,0,2026-07-29T15:15:16.000Z
Direxion Daily 20+ Year Treasury Bull 3X Shares,direxion-daily-20-plus-year-treasury-bull-3x-shares-derivatives,ADEN,aden-decentralized-derivatives-exchange,TMF/USDT,perpetual,31.0606087419044,0.0,,,,0,2026-07-29T20:36:53.832Z
Direxion Daily 20+ Year Treasury Bull 3X Shares,direxion-daily-20-plus-year-treasury-bull-3x-shares-derivatives,ADEN,aden-decentralized-derivatives-exchange,TMF/USDT,perpetual,31.0606087419044,0.0,,,,0,2026-07-29T20:36:53.832Z
ProShares UltraShort 20+ Year Treasury,proshares-ultrashort-20-plus-year-treasury-derivatives,Binance,binance,TBT/USDT,perpetual,37.68561913,531396.90964113,0.0,0.0,0.0,0,2026-07-29T20:39:17.000Z
ProShares UltraShort 20+ Year Treasury,proshares-ultrashort-20-plus-year-treasury-derivatives,Bybit,bybit,TBT/USDT,perpetual,37.60571323,779255.22064803,0.0,0.0,0.0,0,2026-07-29T20:39:16.000Z
ProShares UltraShort 20+ Year Treasury,proshares-ultrashort-20-plus-year-treasury-derivatives,HTX,htx,TBT/USDT,perpetual,37.67677738,194767.93116632,0.0,0.0,0.0,0,2026-07-29T20:39:17.000Z
ProShares UltraShort 20+ Year Treasury,proshares-ultrashort-20-plus-year-treasury-derivatives,Gate,gate,TBT/USDT,perpetual,37.74669717,11041.3334354,0.0,0.0,0.0,0,2026-07-29T20:39:19.000Z
ProShares UltraShort 20+ Year Treasury,proshares-ultrashort-20-plus-year-treasury-derivatives,Bitget,bitget,TBT/USDT,perpetual,37.67962618,21260.04623897,0.0,0.0,0.0,0,2026-07-29T20:39:15.000Z
ProShares UltraShort 20+ Year Treasury,proshares-ultrashort-20-plus-year-treasury-derivatives,MEXC,mexc,TBT/USDT,perpetual,37.66564265,27053.14857,0.0,0.0,0.0,0,2026-07-29T20:39:16.000Z
ProShares UltraShort 20+ Year Treasury,proshares-ultrashort-20-plus-year-treasury-derivatives,BingX,bingx,TBT/USDT,perpetual,37.67945832,1662244.5272354,0.0,0.0,0.0,0,2026-07-29T20:39:17.000Z
ProShares UltraShort 20+ Year Treasury,proshares-ultrashort-20-plus-year-treasury-derivatives,XT.COM,xt,TBT/USDT,perpetual,37.77316661,216430.75047181,0.0,0.0,0.0,0,2026-07-29T20:36:41.000Z
ProShares UltraShort 20+ Year Treasury,proshares-ultrashort-20-plus-year-treasury-derivatives,LBank,lbank,TBT/USDT,perpetual,37.69560736,1059286.62336908,0.0,0.0,0.0,0,2026-07-29T20:39:16.000Z
ProShares UltraShort 20+ Year Treasury,proshares-ultrashort-20-plus-year-treasury-derivatives,Ourbit,ourbit,TBT/USDT,perpetual,37.69573865,412422.58723194,0.0,0.0,0.0,0,2026-07-29T20:39:17.000Z
ProShares UltraShort 20+ Year Treasury,proshares-ultrashort-20-plus-year-treasury-derivatives,Hotcoin,hotcoin-global,TBT/USDT,perpetual,37.69560736,163556.38607119,0.0,0.0,0.0,0,2026-07-29T20:39:18.000Z
ProShares UltraShort 20+ Year Treasury,proshares-ultrashort-20-plus-year-treasury-derivatives,Bitunix,bitunix,TBT/USDT,perpetual,37.69573865,119654.18519892,0.0,0.0,0.0,0,2026-07-29T20:39:16.000Z
ProShares UltraShort 20+ Year Treasury,proshares-ultrashort-20-plus-year-treasury-derivatives,Toobit,toobit,TBT/USDT,perpetual,37.68575038,94360.65909284,0.0,0.0,0.0,0,2026-07-29T20:39:16.000Z
ProShares UltraShort 20+ Year Treasury,proshares-ultrashort-20-plus-year-treasury-derivatives,KCEX,kcex,TBT/USDT,perpetual,37.66577384,51339.56642973,0.0,0.0,0.0,0,2026-07-29T20:39:15.000Z
ProShares UltraShort 20+ Year Treasury,proshares-ultrashort-20-plus-year-treasury-derivatives,WEEX,weex,TBT/USDT,perpetual,37.69573865,38553.41519263,0.0,0.0,0.0,0,2026-07-29T20:39:17.000Z
ProShares UltraShort 20+ Year Treasury,proshares-ultrashort-20-plus-year-treasury-derivatives,MGBX,mgbx,TBT/USDT,perpetual,36.82771452,13764.11504569,0.0,0.0,0.0,0,2026-07-29T15:15:16.000Z
ProShares UltraShort 20+ Year Treasury,proshares-ultrashort-20-plus-year-treasury-derivatives,ADEN,aden-decentralized-derivatives-exchange,TBT/USDT,perpetual,37.76723336341783,0.0,,,,0,2026-07-29T20:36:53.832Z
ProShares UltraShort 20+ Year Treasury,proshares-ultrashort-20-plus-year-treasury-derivatives,ADEN,aden-decentralized-derivatives-exchange,TBT/USDT,perpetual,37.76723336341783,0.0,,,,0,2026-07-29T20:36:53.832Z
ProShares Bitcoin ETF,proshares-bitcoin-etf-derivatives,Binance,binance,BITO/USDT,perpetual,8.62983698,288844.51975943,0.0,0.0,0.0,0,2026-07-29T20:39:17.000Z
ProShares Bitcoin ETF,proshares-bitcoin-etf-derivatives,Bybit,bybit,BITO/USDT,perpetual,8.63782757,1899397.87386214,0.0,0.0,0.0,0,2026-07-29T20:39:16.000Z
ProShares Bitcoin ETF,proshares-bitcoin-etf-derivatives,HTX,htx,BITO/USDT,perpetual,8.63009959,115509.27032076,0.0,0.0,0.0,0,2026-07-29T20:39:17.000Z
ProShares Bitcoin ETF,proshares-bitcoin-etf-derivatives,Gate,gate,BITO/USDT,perpetual,8.61811334,11866.38693799,0.0,0.0,0.0,0,2026-07-29T20:39:19.000Z
ProShares Bitcoin ETF,proshares-bitcoin-etf-derivatives,Bitget,bitget,BITO/USDT,perpetual,8.61685227,342079.647841,0.0,0.0,0.0,0,2026-07-29T20:39:15.000Z
ProShares Bitcoin ETF,proshares-bitcoin-etf-derivatives,MEXC,mexc,BITO/USDT,perpetual,8.60986051,61312.0891619,0.0,0.0,0.0,0,2026-07-29T20:39:16.000Z
ProShares Bitcoin ETF,proshares-bitcoin-etf-derivatives,BingX,bingx,BITO/USDT,perpetual,8.62272227,1656155.17914555,0.0,0.0,0.0,0,2026-07-29T20:39:17.000Z
ProShares Bitcoin ETF,proshares-bitcoin-etf-derivatives,XT.COM,xt,BITO/USDT,perpetual,8.62930089,523717.15477947,0.0,0.0,0.0,0,2026-07-29T20:36:41.000Z
ProShares Bitcoin ETF,proshares-bitcoin-etf-derivatives,LBank,lbank,BITO/USDT,perpetual,8.61984874,1035944.11911907,0.0,0.0,0.0,0,2026-07-29T20:39:16.000Z
ProShares Bitcoin ETF,proshares-bitcoin-etf-derivatives,Zoomex,zoomex,BITO/USDT,perpetual,8.63785765,569821.34677317,0.0,0.0,0.0,0,2026-07-29T20:39:15.000Z
ProShares Bitcoin ETF,proshares-bitcoin-etf-derivatives,WEEX,weex,BITO/USDT,perpetual,8.61987876,271719.52666954,0.0,0.0,0.0,0,2026-07-29T20:39:17.000Z
ProShares Bitcoin ETF,proshares-bitcoin-etf-derivatives,Ourbit,ourbit,BITO/USDT,perpetual,8.61987876,163657.44572632,0.0,0.0,0.0,0,2026-07-29T20:39:17.000Z
ProShares Bitcoin ETF,proshares-bitcoin-etf-derivatives,Bitunix,bitunix,BITO/USDT,perpetual,8.61987876,106392.31693626,0.0,0.0,0.0,0,2026-07-29T20:39:16.000Z
ProShares Bitcoin ETF,proshares-bitcoin-etf-derivatives,Toobit,toobit,BITO/USDT,perpetual,8.62986704,63249.86626853,0.0,0.0,0.0,0,2026-07-29T20:39:16.000Z
ProShares Bitcoin ETF,proshares-bitcoin-etf-derivatives,Hotcoin,hotcoin-global,BITO/USDT,perpetual,8.62983698,52332.37022402,0.0,0.0,0.0,0,2026-07-29T20:39:18.000Z
ProShares Bitcoin ETF,proshares-bitcoin-etf-derivatives,KCEX,kcex,BITO/USDT,perpetual,8.61987876,24147.17602024,0.0,0.0,0.0,0,2026-07-29T20:39:15.000Z
ProShares Bitcoin ETF,proshares-bitcoin-etf-derivatives,MGBX,mgbx,BITO/USDT,perpetual,8.68766584,19747.4459195,0.0,0.0,0.0,0,2026-07-29T15:15:16.000Z
ProShares Bitcoin ETF,proshares-bitcoin-etf-derivatives,ADEN,aden-decentralized-derivatives-exchange,BITO/USDT,perpetual,8.638869934345646,0.0,,,,0,2026-07-29T20:36:53.832Z
ProShares Bitcoin ETF,proshares-bitcoin-etf-derivatives,ADEN,aden-decentralized-derivatives-exchange,BITO/USDT,perpetual,8.638869934345646,0.0,,,,0,2026-07-29T20:36:53.832Z
PayPal Holdings Inc,paypal-holdings-inc-derivaties,Binance,binance,PYPL/USDT,perpetual,57.94176426,1293279.08514175,0.0,0.0,0.0,0,2026-07-29T20:39:17.000Z
PayPal Holdings Inc,paypal-holdings-inc-derivaties,BingX,bingx,PYPL/USDT,perpetual,58.01757527,789251.84461809,0.0,0.0,0.0,0,2026-07-29T20:39:17.000Z
PayPal Holdings Inc,paypal-holdings-inc-derivaties,LBank,lbank,PYPL/USDT,perpetual,57.96174074,544354.55702899,0.0,0.0,0.0,0,2026-07-29T20:39:16.000Z
PayPal Holdings Inc,paypal-holdings-inc-derivaties,WEEX,weex,PYPL/USDT,perpetual,58.05183706,236419.71418208,0.0,0.0,0.0,0,2026-07-29T20:39:17.000Z
PayPal Holdings Inc,paypal-holdings-inc-derivaties,DeriW,deriw,PYPL/USDT,perpetual,57.71771238626217,0.0,,,,0,2026-07-29T20:39:17.910Z
PayPal Holdings Inc,paypal-holdings-inc-derivaties,DeriW,deriw,PYPL/USDT,perpetual,57.71771238626217,0.0,,,,0,2026-07-29T20:39:17.910Z
PayPal Holdings Inc,paypal-holdings-inc-derivaties,BitMart,bitmart,PYPL/USDT,perpetual,57.71771238626217,0.0,,,,0,2026-07-29T20:39:16.067Z
PayPal Holdings Inc,paypal-holdings-inc-derivaties,BitMart,bitmart,PYPL/USDT,perpetual,57.71771238626217,0.0,,,,0,2026-07-29T20:39:16.067Z
Goldman Sachs Group Inc,goldman-sachs-group-inc-derivaties,Binance,binance,GS/USDT,perpetual,975.60107295,560136.60732851,0.0,0.0,0.0,0,2026-07-29T20:39:17.000Z
Goldman Sachs Group Inc,goldman-sachs-group-inc-derivaties,Bybit,bybit,GS/USDT,perpetual,976.72974376,288348.35237626,0.0,0.0,0.0,0,2026-07-29T20:39:16.000Z
Goldman Sachs Group Inc,goldman-sachs-group-inc-derivaties,HTX,htx,GS/USDT,perpetual,980.4352494,44033.47614799,0.0,0.0,0.0,0,2026-07-29T20:39:17.000Z
Goldman Sachs Group Inc,goldman-sachs-group-inc-derivaties,Gate,gate,GS/USDT,perpetual,980.7748598,7266.66371834,0.0,0.0,0.0,0,2026-07-29T20:39:19.000Z
Goldman Sachs Group Inc,goldman-sachs-group-inc-derivaties,Bitget,bitget,GS/USDT,perpetual,979.1269207,164338.42958927,0.0,0.0,0.0,0,2026-07-29T20:39:15.000Z
Goldman Sachs Group Inc,goldman-sachs-group-inc-derivaties,BingX,bingx,GS/USDT,perpetual,976.12972103,491624.6902729,0.0,0.0,0.0,0,2026-07-29T20:39:17.000Z
Goldman Sachs Group Inc,goldman-sachs-group-inc-derivaties,LBank,lbank,GS/USDT,perpetual,976.26029661,597270.59525015,0.0,0.0,0.0,0,2026-07-29T20:39:16.000Z
Goldman Sachs Group Inc,goldman-sachs-group-inc-derivaties,Ourbit,ourbit,GS/USDT,perpetual,975.79424803,234559.39878555,0.0,0.0,0.0,0,2026-07-29T20:39:17.000Z
Goldman Sachs Group Inc,goldman-sachs-group-inc-derivaties,Zoomex,zoomex,GS/USDT,perpetual,976.7331456,86504.806998,0.0,0.0,0.0,0,2026-07-29T20:39:15.000Z
Goldman Sachs Group Inc,goldman-sachs-group-inc-derivaties,Toobit,toobit,GS/USDT,perpetual,979.75959202,61232.06551717,0.0,0.0,0.0,0,2026-07-29T20:39:16.000Z
Goldman Sachs Group Inc,goldman-sachs-group-inc-derivaties,WEEX,weex,GS/USDT,perpetual,979.23021361,56330.16376144,0.0,0.0,0.0,0,2026-07-29T20:39:17.000Z
Goldman Sachs Group Inc,goldman-sachs-group-inc-derivaties,Hotcoin,hotcoin-global,GS/USDT,perpetual,981.244427,31430.98496411,0.0,0.0,0.0,0,2026-07-29T20:39:18.000Z
Goldman Sachs Group Inc,goldman-sachs-group-inc-derivaties,ADEN,aden-decentralized-derivatives-exchange,GS/USDT,perpetual,976.3787734050898,0.0,,,,0,2026-07-29T20:36:53.832Z
Goldman Sachs Group Inc,goldman-sachs-group-inc-derivaties,ADEN,aden-decentralized-derivatives-exchange,GS/USDT,perpetual,976.3787734050898,0.0,,,,0,2026-07-29T20:36:53.832Z
Goldman Sachs Group Inc,goldman-sachs-group-inc-derivaties,BitMart,bitmart,GS/USDT,perpetual,976.3787734050898,0.0,,,,0,2026-07-29T20:39:16.067Z
Goldman Sachs Group Inc,goldman-sachs-group-inc-derivaties,BitMart,bitmart,GS/USDT,perpetual,976.3787734050898,0.0,,,,0,2026-07-29T20:39:16.067Z
