Underlying,cmc_slug,Exchange,exchange_slug,Pair,market_type,price_usd,24h Volume (USDT),outlier_detected,volume_excluded,price_excluded,market_score,cmc_updated
Crude Oil Futures,crude-oil-futures-derivatives,FameEX,fameex,CL/USDT,perpetual,84.83657164,1007173636.3225708,0.0,1.0,1.0,0,2026-07-29T20:30:17.000Z
Crude Oil Futures,crude-oil-futures-derivatives,Aivora Exchange,aivora-exchange,CL/USDT,perpetual,84.85654729,161679479.9976344,0.0,1.0,1.0,0,2026-07-29T20:30:17.000Z
Crude Oil Futures,crude-oil-futures-derivatives,CoinMy,coinmy,CL/USDT,perpetual,84.85493827,114203113.290201,0.0,1.0,1.0,0,2026-07-29T20:30:16.000Z
Crude Oil Futures,crude-oil-futures-derivatives,Bitbaby,bitbabyexchange,CL/USDT,perpetual,84.84655946,57856206.24530446,0.0,1.0,1.0,0,2026-07-29T20:30:15.000Z
Crude Oil Futures,crude-oil-futures-derivatives,Blockfinex,blockfinex,CL/USDT,perpetual,84.83657164,56299772.83793923,0.0,1.0,1.0,0,2026-07-29T20:30:15.000Z
Crude Oil Futures,crude-oil-futures-derivatives,SunX,sunx,CL/USDT,perpetual,84.86492708,37329067.68722566,0.0,1.0,1.0,0,2026-07-29T20:30:18.000Z
Crude Oil Futures,crude-oil-futures-derivatives,EVEDEX,evedex,CL/USD,perpetual,84.87632526,26936832.78990179,0.0,1.0,1.0,0,2026-07-29T20:30:15.000Z
Crude Oil Futures,crude-oil-futures-derivatives,x.me Exchange,voox-exchange,CL/USDT,perpetual,84.84890396,20349741.97211649,0.0,1.0,1.0,0,2026-07-29T20:30:23.000Z
Crude Oil Futures,crude-oil-futures-derivatives,Hibt,hibt,CL/USDT,perpetual,84.59803872,16061796.46654607,0.0,1.0,1.0,0,2026-07-29T20:27:17.000Z
Crude Oil Futures,crude-oil-futures-derivatives,CZR Exchange,czr-exchange,CL/USDT,perpetual,84.82658381,11324983.16608287,0.0,1.0,1.0,0,2026-07-29T20:30:17.000Z
Crude Oil Futures,crude-oil-futures-derivatives,LeveX,levex,CL/USDT,perpetual,84.84494946,5863448.51324741,0.0,1.0,1.0,0,2026-07-29T20:30:15.000Z
Crude Oil Futures,crude-oil-futures-derivatives,Ekbit,ekbit,CL/USDT,perpetual,84.85493827,3124608.58418753,0.0,1.0,1.0,0,2026-07-29T20:30:16.000Z
Crude Oil Futures,crude-oil-futures-derivatives,Coincall,coincall,CL/USD,perpetual,84.85507221,2393841.97439171,0.0,1.0,1.0,0,2026-07-29T20:30:16.000Z
Crude Oil Futures,crude-oil-futures-derivatives,WOO X Pro,wooxpro,CL/USDT,perpetual,84.84655946,1109611.32429594,0.0,1.0,1.0,0,2026-07-29T20:30:16.000Z
Crude Oil Futures,crude-oil-futures-derivatives,Grvt,grvt,CL/USDT,perpetual,83.12812578,1052393.71219566,0.0,1.0,1.0,0,2026-07-29T11:03:16.000Z
Crude Oil Futures,crude-oil-futures-derivatives,Websea,websea,CL/USDT,perpetual,84.85493827,676885.16555397,0.0,1.0,1.0,0,2026-07-29T20:30:17.000Z
Crude Oil Futures,crude-oil-futures-derivatives,BitTap,bittap,CL/USDT,perpetual,84.86492708,398833.99656875,0.0,1.0,1.0,0,2026-07-29T20:30:17.000Z
Crude Oil Futures,crude-oil-futures-derivatives,AlphaX,alphax,CL/USDT,perpetual,84.90488232,110637.78037697,0.0,1.0,1.0,0,2026-07-29T20:30:20.000Z
Crude Oil Futures,crude-oil-futures-derivatives,Flipster,flipster,CL/USDT,perpetual,84.6068517,87926.08374492,0.0,1.0,1.0,0,2026-07-29T20:30:15.000Z
Crude Oil Futures,crude-oil-futures-derivatives,Orderly,orderly-network-evm,CL/USDC,perpetual,84.69640515,74503.87417673,0.0,1.0,1.0,0,2026-07-29T20:30:16.000Z
Crude Oil Futures,crude-oil-futures-derivatives,MemeMax,mememax,CL/USDC,perpetual,84.87637626,74503.87417673,0.0,1.0,1.0,0,2026-07-29T20:30:15.000Z
Crude Oil Futures,crude-oil-futures-derivatives,idax exchange,idax-exchange,CL/USDT,perpetual,84.84494946,56305332.57815383,0.0,1.0,1.0,0,2026-07-29T20:30:16.000Z
Crude Oil Futures,crude-oil-futures-derivatives,Cofinex,cofinex,CL/USDT,perpetual,84.86853267,130872178.99462387,0.0,1.0,1.0,0,2026-07-29T20:30:15.000Z
Crude Oil Futures,crude-oil-futures-derivatives,IMBX,imbx,CL/USDT,perpetual,84.85493827,120817206.97880363,0.0,1.0,1.0,0,2026-07-29T20:30:17.000Z
Crude Oil Futures,crude-oil-futures-derivatives,KTX,ktx,CL/USDT,perpetual,84.85493827,62631912.41897044,0.0,1.0,1.0,0,2026-07-29T20:30:16.000Z
Crude Oil Futures,crude-oil-futures-derivatives,WHXEX,whxex,CL/USDT,perpetual,84.84494946,56305332.57815383,0.0,1.0,1.0,0,2026-07-29T20:30:16.000Z
Crude Oil Futures,crude-oil-futures-derivatives,HyperPay Futures,hyperpay-futures,CL/USDT,perpetual,84.85493827,36664631.82490128,0.0,1.0,1.0,0,2026-07-29T20:30:17.000Z
Crude Oil Futures,crude-oil-futures-derivatives,Ulink,ulink,CL/USDT,perpetual,84.85889206,23321402.03219571,0.0,1.0,1.0,0,2026-07-29T20:30:25.000Z
Crude Oil Futures,crude-oil-futures-derivatives,Bitbase,bitbase-com,CL/USDT,perpetual,84.72851507,19375797.0709847,0.0,1.0,1.0,0,2026-07-29T20:21:16.000Z
Crude Oil Futures,crude-oil-futures-derivatives,BlockFin,blockfin,CL/USDT,perpetual,84.86653511,4202374.00269992,0.0,1.0,1.0,0,2026-07-29T20:30:15.000Z
Crude Oil Futures,crude-oil-futures-derivatives,CoinP,coinp,CL/USDT,perpetual,84.87491589,3895213.4879041,0.0,1.0,1.0,0,2026-07-29T20:30:15.000Z
Gold,gold-derivatives,SunX,sunx,XAU/USDT,perpetual,4056.44562393,2074485454.607878,0.0,1.0,1.0,0,2026-07-29T20:30:18.000Z
Gold,gold-derivatives,FameEX,fameex,XAU/USDT,perpetual,4056.1050065,1360216184.8923416,0.0,1.0,1.0,0,2026-07-29T20:30:17.000Z
Gold,gold-derivatives,CoinMy,coinmy,XAU/USDT,perpetual,4056.89512036,1304027393.3358898,0.0,1.0,1.0,0,2026-07-29T20:30:16.000Z
Gold,gold-derivatives,MSX,msx,XAU/USD,perpetual,4045.77385419,490262542.95055574,0.0,1.0,1.0,0,2026-07-29T20:27:17.000Z
Gold,gold-derivatives,Websea,websea,XAU/USDT,perpetual,4056.6254225,353509377.4685939,0.0,1.0,1.0,0,2026-07-29T20:30:17.000Z
Gold,gold-derivatives,Hibt,hibt,XAU/USDT,perpetual,4069.2565634,324182394.4956681,0.0,1.0,1.0,0,2026-07-29T20:27:17.000Z
Gold,gold-derivatives,Aivora Exchange,aivora-exchange,XAU/USDT,perpetual,4056.49453161,288349788.46704465,0.0,1.0,1.0,0,2026-07-29T20:30:17.000Z
Gold,gold-derivatives,Koinbay,koinbay,XAU/USDT,perpetual,4052.10520757,241450637.28361928,0.0,1.0,1.0,0,2026-07-29T20:27:15.000Z
Gold,gold-derivatives,Blockfinex,blockfinex,XAU/USDT,perpetual,4056.27479949,241189924.66726568,0.0,1.0,1.0,0,2026-07-29T20:30:15.000Z
Gold,gold-derivatives,Ekbit,ekbit,XAU/USDT,perpetual,4056.50555678,94195897.7464918,0.0,1.0,1.0,0,2026-07-29T20:30:16.000Z
Gold,gold-derivatives,Extended,extended,XAU/USD,perpetual,4056.5759301,31851519.38354636,0.0,1.0,1.0,0,2026-07-29T20:30:17.000Z
Gold,gold-derivatives,x.me Exchange,voox-exchange,XAU/USDT,perpetual,4056.20709755,24696147.95789506,0.0,1.0,1.0,0,2026-07-29T20:30:23.000Z
Gold,gold-derivatives,AlphaX,alphax,XAU/USDT,perpetual,4057.08490775,17220216.99060301,0.0,1.0,1.0,0,2026-07-29T20:30:20.000Z
Gold,gold-derivatives,BitTap,bittap,XAU/USDT,perpetual,4056.97503084,17007694.44642998,0.0,1.0,1.0,0,2026-07-29T20:30:17.000Z
Gold,gold-derivatives,LeveX,levex,XAU/USDT,perpetual,4056.05606035,12648856.20565375,0.0,1.0,1.0,0,2026-07-29T20:30:15.000Z
Gold,gold-derivatives,Bitbaby,bitbabyexchange,XAU/USDT,perpetual,4056.58442202,10234759.25140954,0.0,1.0,1.0,0,2026-07-29T20:30:15.000Z
Gold,gold-derivatives,Grvt,grvt,XAU/USDT,perpetual,4028.90720248,4905076.65293081,0.0,1.0,1.0,0,2026-07-29T11:03:16.000Z
Gold,gold-derivatives,WOO X Pro,wooxpro,XAU/USDT,perpetual,4056.1050065,4613370.42370303,0.0,1.0,1.0,0,2026-07-29T20:30:16.000Z
Gold,gold-derivatives,Flipster,flipster,XAU/USDT,perpetual,4051.84020592,133028.58398566,0.0,1.0,1.0,0,2026-07-29T20:30:15.000Z
Gold,gold-derivatives,Orderly,orderly-network-evm,XAU/USDC,perpetual,4056.07894753,93059.85577171,0.0,1.0,1.0,0,2026-07-29T20:30:16.000Z
Gold,gold-derivatives,MemeMax,mememax,XAU/USDC,perpetual,4055.66901333,93059.85577171,0.0,1.0,1.0,0,2026-07-29T20:30:15.000Z
Gold,gold-derivatives,Aevo,aevo,XAU/USD,perpetual,4059.40885481,15095.96326028,0.0,1.0,1.0,0,2026-07-29T20:30:15.000Z
Gold,gold-derivatives,DeriW,deriw,XAU/USDT,perpetual,4032.03297306,7085.34239564,0.0,1.0,1.0,0,2026-07-29T20:30:18.000Z
Gold,gold-derivatives,idax exchange,idax-exchange,XAU/USDT,perpetual,4056.67536655,241213742.76200983,0.0,1.0,1.0,0,2026-07-29T20:30:16.000Z
Gold,gold-derivatives,IMBX,imbx,XAU/USDT,perpetual,4056.88513155,246403559.63419786,0.0,1.0,1.0,0,2026-07-29T20:30:17.000Z
Gold,gold-derivatives,WHXEX,whxex,XAU/USDT,perpetual,4056.48557916,241217499.06819552,0.0,1.0,1.0,0,2026-07-29T20:30:16.000Z
Gold,gold-derivatives,Cofinex,cofinex,XAU/USDT,perpetual,4057.73302171,214201982.55299816,0.0,1.0,1.0,0,2026-07-29T20:30:15.000Z
Gold,gold-derivatives,ASTX,astx,XAU/USDT,perpetual,4056.48557916,101681901.43141314,0.0,1.0,1.0,0,2026-07-29T20:30:17.000Z
Gold,gold-derivatives,AEGET,aeget,XAU/USDT,perpetual,4056.51554559,95431554.91976766,0.0,1.0,1.0,0,2026-07-29T20:30:15.000Z
Gold,gold-derivatives,KTX,ktx,XAU/USDT,perpetual,4056.97503084,885529.25823089,0.0,1.0,1.0,0,2026-07-29T20:30:16.000Z
Gold,gold-derivatives,BitxEX,xex,XAU/USDT,perpetual,4056.5255344,71396.03405514,0.0,1.0,1.0,0,2026-07-29T20:30:16.000Z
Gold,gold-derivatives,BitradeX,bitradex,XAU/USDT,perpetual,5005.21789713,939776398.2065035,0.0,1.0,1.0,0,2026-07-29T20:30:15.000Z
Gold,gold-derivatives,HyperPay Futures,hyperpay-futures,XAU/USDT,perpetual,4056.88513155,772201710.5374888,0.0,1.0,1.0,0,2026-07-29T20:30:17.000Z
Gold,gold-derivatives,Ulink,ulink,XAU/USDT,perpetual,4056.21708565,491169462.2566918,0.0,1.0,1.0,0,2026-07-29T20:30:25.000Z
Gold,gold-derivatives,Bitbase,bitbase-com,XAU/USDT,perpetual,4047.66184831,31985644.61868256,0.0,1.0,1.0,0,2026-07-29T20:21:16.000Z
Gold,gold-derivatives,BlockFin,blockfin,XAU/USDT,perpetual,4053.27845249,19047324.0066142,0.0,1.0,1.0,0,2026-07-29T20:30:15.000Z
Gold,gold-derivatives,CoinP,coinp,XAU/USDT,perpetual,4057.02497489,2128700.7540193,0.0,1.0,1.0,0,2026-07-29T20:30:15.000Z
Gold,gold-derivatives,Fillx,fillx,XAU/USDC,perpetual,4055.42345414,16069.01991491,1.0,1.0,0.0,0,2026-07-29T20:30:15.000Z
Natural Gas,natural-gas-derivatives,FameEX,fameex,NATGAS/USDT,perpetual,2.725677,12424445.27173142,0.0,1.0,1.0,0,2026-07-29T20:30:17.000Z
Natural Gas,natural-gas-derivatives,CoinMy,coinmy,NATGAS/USDT,perpetual,2.72994169,6298327.62665455,0.0,1.0,1.0,0,2026-07-29T20:30:16.000Z
Natural Gas,natural-gas-derivatives,Aivora Exchange,aivora-exchange,NATGAS/USDT,perpetual,2.72667578,6290446.47290816,0.0,1.0,1.0,0,2026-07-29T20:30:17.000Z
Natural Gas,natural-gas-derivatives,Websea,websea,NATGAS/USDT,perpetual,2.72594616,4287584.68225465,0.0,1.0,1.0,0,2026-07-29T20:30:17.000Z
Natural Gas,natural-gas-derivatives,Blockfinex,blockfinex,NATGAS/USDT,perpetual,2.72467821,1941851.47109,0.0,1.0,1.0,0,2026-07-29T20:30:15.000Z
Natural Gas,natural-gas-derivatives,Grvt,grvt,NATGAS/USDT,perpetual,2.69302364,349951.88619452,0.0,1.0,1.0,0,2026-07-29T11:03:16.000Z
Natural Gas,natural-gas-derivatives,BitTap,bittap,NATGAS/USDT,perpetual,2.72594616,94011.63925012,0.0,1.0,1.0,0,2026-07-29T20:30:17.000Z
Natural Gas,natural-gas-derivatives,Flipster,flipster,NATGAS/USDT,perpetual,2.725677,40039.04904163,0.0,1.0,1.0,0,2026-07-29T20:30:15.000Z
Natural Gas,natural-gas-derivatives,Coincall,coincall,NATGAS/USD,perpetual,2.72527239,35878.68236943,0.0,1.0,1.0,0,2026-07-29T20:30:16.000Z
Natural Gas,natural-gas-derivatives,Ekbit,ekbit,NATGAS/USDT,perpetual,2.72494728,32071.74060305,0.0,1.0,1.0,0,2026-07-29T20:30:16.000Z
Natural Gas,natural-gas-derivatives,AlphaX,alphax,NATGAS/USDT,perpetual,2.72594616,22644.13859024,0.0,1.0,1.0,0,2026-07-29T20:30:20.000Z
Natural Gas,natural-gas-derivatives,SunX,sunx,NATGAS/USDT,perpetual,2.72594616,5677.00404828,0.0,1.0,1.0,0,2026-07-29T20:30:18.000Z
Natural Gas,natural-gas-derivatives,Orderly,orderly-network-evm,NATGAS/USDC,perpetual,2.74855882,2646.59448779,0.0,1.0,1.0,0,2026-07-29T20:30:16.000Z
Natural Gas,natural-gas-derivatives,MemeMax,mememax,NATGAS/USDC,perpetual,2.72356283,2646.59448779,0.0,1.0,1.0,0,2026-07-29T20:30:15.000Z
Natural Gas,natural-gas-derivatives,idax exchange,idax-exchange,NATGAS/USDT,perpetual,2.72494728,1942043.23367038,0.0,1.0,1.0,0,2026-07-29T20:30:16.000Z
Natural Gas,natural-gas-derivatives,KTX,ktx,NATGAS/USDT,perpetual,2.72494728,202494141.0158571,0.0,1.0,1.0,0,2026-07-29T20:30:16.000Z
Natural Gas,natural-gas-derivatives,WHXEX,whxex,NATGAS/USDT,perpetual,2.72494728,1942043.23367038,0.0,1.0,1.0,0,2026-07-29T20:30:16.000Z
Natural Gas,natural-gas-derivatives,Cofinex,cofinex,NATGAS/USDT,perpetual,2.72867334,800235.00605682,0.0,1.0,1.0,0,2026-07-29T20:30:15.000Z
Natural Gas,natural-gas-derivatives,CoinP,coinp,NATGAS/USDT,perpetual,2.72994169,1424915.87181029,0.0,1.0,1.0,0,2026-07-29T20:30:15.000Z
Natural Gas,natural-gas-derivatives,Bitbase,bitbase-com,NATGAS/USDT,perpetual,2.72573521,280733.30419663,0.0,1.0,1.0,0,2026-07-29T20:21:16.000Z
Natural Gas,natural-gas-derivatives,BlockFin,blockfin,NATGAS/USDT,perpetual,2.72467821,90760.56750887,0.0,1.0,1.0,0,2026-07-29T20:30:15.000Z
Natural Gas,natural-gas-derivatives,HyperPay Futures,hyperpay-futures,NATGAS/USDT,perpetual,2.72494728,5607.03129372,0.0,1.0,1.0,0,2026-07-29T20:30:17.000Z
Natural Gas,natural-gas-derivatives,Ulink,ulink,NATGAS/USDT,perpetual,2.72575231,3566.35889343,0.0,1.0,1.0,0,2026-07-29T20:30:25.000Z
Silver,silver-derivatives,FameEX,fameex,XAG/USDT,perpetual,57.31013045,599880604.5933437,0.0,1.0,1.0,0,2026-07-29T20:30:17.000Z
Silver,silver-derivatives,Hibt,hibt,XAG/USDT,perpetual,57.10792152,351006355.57347727,0.0,1.0,1.0,0,2026-07-29T20:27:17.000Z
Silver,silver-derivatives,CoinMy,coinmy,XAG/USDT,perpetual,57.32577878,235459652.08206818,0.0,1.0,1.0,0,2026-07-29T20:30:16.000Z
Silver,silver-derivatives,Aivora Exchange,aivora-exchange,XAG/USDT,perpetual,57.32011828,218323425.8276572,0.0,1.0,1.0,0,2026-07-29T20:30:17.000Z
Silver,silver-derivatives,Websea,websea,XAG/USDT,perpetual,57.30580116,151215294.800327,0.0,1.0,1.0,0,2026-07-29T20:30:17.000Z
Silver,silver-derivatives,Blockfinex,blockfinex,XAG/USDT,perpetual,57.32011828,60841672.94709537,0.0,1.0,1.0,0,2026-07-29T20:30:15.000Z
Silver,silver-derivatives,Koinbay,koinbay,XAG/USDT,perpetual,57.22779122,60124430.80608825,0.0,1.0,1.0,0,2026-07-29T20:27:15.000Z
Silver,silver-derivatives,x.me Exchange,voox-exchange,XAG/USDT,perpetual,57.32170216,22826671.39098378,0.0,1.0,1.0,0,2026-07-29T20:30:23.000Z
Silver,silver-derivatives,EVEDEX,evedex,XAG/USD,perpetual,57.36183502,10160035.20361625,0.0,1.0,1.0,0,2026-07-29T20:30:15.000Z
Silver,silver-derivatives,SunX,sunx,XAG/USDT,perpetual,57.31578997,8983700.90466331,0.0,1.0,1.0,0,2026-07-29T20:30:18.000Z
Silver,silver-derivatives,BitTap,bittap,XAG/USDT,perpetual,57.30580116,7994571.64743001,0.0,1.0,1.0,0,2026-07-29T20:30:17.000Z
Silver,silver-derivatives,LeveX,levex,XAG/USDT,perpetual,57.32577878,5253923.56683557,0.0,1.0,1.0,0,2026-07-29T20:30:15.000Z
Silver,silver-derivatives,Extended,extended,XAG/USD,perpetual,57.36935845,5132458.36213307,0.0,1.0,1.0,0,2026-07-29T20:30:17.000Z
Silver,silver-derivatives,Bitbaby,bitbabyexchange,XAG/USDT,perpetual,55.67212742,4210830.44654083,0.0,1.0,1.0,0,2026-07-29T20:30:15.000Z
Silver,silver-derivatives,Grvt,grvt,XAG/USDT,perpetual,57.42653149,2697412.35443921,0.0,1.0,1.0,0,2026-07-29T11:03:16.000Z
Silver,silver-derivatives,Coincall,coincall,XAG/USD,perpetual,57.35259825,2205252.87326459,0.0,1.0,1.0,0,2026-07-29T20:30:16.000Z
Silver,silver-derivatives,WOO X Pro,wooxpro,XAG/USDT,perpetual,57.32011828,1509641.25919389,0.0,1.0,1.0,0,2026-07-29T20:30:16.000Z
Silver,silver-derivatives,Flipster,flipster,XAG/USDT,perpetual,57.28016698,610778.15453431,0.0,1.0,1.0,0,2026-07-29T20:30:15.000Z
Silver,silver-derivatives,Ekbit,ekbit,XAG/USDT,perpetual,57.31578997,390868.62585583,0.0,1.0,1.0,0,2026-07-29T20:30:16.000Z
Silver,silver-derivatives,AlphaX,alphax,XAG/USDT,perpetual,57.31578997,326565.37912568,0.0,1.0,1.0,0,2026-07-29T20:30:20.000Z
Silver,silver-derivatives,Orderly,orderly-network-evm,XAG/USDC,perpetual,57.35079447,41233.43060781,0.0,1.0,1.0,0,2026-07-29T20:30:16.000Z
Silver,silver-derivatives,MemeMax,mememax,XAG/USDC,perpetual,57.32079928,41233.43060781,0.0,1.0,1.0,0,2026-07-29T20:30:15.000Z
Silver,silver-derivatives,Aevo,aevo,XAG/USD,perpetual,57.32885717,8025.92233391,0.0,1.0,1.0,0,2026-07-29T20:30:15.000Z
Silver,silver-derivatives,DeriW,deriw,XAG/USDT,perpetual,57.36871909,902.52129361,0.0,1.0,1.0,0,2026-07-29T20:30:18.206Z
Silver,silver-derivatives,idax exchange,idax-exchange,XAG/USDT,perpetual,57.32577878,60847681.2110502,0.0,1.0,1.0,0,2026-07-29T20:30:16.000Z
Silver,silver-derivatives,Cofinex,cofinex,XAG/USDT,perpetual,57.34009392,90830071.3539797,0.0,1.0,1.0,0,2026-07-29T20:30:15.000Z
Silver,silver-derivatives,WHXEX,whxex,XAG/USDT,perpetual,57.32577878,60847681.2110502,0.0,1.0,1.0,0,2026-07-29T20:30:16.000Z
Silver,silver-derivatives,KTX,ktx,XAG/USDT,perpetual,57.32577878,48310609.95191314,0.0,1.0,1.0,0,2026-07-29T20:30:16.000Z
Silver,silver-derivatives,AEGET,aeget,XAG/USDT,perpetual,57.32577878,384611.30523963,0.0,1.0,1.0,0,2026-07-29T20:30:15.000Z
Silver,silver-derivatives,IMBX,imbx,XAG/USDT,perpetual,57.3457564,322908.22069322,0.0,1.0,1.0,0,2026-07-29T20:30:17.000Z
Silver,silver-derivatives,BitxEX,xex,XAG/USDT,perpetual,57.33576759,219879.74245454,0.0,1.0,1.0,0,2026-07-29T20:30:16.000Z
Silver,silver-derivatives,YEX,yex,XAG/USDT,perpetual,57.19782379,64276321.99510434,0.0,1.0,1.0,0,2026-07-29T20:27:16.000Z
Silver,silver-derivatives,Bitbase,bitbase-com,XAG/USDT,perpetual,57.15154582,24486278.87899454,0.0,1.0,1.0,0,2026-07-29T20:21:16.000Z
Silver,silver-derivatives,HyperPay Futures,hyperpay-futures,XAG/USDT,perpetual,57.32577878,3313874.03589948,0.0,1.0,1.0,0,2026-07-29T20:30:17.000Z
Silver,silver-derivatives,BlockFin,blockfin,XAG/USDT,perpetual,57.32011828,2618768.55188513,0.0,1.0,1.0,0,2026-07-29T20:30:15.000Z
Silver,silver-derivatives,Ulink,ulink,XAG/USDT,perpetual,57.32170216,2107936.99256963,0.0,1.0,1.0,0,2026-07-29T20:30:25.000Z
Silver,silver-derivatives,CoinP,coinp,XAG/USDT,perpetual,57.29581235,295490.92907976,0.0,1.0,1.0,0,2026-07-29T20:30:15.000Z
Silver,silver-derivatives,Fillx,fillx,XAG/USDC,perpetual,57.34152614,0.0,1.0,1.0,0.0,0,2026-07-29T20:30:15.000Z
Tesla,tesla-derivatives,Aivora Exchange,aivora-exchange,TSLA/USDT,perpetual,294.44103272,79032007.0233919,0.0,1.0,1.0,0,2026-07-29T20:30:17.000Z
Tesla,tesla-derivatives,Batonex,wisebitcoin,TSLA/USDT,perpetual,294.50095966,73533476.45590791,0.0,1.0,1.0,0,2026-07-29T20:30:15.000Z
Tesla,tesla-derivatives,FameEX,fameex,TSLA/USDT,perpetual,294.32117884,57757714.6930125,0.0,1.0,1.0,0,2026-07-29T20:30:17.000Z
Tesla,tesla-derivatives,CoinMy,coinmy,TSLA/USDT,perpetual,294.45013187,49762758.34735972,0.0,1.0,1.0,0,2026-07-29T20:30:16.000Z
Tesla,tesla-derivatives,Websea,websea,TSLA/USDT,perpetual,294.36023258,17456919.87069712,0.0,1.0,1.0,0,2026-07-29T20:30:17.000Z
Tesla,tesla-derivatives,Ekbit,ekbit,TSLA/USDT,perpetual,294.40018782,13874068.32157997,0.0,1.0,1.0,0,2026-07-29T20:30:16.000Z
Tesla,tesla-derivatives,SunX,sunx,TSLA/USDT,perpetual,294.33026615,9175078.19451422,0.0,1.0,1.0,0,2026-07-29T20:30:18.000Z
Tesla,tesla-derivatives,BitTap,bittap,TSLA/USDT,perpetual,294.34025496,8794215.44826935,0.0,1.0,1.0,0,2026-07-29T20:30:17.000Z
Tesla,tesla-derivatives,Blockfinex,blockfinex,TSLA/USDT,perpetual,294.36113013,6549758.91258946,0.0,1.0,1.0,0,2026-07-29T20:30:15.000Z
Tesla,tesla-derivatives,Antarctic,antarctic-exchange,TSLA/USDT,perpetual,294.3802102,5350538.46424406,0.0,1.0,1.0,0,2026-07-29T20:30:19.000Z
Tesla,tesla-derivatives,Grvt,grvt,TSLA/USDT,perpetual,306.95075427,4865801.27460937,0.0,1.0,1.0,0,2026-07-29T11:03:16.000Z
Tesla,tesla-derivatives,x.me Exchange,voox-exchange,TSLA/USDT,perpetual,294.44916877,4042454.35970269,0.0,1.0,1.0,0,2026-07-29T20:30:23.000Z
Tesla,tesla-derivatives,Bitbaby,bitbabyexchange,TSLA/USDT,perpetual,385.39015225,2880083.42630155,0.0,1.0,1.0,0,2026-07-29T20:30:15.000Z
Tesla,tesla-derivatives,EVEDEX,evedex,TSLA/USD,perpetual,294.64532752,2596003.61394023,0.0,1.0,1.0,0,2026-07-29T20:30:15.000Z
Tesla,tesla-derivatives,WOO X Pro,wooxpro,TSLA/USDT,perpetual,294.38110578,884182.93980353,0.0,1.0,1.0,0,2026-07-29T20:30:16.000Z
Tesla,tesla-derivatives,LeveX,levex,TSLA/USDT,perpetual,294.35024377,593710.40490893,0.0,1.0,1.0,0,2026-07-29T20:30:15.000Z
Tesla,tesla-derivatives,Coincall,coincall,TSLA/USD,perpetual,294.46528236,222400.93186948,0.0,1.0,1.0,0,2026-07-29T20:30:16.000Z
Tesla,tesla-derivatives,Flipster,flipster,TSLA/USDT,perpetual,297.7669779,220115.1480186,0.0,1.0,1.0,0,2026-07-29T20:30:15.000Z
Tesla,tesla-derivatives,AlphaX,alphax,TSLA/USDT,perpetual,294.37022139,133524.07925761,0.0,1.0,1.0,0,2026-07-29T20:30:20.000Z
Tesla,tesla-derivatives,Orderly,orderly-network-evm,TSLA/USDC,perpetual,296.53240276,27612.49274228,0.0,1.0,1.0,0,2026-07-29T20:30:16.000Z
Tesla,tesla-derivatives,MemeMax,mememax,TSLA/USDC,perpetual,294.63270769,27612.49274228,0.0,1.0,1.0,0,2026-07-29T20:30:15.000Z
Tesla,tesla-derivatives,Aevo,aevo,TSLA/USD,perpetual,294.30743341,9476.1519299,0.0,1.0,1.0,0,2026-07-29T20:30:15.000Z
Tesla,tesla-derivatives,idax exchange,idax-exchange,TSLA/USDT,perpetual,294.39019901,6550405.71729553,0.0,1.0,1.0,0,2026-07-29T20:30:16.000Z
Tesla,tesla-derivatives,B2Z Exchange,b2z-exchange,TSLA/USD,perpetual,294.88407265,677042.887857,0.0,1.0,1.0,0,2026-07-29T20:30:15.000Z
Tesla,tesla-derivatives,KTX,ktx,TSLA/USDT,perpetual,294.39019901,25691072.48463156,0.0,1.0,1.0,0,2026-07-29T20:30:16.000Z
Tesla,tesla-derivatives,Cofinex,cofinex,TSLA/USDT,perpetual,294.5209353,22669074.27095474,0.0,1.0,1.0,0,2026-07-29T20:30:15.000Z
Tesla,tesla-derivatives,AEGET,aeget,TSLA/USDT,perpetual,294.41017663,13741937.40976746,0.0,1.0,1.0,0,2026-07-29T20:30:15.000Z
Tesla,tesla-derivatives,WHXEX,whxex,TSLA/USDT,perpetual,294.39019901,6550405.71729553,0.0,1.0,1.0,0,2026-07-29T20:30:16.000Z
Tesla,tesla-derivatives,BitxEX,xex,TSLA/USDT,perpetual,294.40018782,45762.16141697,0.0,1.0,1.0,0,2026-07-29T20:30:16.000Z
Tesla,tesla-derivatives,HyperPay Futures,hyperpay-futures,TSLA/USDT,perpetual,294.46012068,3386078.79397626,0.0,1.0,1.0,0,2026-07-29T20:30:17.000Z
Tesla,tesla-derivatives,Ulink,ulink,TSLA/USDT,perpetual,294.55903787,2154885.06772865,0.0,1.0,1.0,0,2026-07-29T20:30:25.000Z
Tesla,tesla-derivatives,CoinP,coinp,TSLA/USDT,perpetual,294.43015425,1434282.09387016,0.0,1.0,1.0,0,2026-07-29T20:30:15.000Z
Tesla,tesla-derivatives,Bitbase,bitbase-com,TSLA/USDT,perpetual,296.91436607,1111629.78734985,0.0,1.0,1.0,0,2026-07-29T20:21:16.000Z
Tesla,tesla-derivatives,Fillx,fillx,TSLA/USDC,perpetual,296.48448086,0.0,1.0,1.0,0.0,0,2026-07-29T20:30:15.000Z
NVIDIA,nvidia-derivatives,FameEX,fameex,NVDA/USDT,perpetual,188.97960584,140953349.29853687,0.0,1.0,1.0,0,2026-07-29T20:30:17.000Z
NVIDIA,nvidia-derivatives,Batonex,wisebitcoin,NVDA/USDT,perpetual,189.13941101,82100089.34420176,0.0,1.0,1.0,0,2026-07-29T20:30:15.000Z
NVIDIA,nvidia-derivatives,Aivora Exchange,aivora-exchange,NVDA/USDT,perpetual,188.97960584,60951991.0140821,0.0,1.0,1.0,0,2026-07-29T20:30:17.000Z
NVIDIA,nvidia-derivatives,CoinMy,coinmy,NVDA/USDT,perpetual,188.97829041,56608376.96200985,0.0,1.0,1.0,0,2026-07-29T20:30:16.000Z
NVIDIA,nvidia-derivatives,Websea,websea,NVDA/USDT,perpetual,188.98827922,27077355.25912974,0.0,1.0,1.0,0,2026-07-29T20:30:17.000Z
NVIDIA,nvidia-derivatives,BitTap,bittap,NVDA/USDT,perpetual,189.02823446,8425647.81404223,0.0,1.0,1.0,0,2026-07-29T20:30:17.000Z
NVIDIA,nvidia-derivatives,Antarctic,antarctic-exchange,NVDA/USDT,perpetual,189.08816732,6337071.50995475,0.0,1.0,1.0,0,2026-07-29T20:30:19.000Z
NVIDIA,nvidia-derivatives,SunX,sunx,NVDA/USDT,perpetual,189.02823446,5793983.70070016,0.0,1.0,1.0,0,2026-07-29T20:30:18.000Z
NVIDIA,nvidia-derivatives,Bitbaby,bitbabyexchange,NVDA/USDT,perpetual,202.41322826,5098898.11805331,0.0,1.0,1.0,0,2026-07-29T20:30:15.000Z
NVIDIA,nvidia-derivatives,Ekbit,ekbit,NVDA/USDT,perpetual,188.97829041,4131209.76378446,0.0,1.0,1.0,0,2026-07-29T20:30:16.000Z
NVIDIA,nvidia-derivatives,x.me Exchange,voox-exchange,NVDA/USDT,perpetual,189.02478016,3422805.90190568,0.0,1.0,1.0,0,2026-07-29T20:30:23.000Z
NVIDIA,nvidia-derivatives,WOO X Pro,wooxpro,NVDA/USDT,perpetual,188.96961801,1565378.30050601,0.0,1.0,1.0,0,2026-07-29T20:30:16.000Z
NVIDIA,nvidia-derivatives,LeveX,levex,NVDA/USDT,perpetual,188.97829041,810107.47551926,0.0,1.0,1.0,0,2026-07-29T20:30:15.000Z
NVIDIA,nvidia-derivatives,Grvt,grvt,NVDA/USDT,perpetual,197.13212716,702917.41916975,0.0,1.0,1.0,0,2026-07-29T11:03:16.000Z
NVIDIA,nvidia-derivatives,Coincall,coincall,NVDA/USD,perpetual,189.1007372,370920.33508443,0.0,1.0,1.0,0,2026-07-29T20:30:16.000Z
NVIDIA,nvidia-derivatives,AlphaX,alphax,NVDA/USDT,perpetual,189.04821208,162384.49539,0.0,1.0,1.0,0,2026-07-29T20:30:20.000Z
NVIDIA,nvidia-derivatives,Orderly,orderly-network-evm,NVDA/USDC,perpetual,190.16947537,25410.8927272,0.0,1.0,1.0,0,2026-07-29T20:30:16.000Z
NVIDIA,nvidia-derivatives,MemeMax,mememax,NVDA/USDC,perpetual,189.0896487,25410.8927272,0.0,1.0,1.0,0,2026-07-29T20:30:15.000Z
NVIDIA,nvidia-derivatives,Aevo,aevo,NVDA/USD,perpetual,188.9006029,9766.75875107,0.0,1.0,1.0,0,2026-07-29T20:30:15.000Z
NVIDIA,nvidia-derivatives,Flipster,flipster,NVDA/USDT,perpetual,189.08947189,7788.45445903,0.0,1.0,1.0,0,2026-07-29T20:30:15.000Z
NVIDIA,nvidia-derivatives,idax exchange,idax-exchange,NVDA/USDT,perpetual,189.00825684,10444878.73533707,0.0,1.0,1.0,0,2026-07-29T20:30:16.000Z
NVIDIA,nvidia-derivatives,B2Z Exchange,b2z-exchange,NVDA/USD,perpetual,189.16356018,1087983.35691165,0.0,1.0,1.0,0,2026-07-29T20:30:15.000Z
NVIDIA,nvidia-derivatives,KTX,ktx,NVDA/USDT,perpetual,188.98827922,44312216.87780438,0.0,1.0,1.0,0,2026-07-29T20:30:16.000Z
NVIDIA,nvidia-derivatives,Cofinex,cofinex,NVDA/USDT,perpetual,189.01955713,20236565.19774377,0.0,1.0,1.0,0,2026-07-29T20:30:15.000Z
NVIDIA,nvidia-derivatives,IMBX,imbx,NVDA/USDT,perpetual,188.99826803,19333776.27620757,0.0,1.0,1.0,0,2026-07-29T20:30:17.000Z
NVIDIA,nvidia-derivatives,WHXEX,whxex,NVDA/USDT,perpetual,189.00825684,10444878.73533707,0.0,1.0,1.0,0,2026-07-29T20:30:16.000Z
NVIDIA,nvidia-derivatives,AEGET,aeget,NVDA/USDT,perpetual,188.98827922,4156188.27043266,0.0,1.0,1.0,0,2026-07-29T20:30:15.000Z
NVIDIA,nvidia-derivatives,Ulink,ulink,NVDA/USDT,perpetual,189.00480396,3600601.69271489,0.0,1.0,1.0,0,2026-07-29T20:30:25.000Z
NVIDIA,nvidia-derivatives,Bitbase,bitbase-com,NVDA/USDT,perpetual,189.74273261,1887993.20645239,0.0,1.0,1.0,0,2026-07-29T20:21:16.000Z
NVIDIA,nvidia-derivatives,CoinP,coinp,NVDA/USDT,perpetual,189.04821208,1014995.87572294,0.0,1.0,1.0,0,2026-07-29T20:30:15.000Z
Circle Internet Group,circle-internet-group-derivatives,FameEX,fameex,CRCL/USDT,perpetual,61.22535721,87555036.7682108,0.0,1.0,1.0,0,2026-07-29T20:30:17.000Z
Circle Internet Group,circle-internet-group-derivatives,Aivora Exchange,aivora-exchange,CRCL/USDT,perpetual,61.24533286,55431993.83922589,0.0,1.0,1.0,0,2026-07-29T20:30:17.000Z
Circle Internet Group,circle-internet-group-derivatives,CoinMy,coinmy,CRCL/USDT,perpetual,61.22141455,22992475.45959114,0.0,1.0,1.0,0,2026-07-29T20:30:16.000Z
Circle Internet Group,circle-internet-group-derivatives,Websea,websea,CRCL/USDT,perpetual,61.25138098,15925285.94754236,0.0,1.0,1.0,0,2026-07-29T20:30:17.000Z
Circle Internet Group,circle-internet-group-derivatives,Blockfinex,blockfinex,CRCL/USDT,perpetual,61.22535721,5987957.90732712,0.0,1.0,1.0,0,2026-07-29T20:30:15.000Z
Circle Internet Group,circle-internet-group-derivatives,Bitbaby,bitbabyexchange,CRCL/USDT,perpetual,59.60732983,5114378.04352856,0.0,1.0,1.0,0,2026-07-29T20:30:15.000Z
Circle Internet Group,circle-internet-group-derivatives,SunX,sunx,CRCL/USDT,perpetual,61.25138098,3443188.59471063,0.0,1.0,1.0,0,2026-07-29T20:30:18.000Z
Circle Internet Group,circle-internet-group-derivatives,Ekbit,ekbit,CRCL/USDT,perpetual,61.23140336,2800722.26074836,0.0,1.0,1.0,0,2026-07-29T20:30:16.000Z
Circle Internet Group,circle-internet-group-derivatives,BitTap,bittap,CRCL/USDT,perpetual,61.2713586,2487392.66726067,0.0,1.0,1.0,0,2026-07-29T20:30:17.000Z
Circle Internet Group,circle-internet-group-derivatives,x.me Exchange,voox-exchange,CRCL/USDT,perpetual,61.2670014,2335825.2591375,0.0,1.0,1.0,0,2026-07-29T20:30:23.000Z
Circle Internet Group,circle-internet-group-derivatives,Grvt,grvt,CRCL/USDT,perpetual,64.30892499,2053561.95860273,0.0,1.0,1.0,0,2026-07-29T11:03:16.000Z
Circle Internet Group,circle-internet-group-derivatives,EVEDEX,evedex,CRCL/USD,perpetual,61.26991613,1601564.12000397,0.0,1.0,1.0,0,2026-07-29T20:30:15.000Z
Circle Internet Group,circle-internet-group-derivatives,AlphaX,alphax,CRCL/USDT,perpetual,61.26136979,393325.50245329,0.0,1.0,1.0,0,2026-07-29T20:30:20.000Z
Circle Internet Group,circle-internet-group-derivatives,LeveX,levex,CRCL/USDT,perpetual,61.25138098,373756.20010346,0.0,1.0,1.0,0,2026-07-29T20:30:15.000Z
Circle Internet Group,circle-internet-group-derivatives,Coincall,coincall,CRCL/USD,perpetual,61.22871881,216938.31247037,0.0,1.0,1.0,0,2026-07-29T20:30:16.000Z
Circle Internet Group,circle-internet-group-derivatives,Flipster,flipster,CRCL/USDT,perpetual,61.2653085,23283.73113888,0.0,1.0,1.0,0,2026-07-29T20:30:15.000Z
Circle Internet Group,circle-internet-group-derivatives,Aevo,aevo,CRCL/USD,perpetual,61.26392272,13291.47051485,0.0,1.0,1.0,0,2026-07-29T20:30:15.000Z
Circle Internet Group,circle-internet-group-derivatives,Orderly,orderly-network-evm,CRCL/USDC,perpetual,64.0497192,632.77803105,0.0,1.0,1.0,0,2026-07-29T20:30:16.000Z
Circle Internet Group,circle-internet-group-derivatives,MemeMax,mememax,CRCL/USDC,perpetual,61.34015412,632.77803105,0.0,1.0,1.0,0,2026-07-29T20:30:15.000Z
Circle Internet Group,circle-internet-group-derivatives,Paradex,paradex-trade,CRCL/USD,perpetual,64.45162293,612.29041782,0.0,1.0,1.0,0,2026-07-28T06:51:16.000Z
Circle Internet Group,circle-internet-group-derivatives,idax exchange,idax-exchange,CRCL/USDT,perpetual,61.23140336,5988549.23281038,0.0,1.0,1.0,0,2026-07-29T20:30:16.000Z
Circle Internet Group,circle-internet-group-derivatives,B2Z Exchange,b2z-exchange,CRCL/USD,perpetual,61.24553795,1177385.91031198,0.0,1.0,1.0,0,2026-07-29T20:30:15.000Z
Circle Internet Group,circle-internet-group-derivatives,KTX,ktx,CRCL/USDT,perpetual,61.22141455,101583923.4036085,0.0,1.0,1.0,0,2026-07-29T20:30:16.000Z
Circle Internet Group,circle-internet-group-derivatives,IMBX,imbx,CRCL/USDT,perpetual,61.23140336,11390263.20648764,0.0,1.0,1.0,0,2026-07-29T20:30:17.000Z
Circle Internet Group,circle-internet-group-derivatives,Cofinex,cofinex,CRCL/USDT,perpetual,61.24533286,6100511.62984822,0.0,1.0,1.0,0,2026-07-29T20:30:15.000Z
Circle Internet Group,circle-internet-group-derivatives,WHXEX,whxex,CRCL/USDT,perpetual,61.23140336,5988549.23281038,0.0,1.0,1.0,0,2026-07-29T20:30:16.000Z
Circle Internet Group,circle-internet-group-derivatives,AEGET,aeget,CRCL/USDT,perpetual,61.22141455,2737082.43929968,0.0,1.0,1.0,0,2026-07-29T20:30:15.000Z
Circle Internet Group,circle-internet-group-derivatives,BYDFi,bydfi,CRCL/USDT,perpetual,63.14224876,820956.4888136,0.0,1.0,1.0,0,2026-07-28T08:06:15.000Z
Circle Internet Group,circle-internet-group-derivatives,HyperPay Futures,hyperpay-futures,CRCL/USDT,perpetual,61.23140336,3344803.75579146,0.0,1.0,1.0,0,2026-07-29T20:30:17.000Z
Circle Internet Group,circle-internet-group-derivatives,Bitbase,bitbase-com,CRCL/USDT,perpetual,61.71607858,2558990.59410366,0.0,1.0,1.0,0,2026-07-29T20:21:16.000Z
Circle Internet Group,circle-internet-group-derivatives,Ulink,ulink,CRCL/USDT,perpetual,61.2670014,2127776.6259805,0.0,1.0,1.0,0,2026-07-29T20:30:25.000Z
Platinum,platinum-derivatives,Aivora Exchange,aivora-exchange,XPT/USDT,perpetual,1613.78255974,47472625.41966339,0.0,1.0,1.0,0,2026-07-29T20:30:17.000Z
Platinum,platinum-derivatives,CoinMy,coinmy,XPT/USDT,perpetual,1613.94192472,41648739.73248182,0.0,1.0,1.0,0,2026-07-29T20:30:16.000Z
Platinum,platinum-derivatives,Ekbit,ekbit,XPT/USDT,perpetual,1613.94192472,13099790.12534072,0.0,1.0,1.0,0,2026-07-29T20:30:16.000Z
Platinum,platinum-derivatives,SunX,sunx,XPT/USDT,perpetual,1613.93193591,6393000.66085368,0.0,1.0,1.0,0,2026-07-29T20:30:18.000Z
Platinum,platinum-derivatives,Hibt,hibt,XPT/USDT,perpetual,1610.72907625,4742751.83243125,0.0,1.0,1.0,0,2026-07-29T20:27:17.000Z
Platinum,platinum-derivatives,Extended,extended,XPT/USD,perpetual,1613.22555918,4648385.09053696,0.0,1.0,1.0,0,2026-07-29T20:30:17.000Z
Platinum,platinum-derivatives,FameEX,fameex,XPT/USDT,perpetual,1613.78255974,4020774.75081821,0.0,1.0,1.0,0,2026-07-29T20:30:17.000Z
Platinum,platinum-derivatives,Websea,websea,XPT/USDT,perpetual,1613.84203662,2166139.57884722,0.0,1.0,1.0,0,2026-07-29T20:30:17.000Z
Platinum,platinum-derivatives,Grvt,grvt,XPT/USDT,perpetual,1589.31347131,1422697.34201416,0.0,1.0,1.0,0,2026-07-29T11:03:16.000Z
Platinum,platinum-derivatives,Bitbaby,bitbabyexchange,XPT/USDT,perpetual,1599.37013063,398579.66997495,0.0,1.0,1.0,0,2026-07-29T20:30:15.000Z
Platinum,platinum-derivatives,AlphaX,alphax,XPT/USDT,perpetual,1613.69220448,7801.20986491,0.0,1.0,1.0,0,2026-07-29T20:30:20.000Z
Platinum,platinum-derivatives,Flipster,flipster,XPT/USDT,perpetual,1620.50436487,901.51437968,0.0,1.0,1.0,0,2026-07-29T20:30:15.000Z
Platinum,platinum-derivatives,idax exchange,idax-exchange,XPT/USDT,perpetual,1613.95191353,957772.02216027,0.0,1.0,1.0,0,2026-07-29T20:30:16.000Z
Platinum,platinum-derivatives,KTX,ktx,XPT/USDT,perpetual,1614.24158901,27137785.19257851,0.0,1.0,1.0,0,2026-07-29T20:30:16.000Z
Platinum,platinum-derivatives,Cofinex,cofinex,XPT/USDT,perpetual,1614.08219444,1808739.14393668,0.0,1.0,1.0,0,2026-07-29T20:30:15.000Z
Platinum,platinum-derivatives,WHXEX,whxex,XPT/USDT,perpetual,1613.95191353,957772.02216027,0.0,1.0,1.0,0,2026-07-29T20:30:16.000Z
Platinum,platinum-derivatives,BitxEX,xex,XPT/USDT,perpetual,1613.94192472,6736.36267247,0.0,1.0,1.0,0,2026-07-29T20:30:16.000Z
Platinum,platinum-derivatives,HyperPay Futures,hyperpay-futures,XPT/USDT,perpetual,1613.94192472,2340356.5841113,0.0,1.0,1.0,0,2026-07-29T20:30:17.000Z
Platinum,platinum-derivatives,Ulink,ulink,XPT/USDT,perpetual,1613.81716402,1488794.26869916,0.0,1.0,1.0,0,2026-07-29T20:30:25.000Z
Platinum,platinum-derivatives,BlockFin,blockfin,XPT/USDT,perpetual,1613.38304681,917659.96279103,0.0,1.0,1.0,0,2026-07-29T20:30:15.000Z
Platinum,platinum-derivatives,CoinP,coinp,XPT/USDT,perpetual,1614.17166734,789220.99883037,0.0,1.0,1.0,0,2026-07-29T20:30:15.000Z
Platinum,platinum-derivatives,Bitbase,bitbase-com,XPT/USDT,perpetual,1612.28885525,123523.87591277,0.0,1.0,1.0,0,2026-07-29T20:21:16.000Z
Copper,copper-derivatives,Extended,extended,XCU/USD,perpetual,6.34224561,5817414.17891097,0.0,1.0,1.0,0,2026-07-29T20:30:17.000Z
Copper,copper-derivatives,WOO X Pro,wooxpro,XCU/USDT,perpetual,6.34626296,1322905.45076434,0.0,1.0,1.0,0,2026-07-29T20:30:16.000Z
Copper,copper-derivatives,AlphaX,alphax,XCU/USDT,perpetual,6.34289415,27176.41266658,0.0,1.0,1.0,0,2026-07-29T20:30:20.000Z
Copper,copper-derivatives,Aevo,aevo,COPPER/USD,perpetual,6.34464245,15713.47005502,0.0,1.0,1.0,0,2026-07-29T20:30:15.000Z
Copper,copper-derivatives,BlockFin,blockfin,XCU/USDT,perpetual,6.34436528,2731678.48732985,0.0,1.0,1.0,0,2026-07-29T20:30:15.000Z
Micron Technology Inc,micron-technology-inc-derivatives,FameEX,fameex,MU/USDT,perpetual,722.06968997,2502334252.218443,0.0,1.0,1.0,0,2026-07-29T20:30:17.000Z
Micron Technology Inc,micron-technology-inc-derivatives,Websea,websea,MU/USDT,perpetual,721.79138778,504015194.4174712,0.0,1.0,1.0,0,2026-07-29T20:30:17.000Z
Micron Technology Inc,micron-technology-inc-derivatives,Aivora Exchange,aivora-exchange,MU/USDT,perpetual,721.77005527,353246946.5474246,0.0,1.0,1.0,0,2026-07-29T20:30:17.000Z
Micron Technology Inc,micron-technology-inc-derivatives,CoinMy,coinmy,MU/USDT,perpetual,721.83134302,319126949.4255287,0.0,1.0,1.0,0,2026-07-29T20:30:16.000Z
Micron Technology Inc,micron-technology-inc-derivatives,Blockfinex,blockfinex,MU/USDT,perpetual,721.94983609,177167814.7270576,0.0,1.0,1.0,0,2026-07-29T20:30:15.000Z
Micron Technology Inc,micron-technology-inc-derivatives,SunX,sunx,MU/USDT,perpetual,721.13212634,102827241.56115392,0.0,1.0,1.0,0,2026-07-29T20:30:18.000Z
Micron Technology Inc,micron-technology-inc-derivatives,BitTap,bittap,MU/USDT,perpetual,721.65154444,101233931.85651553,0.0,1.0,1.0,0,2026-07-29T20:30:17.000Z
Micron Technology Inc,micron-technology-inc-derivatives,x.me Exchange,voox-exchange,MU/USDT,perpetual,720.56146315,38379070.6601867,0.0,1.0,1.0,0,2026-07-29T20:30:23.000Z
Micron Technology Inc,micron-technology-inc-derivatives,Coincall,coincall,MU/USD,perpetual,722.22715389,7243074.70114957,0.0,1.0,1.0,0,2026-07-29T20:30:16.000Z
Micron Technology Inc,micron-technology-inc-derivatives,LeveX,levex,MU/USDT,perpetual,721.8113654,5302192.00162153,0.0,1.0,1.0,0,2026-07-29T20:30:15.000Z
Micron Technology Inc,micron-technology-inc-derivatives,Flipster,flipster,MU/USDT,perpetual,721.81000656,3777728.71421732,0.0,1.0,1.0,0,2026-07-29T20:30:15.000Z
Micron Technology Inc,micron-technology-inc-derivatives,WOO X Pro,wooxpro,MU/USDT,perpetual,722.08966562,1113772.63273385,0.0,1.0,1.0,0,2026-07-29T20:30:16.000Z
Micron Technology Inc,micron-technology-inc-derivatives,Grvt,grvt,MU/USDT,perpetual,814.16018021,645412.29373782,0.0,1.0,1.0,0,2026-07-29T11:03:16.000Z
Micron Technology Inc,micron-technology-inc-derivatives,AlphaX,alphax,MU/USDT,perpetual,721.27196967,112314.91786692,0.0,1.0,1.0,0,2026-07-29T20:30:20.000Z
Micron Technology Inc,micron-technology-inc-derivatives,Aevo,aevo,MU/USD,perpetual,721.95496411,8157.24877969,0.0,1.0,1.0,0,2026-07-29T20:30:15.000Z
Micron Technology Inc,micron-technology-inc-derivatives,MemeMax,mememax,MU/USDC,perpetual,723.21391493,6058.37184395,0.0,1.0,1.0,0,2026-07-29T20:30:15.000Z
Micron Technology Inc,micron-technology-inc-derivatives,idax exchange,idax-exchange,MU/USDT,perpetual,722.0211304,177185310.48191804,0.0,1.0,1.0,0,2026-07-29T20:30:16.000Z
Micron Technology Inc,micron-technology-inc-derivatives,B2Z Exchange,b2z-exchange,MU/USD,perpetual,723.90266958,1251344.50326377,0.0,1.0,1.0,0,2026-07-29T20:30:15.000Z
Micron Technology Inc,micron-technology-inc-derivatives,AEGET,aeget,MU/USDT,perpetual,721.95120873,447180570.147766,0.0,1.0,1.0,0,2026-07-29T20:30:15.000Z
Micron Technology Inc,micron-technology-inc-derivatives,Cofinex,cofinex,MU/USDT,perpetual,722.02973868,417443795.395611,0.0,1.0,1.0,0,2026-07-29T20:30:15.000Z
Micron Technology Inc,micron-technology-inc-derivatives,KTX,ktx,MU/USDT,perpetual,721.95120873,283408858.952142,0.0,1.0,1.0,0,2026-07-29T20:30:16.000Z
Micron Technology Inc,micron-technology-inc-derivatives,WHXEX,whxex,MU/USDT,perpetual,722.0211304,177185310.48191804,0.0,1.0,1.0,0,2026-07-29T20:30:16.000Z
Micron Technology Inc,micron-technology-inc-derivatives,BitxEX,xex,MU/USDT,perpetual,722.14099612,32272.79619844,0.0,1.0,1.0,0,2026-07-29T20:30:16.000Z
Micron Technology Inc,micron-technology-inc-derivatives,HyperPay Futures,hyperpay-futures,MU/USDT,perpetual,721.3019361,95801468.57078807,0.0,1.0,1.0,0,2026-07-29T20:30:17.000Z
Micron Technology Inc,micron-technology-inc-derivatives,Bitbase,bitbase-com,MU/USDT,perpetual,730.02560017,48400159.29040492,0.0,1.0,1.0,0,2026-07-29T20:21:16.000Z
Alphabet Inc,alphabet-inc-derivatives,CoinMy,coinmy,GOOGL/USDT,perpetual,332.93701558,53566546.06020826,0.0,1.0,1.0,0,2026-07-29T20:30:16.000Z
Alphabet Inc,alphabet-inc-derivatives,Aivora Exchange,aivora-exchange,GOOGL/USDT,perpetual,332.91412831,40216169.8451044,0.0,1.0,1.0,0,2026-07-29T20:30:17.000Z
Alphabet Inc,alphabet-inc-derivatives,Websea,websea,GOOGL/USDT,perpetual,333.00693725,14429729.02785387,0.0,1.0,1.0,0,2026-07-29T20:30:17.000Z
Alphabet Inc,alphabet-inc-derivatives,Ekbit,ekbit,GOOGL/USDT,perpetual,332.93701558,11484274.83795648,0.0,1.0,1.0,0,2026-07-29T20:30:16.000Z
Alphabet Inc,alphabet-inc-derivatives,BitTap,bittap,GOOGL/USDT,perpetual,332.88707153,3953433.69916197,0.0,1.0,1.0,0,2026-07-29T20:30:17.000Z
Alphabet Inc,alphabet-inc-derivatives,Antarctic,antarctic-exchange,GOOGL/USDT,perpetual,332.92702677,3592365.70330084,0.0,1.0,1.0,0,2026-07-29T20:30:19.000Z
Alphabet Inc,alphabet-inc-derivatives,SunX,sunx,GOOGL/USDT,perpetual,332.97697082,2797938.26212087,0.0,1.0,1.0,0,2026-07-29T20:30:18.000Z
Alphabet Inc,alphabet-inc-derivatives,Bitbaby,bitbabyexchange,GOOGL/USDT,perpetual,351.44154064,2674246.95887984,0.0,1.0,1.0,0,2026-07-29T20:30:15.000Z
Alphabet Inc,alphabet-inc-derivatives,Grvt,grvt,GOOGL/USDT,perpetual,335.84881578,748502.93150388,0.0,1.0,1.0,0,2026-07-29T11:03:16.000Z
Alphabet Inc,alphabet-inc-derivatives,LeveX,levex,GOOGL/USDT,perpetual,332.93701558,313528.39167702,0.0,1.0,1.0,0,2026-07-29T20:30:15.000Z
Alphabet Inc,alphabet-inc-derivatives,Coincall,coincall,GOOGL/USD,perpetual,332.9767379,177764.46499002,0.0,1.0,1.0,0,2026-07-29T20:30:16.000Z
Alphabet Inc,alphabet-inc-derivatives,AlphaX,alphax,GOOGL/USDT,perpetual,332.93701558,175341.74516459,0.0,1.0,1.0,0,2026-07-29T20:30:20.000Z
Alphabet Inc,alphabet-inc-derivatives,Orderly,orderly-network-evm,GOOGL/USDC,perpetual,337.41584045,54541.20953934,0.0,1.0,1.0,0,2026-07-29T20:30:16.000Z
Alphabet Inc,alphabet-inc-derivatives,MemeMax,mememax,GOOGL/USDC,perpetual,333.34649363,54541.20953934,0.0,1.0,1.0,0,2026-07-29T20:30:15.000Z
Alphabet Inc,alphabet-inc-derivatives,Aevo,aevo,GOOGL/USD,perpetual,333.34012689,19877.58388907,0.0,1.0,1.0,0,2026-07-29T20:30:15.000Z
Alphabet Inc,alphabet-inc-derivatives,Flipster,flipster,GOOGL/USDT,perpetual,333.5933003,2099.36312702,0.0,1.0,1.0,0,2026-07-29T20:30:15.000Z
Alphabet Inc,alphabet-inc-derivatives,idax exchange,idax-exchange,GOOGL/USDT,perpetual,332.92702677,5235867.08549473,0.0,1.0,1.0,0,2026-07-29T20:30:16.000Z
Alphabet Inc,alphabet-inc-derivatives,B2Z Exchange,b2z-exchange,GOOGL/USD,perpetual,333.30245513,549625.97836009,0.0,1.0,1.0,0,2026-07-29T20:30:15.000Z
Alphabet Inc,alphabet-inc-derivatives,KTX,ktx,GOOGL/USDT,perpetual,332.99694844,15544579.56996999,0.0,1.0,1.0,0,2026-07-29T20:30:16.000Z
Alphabet Inc,alphabet-inc-derivatives,AEGET,aeget,GOOGL/USDT,perpetual,332.92702677,11443461.77473795,0.0,1.0,1.0,0,2026-07-29T20:30:15.000Z
Alphabet Inc,alphabet-inc-derivatives,Cofinex,cofinex,GOOGL/USDT,perpetual,332.9940309,9302306.35546774,0.0,1.0,1.0,0,2026-07-29T20:30:15.000Z
Alphabet Inc,alphabet-inc-derivatives,WHXEX,whxex,GOOGL/USDT,perpetual,332.92702677,5235867.08549473,0.0,1.0,1.0,0,2026-07-29T20:30:16.000Z
Alphabet Inc,alphabet-inc-derivatives,Bitbase,bitbase-com,GOOGL/USDT,perpetual,334.66914468,2096978.68125875,0.0,1.0,1.0,0,2026-07-29T20:21:16.000Z
Alphabet Inc,alphabet-inc-derivatives,Ulink,ulink,GOOGL/USDT,perpetual,332.95329176,1739311.61450019,0.0,1.0,1.0,0,2026-07-29T20:30:25.000Z
Alphabet Inc,alphabet-inc-derivatives,CoinP,coinp,GOOGL/USDT,perpetual,332.98695963,1568332.34036039,0.0,1.0,1.0,0,2026-07-29T20:30:15.000Z
Amazon.com Inc,amazon-com-inc-derivatives,Batonex,wisebitcoin,AMZN/USDT,perpetual,225.91457663,56970787.47120321,0.0,1.0,1.0,0,2026-07-29T20:30:15.000Z
Amazon.com Inc,amazon-com-inc-derivatives,Aivora Exchange,aivora-exchange,AMZN/USDT,perpetual,225.80471057,33279522.75657497,0.0,1.0,1.0,0,2026-07-29T20:30:17.000Z
Amazon.com Inc,amazon-com-inc-derivatives,CoinMy,coinmy,AMZN/USDT,perpetual,225.86696458,30601576.65598986,0.0,1.0,1.0,0,2026-07-29T20:30:16.000Z
Amazon.com Inc,amazon-com-inc-derivatives,FameEX,fameex,AMZN/USDT,perpetual,225.79472275,8329887.95070787,0.0,1.0,1.0,0,2026-07-29T20:30:17.000Z
Amazon.com Inc,amazon-com-inc-derivatives,Ekbit,ekbit,AMZN/USDT,perpetual,225.83699815,3243709.03910829,0.0,1.0,1.0,0,2026-07-29T20:30:16.000Z
Amazon.com Inc,amazon-com-inc-derivatives,Websea,websea,AMZN/USDT,perpetual,225.89693101,3239094.41040861,0.0,1.0,1.0,0,2026-07-29T20:30:17.000Z
Amazon.com Inc,amazon-com-inc-derivatives,BitTap,bittap,AMZN/USDT,perpetual,225.8869422,1594220.71010242,0.0,1.0,1.0,0,2026-07-29T20:30:17.000Z
Amazon.com Inc,amazon-com-inc-derivatives,x.me Exchange,voox-exchange,AMZN/USDT,perpetual,225.83092625,1174684.40431317,0.0,1.0,1.0,0,2026-07-29T20:30:23.000Z
Amazon.com Inc,amazon-com-inc-derivatives,Antarctic,antarctic-exchange,AMZN/USDT,perpetual,225.86696458,1046457.64666598,0.0,1.0,1.0,0,2026-07-29T20:30:19.000Z
Amazon.com Inc,amazon-com-inc-derivatives,Grvt,grvt,AMZN/USDT,perpetual,231.33432647,483916.82031058,0.0,1.0,1.0,0,2026-07-29T11:03:16.000Z
Amazon.com Inc,amazon-com-inc-derivatives,SunX,sunx,AMZN/USDT,perpetual,225.84698696,374272.35511263,0.0,1.0,1.0,0,2026-07-29T20:30:18.000Z
Amazon.com Inc,amazon-com-inc-derivatives,AlphaX,alphax,AMZN/USDT,perpetual,225.86696458,141984.98786675,0.0,1.0,1.0,0,2026-07-29T20:30:20.000Z
Amazon.com Inc,amazon-com-inc-derivatives,LeveX,levex,AMZN/USDT,perpetual,225.85697577,62700.83288369,0.0,1.0,1.0,0,2026-07-29T20:30:15.000Z
Amazon.com Inc,amazon-com-inc-derivatives,Aevo,aevo,AMZN/USD,perpetual,226.15331384,22488.41944651,0.0,1.0,1.0,0,2026-07-29T20:30:15.000Z
Amazon.com Inc,amazon-com-inc-derivatives,Coincall,coincall,AMZN/USD,perpetual,225.9538525,11777.58871783,0.0,1.0,1.0,0,2026-07-29T20:30:16.000Z
Amazon.com Inc,amazon-com-inc-derivatives,Bitbaby,bitbabyexchange,AMZN/USDT,perpetual,207.89654328,7783.64058785,0.0,1.0,1.0,0,2026-07-29T20:30:15.000Z
Amazon.com Inc,amazon-com-inc-derivatives,Flipster,flipster,AMZN/USDT,perpetual,226.23418698,1163.50154108,0.0,1.0,1.0,0,2026-07-29T20:30:15.000Z
Amazon.com Inc,amazon-com-inc-derivatives,idax exchange,idax-exchange,AMZN/USDT,perpetual,225.81702053,1457160.60760938,0.0,1.0,1.0,0,2026-07-29T20:30:16.000Z
Amazon.com Inc,amazon-com-inc-derivatives,B2Z Exchange,b2z-exchange,AMZN/USD,perpetual,226.08278622,824400.16567342,0.0,1.0,1.0,0,2026-07-29T20:30:15.000Z
Amazon.com Inc,amazon-com-inc-derivatives,KTX,ktx,AMZN/USDT,perpetual,225.82700934,16429892.73421777,0.0,1.0,1.0,0,2026-07-29T20:30:16.000Z
Amazon.com Inc,amazon-com-inc-derivatives,Cofinex,cofinex,AMZN/USDT,perpetual,226.00446704,3626324.37921619,0.0,1.0,1.0,0,2026-07-29T20:30:15.000Z
Amazon.com Inc,amazon-com-inc-derivatives,AEGET,aeget,AMZN/USDT,perpetual,225.84698696,3407367.0599066,0.0,1.0,1.0,0,2026-07-29T20:30:15.000Z
Amazon.com Inc,amazon-com-inc-derivatives,WHXEX,whxex,AMZN/USDT,perpetual,225.81702053,1457160.60760938,0.0,1.0,1.0,0,2026-07-29T20:30:16.000Z
Amazon.com Inc,amazon-com-inc-derivatives,HyperPay Futures,hyperpay-futures,AMZN/USDT,perpetual,225.85697577,372050.07400132,0.0,1.0,1.0,0,2026-07-29T20:30:17.000Z
Amazon.com Inc,amazon-com-inc-derivatives,Ulink,ulink,AMZN/USDT,perpetual,225.83092625,236651.25691244,0.0,1.0,1.0,0,2026-07-29T20:30:25.000Z
Amazon.com Inc,amazon-com-inc-derivatives,Bitbase,bitbase-com,AMZN/USDT,perpetual,226.7284324,155397.10792954,0.0,1.0,1.0,0,2026-07-29T20:21:16.000Z
Intel Corp,intel-corp-derivatives,FameEX,fameex,INTC/USDT,perpetual,80.27213636,190829773.78616518,0.0,1.0,1.0,0,2026-07-29T20:30:17.000Z
Intel Corp,intel-corp-derivatives,Aivora Exchange,aivora-exchange,INTC/USDT,perpetual,80.29211201,111230090.3549979,0.0,1.0,1.0,0,2026-07-29T20:30:17.000Z
Intel Corp,intel-corp-derivatives,CoinMy,coinmy,INTC/USDT,perpetual,80.29005224,69723867.7115813,0.0,1.0,1.0,0,2026-07-29T20:30:16.000Z
Intel Corp,intel-corp-derivatives,Websea,websea,INTC/USDT,perpetual,80.250097,37252352.67991443,0.0,1.0,1.0,0,2026-07-29T20:30:17.000Z
Intel Corp,intel-corp-derivatives,x.me Exchange,voox-exchange,INTC/USDT,perpetual,80.23440206,9096969.2845844,0.0,1.0,1.0,0,2026-07-29T20:30:23.000Z
Intel Corp,intel-corp-derivatives,Bitbaby,bitbabyexchange,INTC/USDT,perpetual,93.66580749,7370408.77950347,0.0,1.0,1.0,0,2026-07-29T20:30:15.000Z
Intel Corp,intel-corp-derivatives,Grvt,grvt,INTC/USDT,perpetual,87.59319093,2975875.51178136,0.0,1.0,1.0,0,2026-07-29T11:03:16.000Z
Intel Corp,intel-corp-derivatives,LeveX,levex,INTC/USDT,perpetual,80.28006343,1150547.41698483,0.0,1.0,1.0,0,2026-07-29T20:30:15.000Z
Intel Corp,intel-corp-derivatives,SunX,sunx,INTC/USDT,perpetual,80.250097,817880.70633367,0.0,1.0,1.0,0,2026-07-29T20:30:18.000Z
Intel Corp,intel-corp-derivatives,AlphaX,alphax,INTC/USDT,perpetual,80.29005224,569140.34468423,0.0,1.0,1.0,0,2026-07-29T20:30:20.000Z
Intel Corp,intel-corp-derivatives,Coincall,coincall,INTC/USD,perpetual,80.28964155,515745.88921412,0.0,1.0,1.0,0,2026-07-29T20:30:16.000Z
Intel Corp,intel-corp-derivatives,Aevo,aevo,INTC/USD,perpetual,80.31035942,5524.61508229,0.0,1.0,1.0,0,2026-07-29T20:30:15.000Z
Intel Corp,intel-corp-derivatives,Flipster,flipster,INTC/USDT,perpetual,80.41196589,3091.33360591,0.0,1.0,1.0,0,2026-07-29T20:30:15.000Z
Intel Corp,intel-corp-derivatives,MemeMax,mememax,INTC/USDC,perpetual,80.36710005,532.00884579,0.0,1.0,1.0,0,2026-07-29T20:30:15.000Z
Intel Corp,intel-corp-derivatives,Orderly,orderly-network-evm,INTC/USDC,perpetual,86.81606491,532.00884579,0.0,1.0,1.0,0,2026-07-29T20:30:16.000Z
Intel Corp,intel-corp-derivatives,idax exchange,idax-exchange,INTC/USDT,perpetual,80.28006343,13825157.41439634,0.0,1.0,1.0,0,2026-07-29T20:30:16.000Z
Intel Corp,intel-corp-derivatives,B2Z Exchange,b2z-exchange,INTC/USD,perpetual,80.2848248,1309128.28789543,0.0,1.0,1.0,0,2026-07-29T20:30:15.000Z
Intel Corp,intel-corp-derivatives,KTX,ktx,INTC/USDT,perpetual,80.27007462,220677771.0753711,0.0,1.0,1.0,0,2026-07-29T20:30:16.000Z
Intel Corp,intel-corp-derivatives,Cofinex,cofinex,INTC/USDT,perpetual,80.30209983,51405120.13014226,0.0,1.0,1.0,0,2026-07-29T20:30:15.000Z
Intel Corp,intel-corp-derivatives,AEGET,aeget,INTC/USDT,perpetual,80.28006343,19140637.19047056,0.0,1.0,1.0,0,2026-07-29T20:30:15.000Z
Intel Corp,intel-corp-derivatives,WHXEX,whxex,INTC/USDT,perpetual,80.28006343,13825157.41439634,0.0,1.0,1.0,0,2026-07-29T20:30:16.000Z
Intel Corp,intel-corp-derivatives,CoinP,coinp,INTC/USDT,perpetual,80.30004105,4745109.34014303,0.0,1.0,1.0,0,2026-07-29T20:30:15.000Z
Intel Corp,intel-corp-derivatives,Bitbase,bitbase-com,INTC/USDT,perpetual,80.79322862,2897322.10213079,0.0,1.0,1.0,0,2026-07-29T20:21:16.000Z
Intel Corp,intel-corp-derivatives,HyperPay Futures,hyperpay-futures,INTC/USDT,perpetual,80.28006343,803540.39107689,0.0,1.0,1.0,0,2026-07-29T20:30:17.000Z
Intel Corp,intel-corp-derivatives,Ulink,ulink,INTC/USDT,perpetual,80.24439016,511146.87470616,0.0,1.0,1.0,0,2026-07-29T20:30:25.000Z
MicroStrategy Inc,microstrategy-inc-derivatives,FameEX,fameex,MSTR/USDT,perpetual,92.54717127,96086704.47327518,0.0,1.0,1.0,0,2026-07-29T20:30:17.000Z
MicroStrategy Inc,microstrategy-inc-derivatives,CoinMy,coinmy,MSTR/USDT,perpetual,92.55631053,62863537.12853193,0.0,1.0,1.0,0,2026-07-29T20:30:16.000Z
MicroStrategy Inc,microstrategy-inc-derivatives,Aivora Exchange,aivora-exchange,MSTR/USDT,perpetual,92.54717127,34675432.53554805,0.0,1.0,1.0,0,2026-07-29T20:30:17.000Z
MicroStrategy Inc,microstrategy-inc-derivatives,Websea,websea,MSTR/USDT,perpetual,92.56629934,18579864.23272641,0.0,1.0,1.0,0,2026-07-29T20:30:17.000Z
MicroStrategy Inc,microstrategy-inc-derivatives,BitTap,bittap,MSTR/USDT,perpetual,92.58627696,6959479.15322172,0.0,1.0,1.0,0,2026-07-29T20:30:17.000Z
MicroStrategy Inc,microstrategy-inc-derivatives,Bitbaby,bitbabyexchange,MSTR/USDT,perpetual,90.91915607,5265984.42247018,0.0,1.0,1.0,0,2026-07-29T20:30:15.000Z
MicroStrategy Inc,microstrategy-inc-derivatives,x.me Exchange,voox-exchange,MSTR/USDT,perpetual,92.57969285,4538536.1344218,0.0,1.0,1.0,0,2026-07-29T20:30:23.000Z
MicroStrategy Inc,microstrategy-inc-derivatives,SunX,sunx,MSTR/USDT,perpetual,92.56629934,3791470.91817157,0.0,1.0,1.0,0,2026-07-29T20:30:18.000Z
MicroStrategy Inc,microstrategy-inc-derivatives,EVEDEX,evedex,MSTR/USD,perpetual,92.59453557,1383210.93362004,0.0,1.0,1.0,0,2026-07-29T20:30:15.000Z
MicroStrategy Inc,microstrategy-inc-derivatives,Grvt,grvt,MSTR/USDT,perpetual,97.72199645,1301523.27535492,0.0,1.0,1.0,0,2026-07-29T11:03:16.000Z
MicroStrategy Inc,microstrategy-inc-derivatives,Ekbit,ekbit,MSTR/USDT,perpetual,92.54632172,1157386.04187445,0.0,1.0,1.0,0,2026-07-29T20:30:16.000Z
MicroStrategy Inc,microstrategy-inc-derivatives,LeveX,levex,MSTR/USDT,perpetual,92.49637768,650317.42535063,0.0,1.0,1.0,0,2026-07-29T20:30:15.000Z
MicroStrategy Inc,microstrategy-inc-derivatives,Coincall,coincall,MSTR/USD,perpetual,92.59732332,255599.43441566,0.0,1.0,1.0,0,2026-07-29T20:30:16.000Z
MicroStrategy Inc,microstrategy-inc-derivatives,AlphaX,alphax,MSTR/USDT,perpetual,92.57628815,60004.82062638,0.0,1.0,1.0,0,2026-07-29T20:30:20.000Z
MicroStrategy Inc,microstrategy-inc-derivatives,Aevo,aevo,MSTR/USD,perpetual,92.68152821,11510.50889981,0.0,1.0,1.0,0,2026-07-29T20:30:15.000Z
MicroStrategy Inc,microstrategy-inc-derivatives,Flipster,flipster,MSTR/USDT,perpetual,92.89674509,1807.44429737,0.0,1.0,1.0,0,2026-07-29T20:30:15.000Z
MicroStrategy Inc,microstrategy-inc-derivatives,Orderly,orderly-network-evm,MSTR/USDC,perpetual,92.81510199,1278.68253512,0.0,1.0,1.0,0,2026-07-29T20:30:16.000Z
MicroStrategy Inc,microstrategy-inc-derivatives,MemeMax,mememax,MSTR/USDC,perpetual,92.68512285,1278.68253512,0.0,1.0,1.0,0,2026-07-29T20:30:15.000Z
MicroStrategy Inc,microstrategy-inc-derivatives,idax exchange,idax-exchange,MSTR/USDT,perpetual,92.55631053,6951989.41771171,0.0,1.0,1.0,0,2026-07-29T20:30:16.000Z
MicroStrategy Inc,microstrategy-inc-derivatives,B2Z Exchange,b2z-exchange,MSTR/USD,perpetual,92.65786265,588108.90852627,0.0,1.0,1.0,0,2026-07-29T20:30:15.000Z
MicroStrategy Inc,microstrategy-inc-derivatives,KTX,ktx,MSTR/USDT,perpetual,92.55631053,104792965.24496602,0.0,1.0,1.0,0,2026-07-29T20:30:16.000Z
MicroStrategy Inc,microstrategy-inc-derivatives,Cofinex,cofinex,MSTR/USDT,perpetual,92.56714692,16683792.92520214,0.0,1.0,1.0,0,2026-07-29T20:30:15.000Z
MicroStrategy Inc,microstrategy-inc-derivatives,IMBX,imbx,MSTR/USDT,perpetual,92.54632172,12885966.59209252,0.0,1.0,1.0,0,2026-07-29T20:30:17.000Z
MicroStrategy Inc,microstrategy-inc-derivatives,WHXEX,whxex,MSTR/USDT,perpetual,92.55631053,6951989.41771171,0.0,1.0,1.0,0,2026-07-29T20:30:16.000Z
MicroStrategy Inc,microstrategy-inc-derivatives,AEGET,aeget,MSTR/USDT,perpetual,92.54632172,1177736.64713218,0.0,1.0,1.0,0,2026-07-29T20:30:15.000Z
MicroStrategy Inc,microstrategy-inc-derivatives,HyperPay Futures,hyperpay-futures,MSTR/USDT,perpetual,92.54632172,3676212.01901267,0.0,1.0,1.0,0,2026-07-29T20:30:17.000Z
MicroStrategy Inc,microstrategy-inc-derivatives,Bitbase,bitbase-com,MSTR/USDT,perpetual,92.88874103,2799367.09670461,0.0,1.0,1.0,0,2026-07-29T20:21:16.000Z
MicroStrategy Inc,microstrategy-inc-derivatives,Ulink,ulink,MSTR/USDT,perpetual,92.57969285,2338361.42773532,0.0,1.0,1.0,0,2026-07-29T20:30:25.000Z
MicroStrategy Inc,microstrategy-inc-derivatives,CoinP,coinp,MSTR/USDT,perpetual,92.49637768,509568.25851185,0.0,1.0,1.0,0,2026-07-29T20:30:15.000Z
Palantir Technologies Inc,palantir-technologies-inc-derivatives,CoinMy,coinmy,PLTR/USDT,perpetual,120.72475384,81885625.47412115,0.0,1.0,1.0,0,2026-07-29T20:30:16.000Z
Palantir Technologies Inc,palantir-technologies-inc-derivatives,Aivora Exchange,aivora-exchange,PLTR/USDT,perpetual,120.75278445,36104907.453639,0.0,1.0,1.0,0,2026-07-29T20:30:17.000Z
Palantir Technologies Inc,palantir-technologies-inc-derivatives,Websea,websea,PLTR/USDT,perpetual,120.77469789,2399984.33302554,0.0,1.0,1.0,0,2026-07-29T20:30:17.000Z
Palantir Technologies Inc,palantir-technologies-inc-derivatives,Ekbit,ekbit,PLTR/USDT,perpetual,120.74473146,2162754.15488764,0.0,1.0,1.0,0,2026-07-29T20:30:16.000Z
Palantir Technologies Inc,palantir-technologies-inc-derivatives,Bitbaby,bitbabyexchange,PLTR/USDT,perpetual,131.23001116,984661.68588456,0.0,1.0,1.0,0,2026-07-29T20:30:15.000Z
Palantir Technologies Inc,palantir-technologies-inc-derivatives,Grvt,grvt,PLTR/USDT,perpetual,123.9829725,534487.64741385,0.0,1.0,1.0,0,2026-07-29T11:03:16.000Z
Palantir Technologies Inc,palantir-technologies-inc-derivatives,AlphaX,alphax,PLTR/USDT,perpetual,120.72475384,55577.39819229,0.0,1.0,1.0,0,2026-07-29T20:30:20.000Z
Palantir Technologies Inc,palantir-technologies-inc-derivatives,Coincall,coincall,PLTR/USD,perpetual,120.78910738,21851.41116208,0.0,1.0,1.0,0,2026-07-29T20:30:16.000Z
Palantir Technologies Inc,palantir-technologies-inc-derivatives,Aevo,aevo,PLTR/USD,perpetual,120.83671993,13377.07831669,0.0,1.0,1.0,0,2026-07-29T20:30:15.000Z
Palantir Technologies Inc,palantir-technologies-inc-derivatives,Flipster,flipster,PLTR/USDT,perpetual,121.30211473,1303.33112208,0.0,1.0,1.0,0,2026-07-29T20:30:15.000Z
Palantir Technologies Inc,palantir-technologies-inc-derivatives,idax exchange,idax-exchange,PLTR/USDT,perpetual,120.75472027,1063856.66710056,0.0,1.0,1.0,0,2026-07-29T20:30:16.000Z
Palantir Technologies Inc,palantir-technologies-inc-derivatives,B2Z Exchange,b2z-exchange,PLTR/USD,perpetual,120.72207129,1004496.20382413,0.0,1.0,1.0,0,2026-07-29T20:30:15.000Z
Palantir Technologies Inc,palantir-technologies-inc-derivatives,KTX,ktx,PLTR/USDT,perpetual,120.74473146,35611932.67959397,0.0,1.0,1.0,0,2026-07-29T20:30:16.000Z
Palantir Technologies Inc,palantir-technologies-inc-derivatives,Cofinex,cofinex,PLTR/USDT,perpetual,120.63293057,3423734.48943489,0.0,1.0,1.0,0,2026-07-29T20:30:15.000Z
Palantir Technologies Inc,palantir-technologies-inc-derivatives,AEGET,aeget,PLTR/USDT,perpetual,120.74473146,2230520.7115159,0.0,1.0,1.0,0,2026-07-29T20:30:15.000Z
Palantir Technologies Inc,palantir-technologies-inc-derivatives,IMBX,imbx,PLTR/USDT,perpetual,120.75472027,1441043.36042318,0.0,1.0,1.0,0,2026-07-29T20:30:17.000Z
Palantir Technologies Inc,palantir-technologies-inc-derivatives,WHXEX,whxex,PLTR/USDT,perpetual,120.75472027,1063856.66710056,0.0,1.0,1.0,0,2026-07-29T20:30:16.000Z
Palantir Technologies Inc,palantir-technologies-inc-derivatives,HyperPay Futures,hyperpay-futures,PLTR/USDT,perpetual,120.74473146,344250.76086093,0.0,1.0,1.0,0,2026-07-29T20:30:17.000Z
Palantir Technologies Inc,palantir-technologies-inc-derivatives,Bitbase,bitbase-com,PLTR/USDT,perpetual,121.08496854,223290.89166461,0.0,1.0,1.0,0,2026-07-29T20:21:16.000Z
Palantir Technologies Inc,palantir-technologies-inc-derivatives,Ulink,ulink,PLTR/USDT,perpetual,120.77609731,218962.65498377,0.0,1.0,1.0,0,2026-07-29T20:30:25.000Z
Robinhood Markets,robinhood-markets-derivatives,Aivora Exchange,aivora-exchange,HOOD/USDT,perpetual,85.79540268,37500807.59436254,0.0,1.0,1.0,0,2026-07-29T20:30:17.000Z
Robinhood Markets,robinhood-markets-derivatives,CoinMy,coinmy,HOOD/USDT,perpetual,85.79388638,30804493.08171739,0.0,1.0,1.0,0,2026-07-29T20:30:16.000Z
Robinhood Markets,robinhood-markets-derivatives,Websea,websea,HOOD/USDT,perpetual,85.87379685,5764989.46751104,0.0,1.0,1.0,0,2026-07-29T20:30:17.000Z
Robinhood Markets,robinhood-markets-derivatives,Grvt,grvt,HOOD/USDT,perpetual,93.72641242,3664628.26751042,0.0,1.0,1.0,0,2026-07-29T11:03:16.000Z
Robinhood Markets,robinhood-markets-derivatives,x.me Exchange,voox-exchange,HOOD/USDT,perpetual,86.06745208,2250991.78888876,0.0,1.0,1.0,0,2026-07-29T20:30:23.000Z
Robinhood Markets,robinhood-markets-derivatives,Bitbaby,bitbabyexchange,HOOD/USDT,perpetual,102.91453192,1537305.37437403,0.0,1.0,1.0,0,2026-07-29T20:30:15.000Z
Robinhood Markets,robinhood-markets-derivatives,LeveX,levex,HOOD/USDT,perpetual,85.87579462,110760.79805508,0.0,1.0,1.0,0,2026-07-29T20:30:15.000Z
Robinhood Markets,robinhood-markets-derivatives,SunX,sunx,HOOD/USDT,perpetual,86.08356186,101445.97387493,0.0,1.0,1.0,0,2026-07-29T20:30:18.000Z
Robinhood Markets,robinhood-markets-derivatives,Coincall,coincall,HOOD/USD,perpetual,85.85407235,69179.77543717,0.0,1.0,1.0,0,2026-07-29T20:30:16.000Z
Robinhood Markets,robinhood-markets-derivatives,AlphaX,alphax,HOOD/USDT,perpetual,86.023629,57400.32028961,0.0,1.0,1.0,0,2026-07-29T20:30:20.000Z
Robinhood Markets,robinhood-markets-derivatives,MemeMax,mememax,HOOD/USDC,perpetual,85.95620293,16888.90461513,0.0,1.0,1.0,0,2026-07-29T20:30:15.000Z
Robinhood Markets,robinhood-markets-derivatives,Orderly,orderly-network-evm,HOOD/USDC,perpetual,86.11617725,16888.90461513,0.0,1.0,1.0,0,2026-07-29T20:30:16.000Z
Robinhood Markets,robinhood-markets-derivatives,Aevo,aevo,HOOD/USD,perpetual,85.92777773,12871.70353771,0.0,1.0,1.0,0,2026-07-29T20:30:15.000Z
Robinhood Markets,robinhood-markets-derivatives,Flipster,flipster,HOOD/USDT,perpetual,89.13133568,1093.7452823,0.0,1.0,1.0,0,2026-07-29T20:30:15.000Z
Robinhood Markets,robinhood-markets-derivatives,idax exchange,idax-exchange,HOOD/USDT,perpetual,85.90376328,2576455.55392516,0.0,1.0,1.0,0,2026-07-29T20:30:16.000Z
Robinhood Markets,robinhood-markets-derivatives,B2Z Exchange,b2z-exchange,HOOD/USD,perpetual,85.82170926,712595.47647746,0.0,1.0,1.0,0,2026-07-29T20:30:15.000Z
Robinhood Markets,robinhood-markets-derivatives,KTX,ktx,HOOD/USDT,perpetual,85.87379685,119425286.45689057,0.0,1.0,1.0,0,2026-07-29T20:30:16.000Z
Robinhood Markets,robinhood-markets-derivatives,Cofinex,cofinex,HOOD/USDT,perpetual,85.93523221,5170820.62325373,0.0,1.0,1.0,0,2026-07-29T20:30:15.000Z
Robinhood Markets,robinhood-markets-derivatives,IMBX,imbx,HOOD/USDT,perpetual,85.82385281,3888706.22988907,0.0,1.0,1.0,0,2026-07-29T20:30:17.000Z
Robinhood Markets,robinhood-markets-derivatives,WHXEX,whxex,HOOD/USDT,perpetual,85.90376328,2576455.55392516,0.0,1.0,1.0,0,2026-07-29T20:30:16.000Z
Robinhood Markets,robinhood-markets-derivatives,Bitbase,bitbase-com,HOOD/USDT,perpetual,89.73252144,521445.83491454,0.0,1.0,1.0,0,2026-07-29T20:21:16.000Z
Robinhood Markets,robinhood-markets-derivatives,HyperPay Futures,hyperpay-futures,HOOD/USDT,perpetual,85.84383043,107128.17139303,0.0,1.0,1.0,0,2026-07-29T20:30:17.000Z
Robinhood Markets,robinhood-markets-derivatives,Ulink,ulink,HOOD/USDT,perpetual,86.29717837,68237.24419261,0.0,1.0,1.0,0,2026-07-29T20:30:25.000Z
Netflix,netflix-derivatives,FameEX,fameex,NFLX/USDT,perpetual,72.86117143,1787567.23645159,0.0,1.0,1.0,0,2026-07-29T20:30:17.000Z
Netflix,netflix-derivatives,WOO X Pro,wooxpro,NFLX/USDT,perpetual,72.8911349,1264812.3278351,0.0,1.0,1.0,0,2026-07-29T20:30:16.000Z
Netflix,netflix-derivatives,AlphaX,alphax,NFLX/USDT,perpetual,72.91831069,314980.00835232,0.0,1.0,1.0,0,2026-07-29T20:30:20.000Z
Netflix,netflix-derivatives,Bitbaby,bitbabyexchange,NFLX/USDT,perpetual,67.82730845,259447.79755998,0.0,1.0,1.0,0,2026-07-29T20:30:15.000Z
Netflix,netflix-derivatives,Aevo,aevo,NFLX/USD,perpetual,72.93279705,12729.50660518,0.0,1.0,1.0,0,2026-07-29T20:30:15.000Z
Netflix,netflix-derivatives,Flipster,flipster,NFLX/USDT,perpetual,73.41050171,1042.33290162,0.0,1.0,1.0,0,2026-07-29T20:30:15.000Z
Netflix,netflix-derivatives,B2Z Exchange,b2z-exchange,NFLX/USD,perpetual,72.95894697,2356158.57055818,0.0,1.0,1.0,0,2026-07-29T20:30:15.000Z
Netflix,netflix-derivatives,idax exchange,idax-exchange,NFLX/USDT,perpetual,72.89833307,366243.15770381,0.0,1.0,1.0,0,2026-07-29T20:30:16.000Z
Netflix,netflix-derivatives,WHXEX,whxex,NFLX/USDT,perpetual,72.89833307,366247.5382963,0.0,1.0,1.0,0,2026-07-29T20:30:16.000Z
Netflix,netflix-derivatives,Cofinex,cofinex,NFLX/USDT,perpetual,72.8911349,223800.28336613,0.0,1.0,1.0,0,2026-07-29T20:30:15.000Z
Netflix,netflix-derivatives,Bitbase,bitbase-com,NFLX/USDT,perpetual,73.04251216,184176.22498198,0.0,1.0,1.0,0,2026-07-29T20:21:16.000Z
Palladium,palladium-derivatives,Aivora Exchange,aivora-exchange,XPD/USDT,perpetual,1264.88791406,28178742.88365989,0.0,1.0,1.0,0,2026-07-29T20:30:17.000Z
Palladium,palladium-derivatives,CoinMy,coinmy,XPD/USDT,perpetual,1264.17376482,15721656.83023267,0.0,1.0,1.0,0,2026-07-29T20:30:16.000Z
Palladium,palladium-derivatives,Ekbit,ekbit,XPD/USDT,perpetual,1264.41349625,8042284.70893645,0.0,1.0,1.0,0,2026-07-29T20:30:16.000Z
Palladium,palladium-derivatives,SunX,sunx,XPD/USDT,perpetual,1264.82303745,5000850.30531981,0.0,1.0,1.0,0,2026-07-29T20:30:18.000Z
Palladium,palladium-derivatives,Grvt,grvt,XPD/USDT,perpetual,1256.98076948,1221585.04033013,0.0,1.0,1.0,0,2026-07-29T11:03:16.000Z
Palladium,palladium-derivatives,WOO X Pro,wooxpro,XPD/USDT,perpetual,1264.6482063,950373.16131483,0.0,1.0,1.0,0,2026-07-29T20:30:16.000Z
Palladium,palladium-derivatives,AlphaX,alphax,XPD/USDT,perpetual,1263.534481,546192.23704003,0.0,1.0,1.0,0,2026-07-29T20:30:20.000Z
Palladium,palladium-derivatives,Flipster,flipster,XPD/USDT,perpetual,1263.54954573,885.1054478,0.0,1.0,1.0,0,2026-07-29T20:30:15.000Z
Palladium,palladium-derivatives,Bitbaby,bitbabyexchange,XPD/USDT,perpetual,1243.913485,0.0,0.0,1.0,1.0,0,2026-07-29T20:30:15.000Z
Palladium,palladium-derivatives,idax exchange,idax-exchange,XPD/USDT,perpetual,1264.9828584,850207.14512211,0.0,1.0,1.0,0,2026-07-29T20:30:16.000Z
Palladium,palladium-derivatives,KTX,ktx,XPD/USDT,perpetual,1265.22258983,28957384.99965988,0.0,1.0,1.0,0,2026-07-29T20:30:16.000Z
Palladium,palladium-derivatives,WHXEX,whxex,XPD/USDT,perpetual,1264.9828584,850207.14512211,0.0,1.0,1.0,0,2026-07-29T20:30:16.000Z
Palladium,palladium-derivatives,Cofinex,cofinex,XPD/USDT,perpetual,1261.60192017,732367.23058956,0.0,1.0,1.0,0,2026-07-29T20:30:15.000Z
Palladium,palladium-derivatives,BitxEX,xex,XPD/USDT,perpetual,1264.41349625,5335.68346967,0.0,1.0,1.0,0,2026-07-29T20:30:16.000Z
Palladium,palladium-derivatives,HyperPay Futures,hyperpay-futures,XPD/USDT,perpetual,1264.82303745,1844818.73683713,0.0,1.0,1.0,0,2026-07-29T20:30:17.000Z
Palladium,palladium-derivatives,Ulink,ulink,XPD/USDT,perpetual,1264.73309182,1173398.77811514,0.0,1.0,1.0,0,2026-07-29T20:30:25.000Z
Palladium,palladium-derivatives,CoinP,coinp,XPD/USDT,perpetual,1265.36243317,665968.20770049,0.0,1.0,1.0,0,2026-07-29T20:30:15.000Z
Palladium,palladium-derivatives,BlockFin,blockfin,XPD/USDT,perpetual,1265.01775576,533454.61216915,0.0,1.0,1.0,0,2026-07-29T20:30:15.000Z
Palladium,palladium-derivatives,Bitbase,bitbase-com,XPD/USDT,perpetual,1263.07712917,184206.79275894,0.0,1.0,1.0,0,2026-07-29T20:21:16.000Z
Oracle Corp,oracle-corp-derivatives,CoinMy,coinmy,ORCL/USDT,perpetual,116.98893902,22630743.97202995,0.0,1.0,1.0,0,2026-07-29T20:30:16.000Z
Oracle Corp,oracle-corp-derivatives,FameEX,fameex,ORCL/USDT,perpetual,116.98737504,15575795.04263147,0.0,1.0,1.0,0,2026-07-29T20:30:17.000Z
Oracle Corp,oracle-corp-derivatives,Grvt,grvt,ORCL/USDT,perpetual,120.25709039,234884.75339727,0.0,1.0,1.0,0,2026-07-29T11:03:16.000Z
Oracle Corp,oracle-corp-derivatives,AlphaX,alphax,ORCL/USDT,perpetual,117.00891664,61659.75820427,0.0,1.0,1.0,0,2026-07-29T20:30:20.000Z
Oracle Corp,oracle-corp-derivatives,Flipster,flipster,ORCL/USDT,perpetual,117.41685145,1027.61317914,0.0,1.0,1.0,0,2026-07-29T20:30:15.000Z
Oracle Corp,oracle-corp-derivatives,idax exchange,idax-exchange,ORCL/USDT,perpetual,116.97895021,1783394.41959183,0.0,1.0,1.0,0,2026-07-29T20:30:16.000Z
Oracle Corp,oracle-corp-derivatives,B2Z Exchange,b2z-exchange,ORCL/USD,perpetual,117.11410145,638842.20647317,0.0,1.0,1.0,0,2026-07-29T20:30:15.000Z
Oracle Corp,oracle-corp-derivatives,KTX,ktx,ORCL/USDT,perpetual,116.9689614,43005978.86704052,0.0,1.0,1.0,0,2026-07-29T20:30:16.000Z
Oracle Corp,oracle-corp-derivatives,Cofinex,cofinex,ORCL/USDT,perpetual,117.03731416,2199758.26915688,0.0,1.0,1.0,0,2026-07-29T20:30:15.000Z
Oracle Corp,oracle-corp-derivatives,WHXEX,whxex,ORCL/USDT,perpetual,116.97895021,1783394.41959183,0.0,1.0,1.0,0,2026-07-29T20:30:16.000Z
Oracle Corp,oracle-corp-derivatives,Bitbase,bitbase-com,ORCL/USDT,perpetual,117.5591916,218914.56078489,0.0,1.0,1.0,0,2026-07-29T20:21:16.000Z
Coinbase Global Inc,coinbase-global-inc-derivatives,Aivora Exchange,aivora-exchange,COIN/USDT,perpetual,158.59664717,52668998.11075718,0.0,1.0,1.0,0,2026-07-29T20:30:17.000Z
Coinbase Global Inc,coinbase-global-inc-derivatives,CoinMy,coinmy,COIN/USDT,perpetual,158.60232016,50827345.80576558,0.0,1.0,1.0,0,2026-07-29T20:30:16.000Z
Coinbase Global Inc,coinbase-global-inc-derivatives,Ekbit,ekbit,COIN/USDT,perpetual,158.62229778,5497666.16059051,0.0,1.0,1.0,0,2026-07-29T20:30:16.000Z
Coinbase Global Inc,coinbase-global-inc-derivatives,Websea,websea,COIN/USDT,perpetual,158.56236493,5150090.4997359,0.0,1.0,1.0,0,2026-07-29T20:30:17.000Z
Coinbase Global Inc,coinbase-global-inc-derivatives,BitTap,bittap,COIN/USDT,perpetual,158.63228659,1176192.94343062,0.0,1.0,1.0,0,2026-07-29T20:30:17.000Z
Coinbase Global Inc,coinbase-global-inc-derivatives,Grvt,grvt,COIN/USDT,perpetual,167.49488261,950072.99490407,0.0,1.0,1.0,0,2026-07-29T11:03:16.000Z
Coinbase Global Inc,coinbase-global-inc-derivatives,SunX,sunx,COIN/USDT,perpetual,158.71219707,918376.54473133,0.0,1.0,1.0,0,2026-07-29T20:30:18.000Z
Coinbase Global Inc,coinbase-global-inc-derivatives,EVEDEX,evedex,COIN/USD,perpetual,158.77204205,371598.56665893,0.0,1.0,1.0,0,2026-07-29T20:30:15.000Z
Coinbase Global Inc,coinbase-global-inc-derivatives,LeveX,levex,COIN/USDT,perpetual,158.66724743,135266.68792887,0.0,1.0,1.0,0,2026-07-29T20:30:15.000Z
Coinbase Global Inc,coinbase-global-inc-derivatives,AlphaX,alphax,COIN/USDT,perpetual,158.7421635,94217.02126369,0.0,1.0,1.0,0,2026-07-29T20:30:20.000Z
Coinbase Global Inc,coinbase-global-inc-derivatives,Coincall,coincall,COIN/USD,perpetual,158.65121282,57820.27107668,0.0,1.0,1.0,0,2026-07-29T20:30:16.000Z
Coinbase Global Inc,coinbase-global-inc-derivatives,Aevo,aevo,COIN/USD,perpetual,158.68321991,15275.69643805,0.0,1.0,1.0,0,2026-07-29T20:30:15.000Z
Coinbase Global Inc,coinbase-global-inc-derivatives,Bitbaby,bitbabyexchange,COIN/USDT,perpetual,173.43855268,12685.29474454,0.0,1.0,1.0,0,2026-07-29T20:30:15.000Z
Coinbase Global Inc,coinbase-global-inc-derivatives,Orderly,orderly-network-evm,COIN/USDC,perpetual,167.96303979,1264.22096639,0.0,1.0,1.0,0,2026-07-29T20:30:16.000Z
Coinbase Global Inc,coinbase-global-inc-derivatives,MemeMax,mememax,COIN/USDC,perpetual,158.77451466,1264.22096639,0.0,1.0,1.0,0,2026-07-29T20:30:15.000Z
Coinbase Global Inc,coinbase-global-inc-derivatives,Flipster,flipster,COIN/USDT,perpetual,158.66656193,1198.04020533,0.0,1.0,1.0,0,2026-07-29T20:30:15.000Z
Coinbase Global Inc,coinbase-global-inc-derivatives,idax exchange,idax-exchange,COIN/USDT,perpetual,158.61230897,1827829.31203861,0.0,1.0,1.0,0,2026-07-29T20:30:16.000Z
Coinbase Global Inc,coinbase-global-inc-derivatives,B2Z Exchange,b2z-exchange,COIN/USD,perpetual,159.11047065,1074709.02949944,0.0,1.0,1.0,0,2026-07-29T20:30:15.000Z
Coinbase Global Inc,coinbase-global-inc-derivatives,KTX,ktx,COIN/USDT,perpetual,158.63228659,63371894.88435204,0.0,1.0,1.0,0,2026-07-29T20:30:16.000Z
Coinbase Global Inc,coinbase-global-inc-derivatives,AEGET,aeget,COIN/USDT,perpetual,158.62229778,5524655.90686669,0.0,1.0,1.0,0,2026-07-29T20:30:15.000Z
Coinbase Global Inc,coinbase-global-inc-derivatives,WHXEX,whxex,COIN/USDT,perpetual,158.61230897,1827829.31203861,0.0,1.0,1.0,0,2026-07-29T20:30:16.000Z
Coinbase Global Inc,coinbase-global-inc-derivatives,HyperPay Futures,hyperpay-futures,COIN/USDT,perpetual,158.62229778,890296.41828194,0.0,1.0,1.0,0,2026-07-29T20:30:17.000Z
Coinbase Global Inc,coinbase-global-inc-derivatives,Ulink,ulink,COIN/USDT,perpetual,158.74086293,566595.08160136,0.0,1.0,1.0,0,2026-07-29T20:30:25.000Z
Coinbase Global Inc,coinbase-global-inc-derivatives,Bitbase,bitbase-com,COIN/USDT,perpetual,160.08825174,359479.57569098,0.0,1.0,1.0,0,2026-07-29T20:21:16.000Z
OpenAI,openai-derivatives,AlphaX,alphax,OPENAI/USDT,perpetual,1082.35745095,4657565.78729132,0.0,1.0,1.0,0,2026-07-29T20:30:20.000Z
OpenAI,openai-derivatives,FameEX,fameex,OPENAI/USDT,perpetual,1081.73120924,4588154.27014464,0.0,1.0,1.0,0,2026-07-29T20:30:17.000Z
OpenAI,openai-derivatives,Blockfinex,blockfinex,OPENAI/USDT,perpetual,1082.46032035,3179839.18448006,0.0,1.0,1.0,0,2026-07-29T20:30:15.000Z
OpenAI,openai-derivatives,SunX,sunx,OPENAI/USDT,perpetual,1082.64712643,1871251.05709943,0.0,1.0,1.0,0,2026-07-29T20:30:18.000Z
OpenAI,openai-derivatives,EVEDEX,evedex,OPENAI/USD,perpetual,1083.05821246,289370.38709758,0.0,1.0,1.0,0,2026-07-29T20:30:15.000Z
OpenAI,openai-derivatives,x.me Exchange,voox-exchange,OPENAI/USDT,perpetual,1082.48024302,185970.10575061,0.0,1.0,1.0,0,2026-07-29T20:30:23.000Z
OpenAI,openai-derivatives,Grvt,grvt,OPENAI/USDT,perpetual,1083.10294138,173146.57019257,0.0,1.0,1.0,0,2026-07-29T11:03:16.000Z
OpenAI,openai-derivatives,Flipster,flipster,OPENAI/USDT,perpetual,1081.25179372,1005.55063925,0.0,1.0,1.0,0,2026-07-29T20:30:15.000Z
OpenAI,openai-derivatives,Extended,extended,OPENAI/USD,perpetual,1087.9567558,0.0,0.0,1.0,1.0,0,2026-07-29T20:30:17.000Z
OpenAI,openai-derivatives,idax exchange,idax-exchange,OPENAI/USDT,perpetual,1082.56721595,3180153.20137389,0.0,1.0,1.0,0,2026-07-29T20:30:16.000Z
OpenAI,openai-derivatives,KTX,ktx,OPENAI/USDT,perpetual,1082.64712643,9268069.16820088,0.0,1.0,1.0,0,2026-07-29T20:30:16.000Z
OpenAI,openai-derivatives,WHXEX,whxex,OPENAI/USDT,perpetual,1082.56721595,3180153.20137389,0.0,1.0,1.0,0,2026-07-29T20:30:16.000Z
OpenAI,openai-derivatives,Cofinex,cofinex,OPENAI/USDT,perpetual,1083.44911486,82350.78923572,0.0,1.0,1.0,0,2026-07-29T20:30:15.000Z
OpenAI,openai-derivatives,BitxEX,xex,OPENAI/USDT,perpetual,1081.83803284,4550.67025637,0.0,1.0,1.0,0,2026-07-29T20:30:16.000Z
OpenAI,openai-derivatives,HyperPay Futures,hyperpay-futures,OPENAI/USDT,perpetual,1082.64712643,1767884.17349128,0.0,1.0,1.0,0,2026-07-29T20:30:17.000Z
OpenAI,openai-derivatives,Ulink,ulink,OPENAI/USDT,perpetual,1082.36038583,1172370.17967286,0.0,1.0,1.0,0,2026-07-29T20:30:25.000Z
OpenAI,openai-derivatives,Bitbase,bitbase-com,OPENAI/USDT,perpetual,1083.1226725,96990.671962,0.0,1.0,1.0,0,2026-07-29T20:21:16.000Z
Alibaba Group Holding Limited,alibaba-group-holding-limited-derivatives,FameEX,fameex,BABA/USDT,perpetual,114.34060185,11697052.71652485,0.0,1.0,1.0,0,2026-07-29T20:30:17.000Z
Alibaba Group Holding Limited,alibaba-group-holding-limited-derivatives,Websea,websea,BABA/USDT,perpetual,114.25200517,2958626.84407762,0.0,1.0,1.0,0,2026-07-29T20:30:17.000Z
Alibaba Group Holding Limited,alibaba-group-holding-limited-derivatives,Bitbaby,bitbabyexchange,BABA/USDT,perpetual,114.74011478,1197231.74695705,0.0,1.0,1.0,0,2026-07-29T20:30:15.000Z
Alibaba Group Holding Limited,alibaba-group-holding-limited-derivatives,Grvt,grvt,BABA/USDT,perpetual,115.16272075,341462.30588253,0.0,1.0,1.0,0,2026-07-29T11:03:16.000Z
Alibaba Group Holding Limited,alibaba-group-holding-limited-derivatives,BitTap,bittap,BABA/USDT,perpetual,114.35189326,287642.9019086,0.0,1.0,1.0,0,2026-07-29T20:30:17.000Z
Alibaba Group Holding Limited,alibaba-group-holding-limited-derivatives,LeveX,levex,BABA/USDT,perpetual,114.34689886,76764.00332172,0.0,1.0,1.0,0,2026-07-29T20:30:15.000Z
Alibaba Group Holding Limited,alibaba-group-holding-limited-derivatives,Flipster,flipster,BABA/USDT,perpetual,115.78883624,1016.71419462,0.0,1.0,1.0,0,2026-07-29T20:30:15.000Z
Alibaba Group Holding Limited,alibaba-group-holding-limited-derivatives,Orderly,orderly-network-evm,BABA/USDC,perpetual,115.87140116,0.0,0.0,1.0,1.0,0,2026-07-29T20:30:16.000Z
Alibaba Group Holding Limited,alibaba-group-holding-limited-derivatives,MemeMax,mememax,BABA/USDC,perpetual,114.51161942,0.0,0.0,1.0,1.0,0,2026-07-29T20:30:15.000Z
Alibaba Group Holding Limited,alibaba-group-holding-limited-derivatives,idax exchange,idax-exchange,BABA/USDT,perpetual,114.36188207,1418054.65433082,0.0,1.0,1.0,0,2026-07-29T20:30:16.000Z
Alibaba Group Holding Limited,alibaba-group-holding-limited-derivatives,KTX,ktx,BABA/USDT,perpetual,114.37187088,21202916.2986679,0.0,1.0,1.0,0,2026-07-29T20:30:16.000Z
Alibaba Group Holding Limited,alibaba-group-holding-limited-derivatives,WHXEX,whxex,BABA/USDT,perpetual,114.36188207,1418054.65433082,0.0,1.0,1.0,0,2026-07-29T20:30:16.000Z
Alibaba Group Holding Limited,alibaba-group-holding-limited-derivatives,AEGET,aeget,BABA/USDT,perpetual,114.38185969,660028.26675853,0.0,1.0,1.0,0,2026-07-29T20:30:15.000Z
Alibaba Group Holding Limited,alibaba-group-holding-limited-derivatives,Cofinex,cofinex,BABA/USDT,perpetual,114.50040702,624495.83486773,0.0,1.0,1.0,0,2026-07-29T20:30:15.000Z
Alibaba Group Holding Limited,alibaba-group-holding-limited-derivatives,Bitbase,bitbase-com,BABA/USDT,perpetual,114.68263704,459092.1275644,0.0,1.0,1.0,0,2026-07-29T20:21:16.000Z
Advanced Micro Devices Inc,advanced-micro-devices-inc-derivatives,CoinMy,coinmy,AMD/USDT,perpetual,424.25471372,164331715.98754293,0.0,1.0,1.0,0,2026-07-29T20:30:16.000Z
Advanced Micro Devices Inc,advanced-micro-devices-inc-derivatives,FameEX,fameex,AMD/USDT,perpetual,424.19284602,74819717.44529882,0.0,1.0,1.0,0,2026-07-29T20:30:17.000Z
Advanced Micro Devices Inc,advanced-micro-devices-inc-derivatives,Websea,websea,AMD/USDT,perpetual,424.19478086,15613094.37115093,0.0,1.0,1.0,0,2026-07-29T20:30:17.000Z
Advanced Micro Devices Inc,advanced-micro-devices-inc-derivatives,BitTap,bittap,AMD/USDT,perpetual,424.25471372,3341729.45448577,0.0,1.0,1.0,0,2026-07-29T20:30:17.000Z
Advanced Micro Devices Inc,advanced-micro-devices-inc-derivatives,SunX,sunx,AMD/USDT,perpetual,424.24472491,3025637.7327695,0.0,1.0,1.0,0,2026-07-29T20:30:18.000Z
Advanced Micro Devices Inc,advanced-micro-devices-inc-derivatives,LeveX,levex,AMD/USDT,perpetual,424.2347361,349644.72308478,0.0,1.0,1.0,0,2026-07-29T20:30:15.000Z
Advanced Micro Devices Inc,advanced-micro-devices-inc-derivatives,AlphaX,alphax,AMD/USDT,perpetual,424.19478086,183029.68068157,0.0,1.0,1.0,0,2026-07-29T20:30:20.000Z
Advanced Micro Devices Inc,advanced-micro-devices-inc-derivatives,Grvt,grvt,AMD/USDT,perpetual,454.32787128,146438.90533048,0.0,1.0,1.0,0,2026-07-29T11:03:16.000Z
Advanced Micro Devices Inc,advanced-micro-devices-inc-derivatives,Aevo,aevo,AMD/USD,perpetual,424.51224032,8802.79417527,0.0,1.0,1.0,0,2026-07-29T20:30:15.000Z
Advanced Micro Devices Inc,advanced-micro-devices-inc-derivatives,Flipster,flipster,AMD/USDT,perpetual,425.041811,1768.67798125,0.0,1.0,1.0,0,2026-07-29T20:30:15.000Z
Advanced Micro Devices Inc,advanced-micro-devices-inc-derivatives,Orderly,orderly-network-evm,AMD/USDC,perpetual,425.67167426,1123.51554141,0.0,1.0,1.0,0,2026-07-29T20:30:16.000Z
Advanced Micro Devices Inc,advanced-micro-devices-inc-derivatives,MemeMax,mememax,AMD/USDC,perpetual,424.60184598,1123.51554141,0.0,1.0,1.0,0,2026-07-29T20:30:15.000Z
Advanced Micro Devices Inc,advanced-micro-devices-inc-derivatives,idax exchange,idax-exchange,AMD/USDT,perpetual,424.24472491,5330871.52342716,0.0,1.0,1.0,0,2026-07-29T20:30:16.000Z
Advanced Micro Devices Inc,advanced-micro-devices-inc-derivatives,B2Z Exchange,b2z-exchange,AMD/USD,perpetual,424.68103762,492126.55452239,0.0,1.0,1.0,0,2026-07-29T20:30:15.000Z
Advanced Micro Devices Inc,advanced-micro-devices-inc-derivatives,KTX,ktx,AMD/USDT,perpetual,424.22474729,159784786.20736814,0.0,1.0,1.0,0,2026-07-29T20:30:16.000Z
Advanced Micro Devices Inc,advanced-micro-devices-inc-derivatives,Cofinex,cofinex,AMD/USDT,perpetual,424.33267554,9844851.61284229,0.0,1.0,1.0,0,2026-07-29T20:30:15.000Z
Advanced Micro Devices Inc,advanced-micro-devices-inc-derivatives,WHXEX,whxex,AMD/USDT,perpetual,424.24472491,5330871.52342716,0.0,1.0,1.0,0,2026-07-29T20:30:16.000Z
Advanced Micro Devices Inc,advanced-micro-devices-inc-derivatives,Ulink,ulink,AMD/USDT,perpetual,423.97484112,1878436.16593991,0.0,1.0,1.0,0,2026-07-29T20:30:25.000Z
Advanced Micro Devices Inc,advanced-micro-devices-inc-derivatives,Bitbase,bitbase-com,AMD/USDT,perpetual,425.0508885,1487404.27924443,0.0,1.0,1.0,0,2026-07-29T20:21:16.000Z
Taiwan Semiconductor Manufacturing,taiwan-semiconductor-manufacturing-derivatives,CoinMy,coinmy,TSM/USDT,perpetual,371.9433174,148069366.3274956,0.0,1.0,1.0,0,2026-07-29T20:30:16.000Z
Taiwan Semiconductor Manufacturing,taiwan-semiconductor-manufacturing-derivatives,Aivora Exchange,aivora-exchange,TSM/USDT,perpetual,371.90659071,101824063.7263244,0.0,1.0,1.0,0,2026-07-29T20:30:17.000Z
Taiwan Semiconductor Manufacturing,taiwan-semiconductor-manufacturing-derivatives,Websea,websea,TSM/USDT,perpetual,371.98327264,7711919.68037087,0.0,1.0,1.0,0,2026-07-29T20:30:17.000Z
Taiwan Semiconductor Manufacturing,taiwan-semiconductor-manufacturing-derivatives,Bitbaby,bitbabyexchange,TSM/USDT,perpetual,398.39429827,2541758.013252,0.0,1.0,1.0,0,2026-07-29T20:30:15.000Z
Taiwan Semiconductor Manufacturing,taiwan-semiconductor-manufacturing-derivatives,SunX,sunx,TSM/USDT,perpetual,371.80347406,1203021.76749557,0.0,1.0,1.0,0,2026-07-29T20:30:18.000Z
Taiwan Semiconductor Manufacturing,taiwan-semiconductor-manufacturing-derivatives,Grvt,grvt,TSM/USDT,perpetual,388.41072372,517792.78647838,0.0,1.0,1.0,0,2026-07-29T11:03:16.000Z
Taiwan Semiconductor Manufacturing,taiwan-semiconductor-manufacturing-derivatives,LeveX,levex,TSM/USDT,perpetual,371.75353002,208697.82441204,0.0,1.0,1.0,0,2026-07-29T20:30:15.000Z
Taiwan Semiconductor Manufacturing,taiwan-semiconductor-manufacturing-derivatives,Coincall,coincall,TSM/USD,perpetual,372.06761352,76280.16556198,0.0,1.0,1.0,0,2026-07-29T20:30:16.000Z
Taiwan Semiconductor Manufacturing,taiwan-semiconductor-manufacturing-derivatives,Aevo,aevo,TSM/USD,perpetual,372.12050341,19331.98997102,0.0,1.0,1.0,0,2026-07-29T20:30:15.000Z
Taiwan Semiconductor Manufacturing,taiwan-semiconductor-manufacturing-derivatives,AlphaX,alphax,TSM/USDT,perpetual,371.7335524,2929.91437793,0.0,1.0,1.0,0,2026-07-29T20:30:20.000Z
Taiwan Semiconductor Manufacturing,taiwan-semiconductor-manufacturing-derivatives,Extended,extended,TSM/USD,perpetual,387.31820793,1998.56195293,0.0,1.0,1.0,0,2026-07-29T20:30:17.000Z
Taiwan Semiconductor Manufacturing,taiwan-semiconductor-manufacturing-derivatives,Flipster,flipster,TSM/USDT,perpetual,374.65324214,1585.72881941,0.0,1.0,1.0,0,2026-07-29T20:30:15.000Z
Taiwan Semiconductor Manufacturing,taiwan-semiconductor-manufacturing-derivatives,idax exchange,idax-exchange,TSM/USDT,perpetual,371.89337335,2574700.37123039,0.0,1.0,1.0,0,2026-07-29T20:30:16.000Z
Taiwan Semiconductor Manufacturing,taiwan-semiconductor-manufacturing-derivatives,B2Z Exchange,b2z-exchange,TSM/USD,perpetual,372.18057893,518303.94275362,0.0,1.0,1.0,0,2026-07-29T20:30:15.000Z
Taiwan Semiconductor Manufacturing,taiwan-semiconductor-manufacturing-derivatives,KTX,ktx,TSM/USDT,perpetual,371.91335097,69201566.83862923,0.0,1.0,1.0,0,2026-07-29T20:30:16.000Z
Taiwan Semiconductor Manufacturing,taiwan-semiconductor-manufacturing-derivatives,AEGET,aeget,TSM/USDT,perpetual,371.91335097,38852692.04727557,0.0,1.0,1.0,0,2026-07-29T20:30:15.000Z
Taiwan Semiconductor Manufacturing,taiwan-semiconductor-manufacturing-derivatives,Cofinex,cofinex,TSM/USDT,perpetual,372.29611583,4496008.38144773,0.0,1.0,1.0,0,2026-07-29T20:30:15.000Z
Taiwan Semiconductor Manufacturing,taiwan-semiconductor-manufacturing-derivatives,IMBX,imbx,TSM/USDT,perpetual,371.93332859,4338126.20133787,0.0,1.0,1.0,0,2026-07-29T20:30:17.000Z
Taiwan Semiconductor Manufacturing,taiwan-semiconductor-manufacturing-derivatives,WHXEX,whxex,TSM/USDT,perpetual,371.89337335,2574700.37123039,0.0,1.0,1.0,0,2026-07-29T20:30:16.000Z
Taiwan Semiconductor Manufacturing,taiwan-semiconductor-manufacturing-derivatives,BitxEX,xex,TSM/USDT,perpetual,372.00325026,16212.02408904,0.0,1.0,1.0,0,2026-07-29T20:30:16.000Z
Taiwan Semiconductor Manufacturing,taiwan-semiconductor-manufacturing-derivatives,CoinP,coinp,TSM/USDT,perpetual,371.91335097,1882686.06542862,0.0,1.0,1.0,0,2026-07-29T20:30:15.000Z
Taiwan Semiconductor Manufacturing,taiwan-semiconductor-manufacturing-derivatives,HyperPay Futures,hyperpay-futures,TSM/USDT,perpetual,371.82345168,1123098.90090169,0.0,1.0,1.0,0,2026-07-29T20:30:17.000Z
Taiwan Semiconductor Manufacturing,taiwan-semiconductor-manufacturing-derivatives,Ulink,ulink,TSM/USDT,perpetual,371.78702202,744614.10593159,0.0,1.0,1.0,0,2026-07-29T20:30:25.000Z
Taiwan Semiconductor Manufacturing,taiwan-semiconductor-manufacturing-derivatives,Bitbase,bitbase-com,TSM/USDT,perpetual,374.30167419,537440.74725256,0.0,1.0,1.0,0,2026-07-29T20:21:16.000Z
Apple Inc,apple-inc-derivatives,Batonex,wisebitcoin,AAPL/USDT,perpetual,338.44738245,66724267.95369327,0.0,1.0,1.0,0,2026-07-29T20:30:15.000Z
Apple Inc,apple-inc-derivatives,FameEX,fameex,AAPL/USDT,perpetual,338.54726068,45731725.70458268,0.0,1.0,1.0,0,2026-07-29T20:30:17.000Z
Apple Inc,apple-inc-derivatives,CoinMy,coinmy,AAPL/USDT,perpetual,338.62064829,38519087.51560144,0.0,1.0,1.0,0,2026-07-29T20:30:16.000Z
Apple Inc,apple-inc-derivatives,Aivora Exchange,aivora-exchange,AAPL/USDT,perpetual,338.44738245,22122633.45913876,0.0,1.0,1.0,0,2026-07-29T20:30:17.000Z
Apple Inc,apple-inc-derivatives,Websea,websea,AAPL/USDT,perpetual,338.54073782,10529026.91677319,0.0,1.0,1.0,0,2026-07-29T20:30:17.000Z
Apple Inc,apple-inc-derivatives,Blockfinex,blockfinex,AAPL/USDT,perpetual,338.53727286,3530000.59359519,0.0,1.0,1.0,0,2026-07-29T20:30:15.000Z
Apple Inc,apple-inc-derivatives,x.me Exchange,voox-exchange,AAPL/USDT,perpetual,338.4966869,3045028.18619242,0.0,1.0,1.0,0,2026-07-29T20:30:23.000Z
Apple Inc,apple-inc-derivatives,BitTap,bittap,AAPL/USDT,perpetual,338.62064829,2898896.09725042,0.0,1.0,1.0,0,2026-07-29T20:30:17.000Z
Apple Inc,apple-inc-derivatives,Antarctic,antarctic-exchange,AAPL/USDT,perpetual,338.5207602,2449514.0054656,0.0,1.0,1.0,0,2026-07-29T20:30:19.000Z
Apple Inc,apple-inc-derivatives,SunX,sunx,AAPL/USDT,perpetual,338.56071543,1895382.27725017,0.0,1.0,1.0,0,2026-07-29T20:30:18.000Z
Apple Inc,apple-inc-derivatives,WOO X Pro,wooxpro,AAPL/USDT,perpetual,338.54726068,1602718.39377596,0.0,1.0,1.0,0,2026-07-29T20:30:16.000Z
Apple Inc,apple-inc-derivatives,Grvt,grvt,AAPL/USDT,perpetual,341.01310814,637802.1568542,0.0,1.0,1.0,0,2026-07-29T11:03:16.000Z
Apple Inc,apple-inc-derivatives,AlphaX,alphax,AAPL/USDT,perpetual,338.55072663,601530.07209137,0.0,1.0,1.0,0,2026-07-29T20:30:20.000Z
Apple Inc,apple-inc-derivatives,LeveX,levex,AAPL/USDT,perpetual,338.56071543,294014.28444292,0.0,1.0,1.0,0,2026-07-29T20:30:15.000Z
Apple Inc,apple-inc-derivatives,Coincall,coincall,AAPL/USD,perpetual,338.64106871,116741.2850671,0.0,1.0,1.0,0,2026-07-29T20:30:16.000Z
Apple Inc,apple-inc-derivatives,Flipster,flipster,AAPL/USDT,perpetual,338.49732157,29551.99387845,0.0,1.0,1.0,0,2026-07-29T20:30:15.000Z
Apple Inc,apple-inc-derivatives,MemeMax,mememax,AAPL/USDC,perpetual,338.68563663,7864.94571577,0.0,1.0,1.0,0,2026-07-29T20:30:15.000Z
Apple Inc,apple-inc-derivatives,Orderly,orderly-network-evm,AAPL/USDC,perpetual,340.54533812,7864.94571577,0.0,1.0,1.0,0,2026-07-29T20:30:16.000Z
Apple Inc,apple-inc-derivatives,idax exchange,idax-exchange,AAPL/USDT,perpetual,338.57070424,3530349.18978428,0.0,1.0,1.0,0,2026-07-29T20:30:16.000Z
Apple Inc,apple-inc-derivatives,B2Z Exchange,b2z-exchange,AAPL/USD,perpetual,338.60946895,398078.69360493,0.0,1.0,1.0,0,2026-07-29T20:30:15.000Z
Apple Inc,apple-inc-derivatives,KTX,ktx,AAPL/USDT,perpetual,338.62064829,11367768.56510189,0.0,1.0,1.0,0,2026-07-29T20:30:16.000Z
Apple Inc,apple-inc-derivatives,AEGET,aeget,AAPL/USDT,perpetual,338.58069305,8946645.51322064,0.0,1.0,1.0,0,2026-07-29T20:30:15.000Z
Apple Inc,apple-inc-derivatives,Cofinex,cofinex,AAPL/USDT,perpetual,338.41741898,6780941.80705785,0.0,1.0,1.0,0,2026-07-29T20:30:15.000Z
Apple Inc,apple-inc-derivatives,WHXEX,whxex,AAPL/USDT,perpetual,338.57070424,3530349.18978428,0.0,1.0,1.0,0,2026-07-29T20:30:16.000Z
Apple Inc,apple-inc-derivatives,BitxEX,xex,AAPL/USDT,perpetual,338.58069305,14345.52246322,0.0,1.0,1.0,0,2026-07-29T20:30:16.000Z
Apple Inc,apple-inc-derivatives,HyperPay Futures,hyperpay-futures,AAPL/USDT,perpetual,338.59068186,1922776.52587835,0.0,1.0,1.0,0,2026-07-29T20:30:17.000Z
Apple Inc,apple-inc-derivatives,CoinP,coinp,AAPL/USDT,perpetual,338.67059234,1637163.86581981,0.0,1.0,1.0,0,2026-07-29T20:30:15.000Z
Apple Inc,apple-inc-derivatives,Ulink,ulink,AAPL/USDT,perpetual,338.58657979,1223201.435088,0.0,1.0,1.0,0,2026-07-29T20:30:25.000Z
Apple Inc,apple-inc-derivatives,Bitbase,bitbase-com,AAPL/USDT,perpetual,338.14498144,806924.77085487,0.0,1.0,1.0,0,2026-07-29T20:21:16.000Z
iShares Russell 2000 ETF,ishares-russell-2000-etf-derivatives,AlphaX,alphax,IWM/USDT,perpetual,287.37805461,1259623.25079045,0.0,1.0,1.0,0,2026-07-29T20:30:20.000Z
iShares Russell 2000 ETF,ishares-russell-2000-etf-derivatives,Grvt,grvt,IWM/USDT,perpetual,293.65544841,174550.70112988,0.0,1.0,1.0,0,2026-07-29T11:03:16.000Z
iShares Russell 2000 ETF,ishares-russell-2000-etf-derivatives,Flipster,flipster,IWM/USDT,perpetual,287.978911,868.89330221,0.0,1.0,1.0,0,2026-07-29T20:30:15.000Z
iShares Russell 2000 ETF,ishares-russell-2000-etf-derivatives,idax exchange,idax-exchange,IWM/USDT,perpetual,287.47794271,881538.94934495,0.0,1.0,1.0,0,2026-07-29T20:30:16.000Z
iShares Russell 2000 ETF,ishares-russell-2000-etf-derivatives,WHXEX,whxex,IWM/USDT,perpetual,287.47794271,881538.94934495,0.0,1.0,1.0,0,2026-07-29T20:30:16.000Z
iShares Russell 2000 ETF,ishares-russell-2000-etf-derivatives,Cofinex,cofinex,IWM/USDT,perpetual,287.62933718,63887.00636512,0.0,1.0,1.0,0,2026-07-29T20:30:15.000Z
iShares Russell 2000 ETF,ishares-russell-2000-etf-derivatives,Bybit,bybit,IWM/USDT,perpetual,287.4679539,77842.04400867,1.0,0.0,1.0,0,2026-07-29T20:30:16.000Z
Microsoft Corporation,microsoft-corporation-derivatives,CoinMy,coinmy,MSFT/USDT,perpetual,398.10400996,96565820.49862109,0.0,1.0,1.0,0,2026-07-29T20:30:16.000Z
Microsoft Corporation,microsoft-corporation-derivatives,Aivora Exchange,aivora-exchange,MSFT/USDT,perpetual,398.08467575,62347480.51543593,0.0,1.0,1.0,0,2026-07-29T20:30:17.000Z
Microsoft Corporation,microsoft-corporation-derivatives,Batonex,wisebitcoin,MSFT/USDT,perpetual,398.56409127,61987763.34113563,0.0,1.0,1.0,0,2026-07-29T20:30:15.000Z
Microsoft Corporation,microsoft-corporation-derivatives,FameEX,fameex,MSFT/USDT,perpetual,398.17456616,47904879.77250613,0.0,1.0,1.0,0,2026-07-29T20:30:17.000Z
Microsoft Corporation,microsoft-corporation-derivatives,Websea,websea,MSFT/USDT,perpetual,398.21388687,11559409.71415523,0.0,1.0,1.0,0,2026-07-29T20:30:17.000Z
Microsoft Corporation,microsoft-corporation-derivatives,BitTap,bittap,MSFT/USDT,perpetual,398.05406591,3430861.62408362,0.0,1.0,1.0,0,2026-07-29T20:30:17.000Z
Microsoft Corporation,microsoft-corporation-derivatives,SunX,sunx,MSFT/USDT,perpetual,398.11399877,1808227.15484558,0.0,1.0,1.0,0,2026-07-29T20:30:18.000Z
Microsoft Corporation,microsoft-corporation-derivatives,Grvt,grvt,MSFT/USDT,perpetual,395.53285225,506869.86402589,0.0,1.0,1.0,0,2026-07-29T11:03:16.000Z
Microsoft Corporation,microsoft-corporation-derivatives,Bitbaby,bitbabyexchange,MSFT/USDT,perpetual,393.71999694,470917.0704565,0.0,1.0,1.0,0,2026-07-29T20:30:15.000Z
Microsoft Corporation,microsoft-corporation-derivatives,AlphaX,alphax,MSFT/USDT,perpetual,398.07404353,198750.35359657,0.0,1.0,1.0,0,2026-07-29T20:30:20.000Z
Microsoft Corporation,microsoft-corporation-derivatives,LeveX,levex,MSFT/USDT,perpetual,398.19390925,84098.88074695,0.0,1.0,1.0,0,2026-07-29T20:30:15.000Z
Microsoft Corporation,microsoft-corporation-derivatives,Aevo,aevo,MSFT/USD,perpetual,398.70991123,24432.47669523,0.0,1.0,1.0,0,2026-07-29T20:30:15.000Z
Microsoft Corporation,microsoft-corporation-derivatives,Orderly,orderly-network-evm,MSFT/USDC,perpetual,394.73663973,2542.62019699,0.0,1.0,1.0,0,2026-07-29T20:30:16.000Z
Microsoft Corporation,microsoft-corporation-derivatives,MemeMax,mememax,MSFT/USDC,perpetual,398.57602346,2542.62019699,0.0,1.0,1.0,0,2026-07-29T20:30:15.000Z
Microsoft Corporation,microsoft-corporation-derivatives,Flipster,flipster,MSFT/USDT,perpetual,398.44423739,1390.64508342,0.0,1.0,1.0,0,2026-07-29T20:30:15.000Z
Microsoft Corporation,microsoft-corporation-derivatives,idax exchange,idax-exchange,MSFT/USDT,perpetual,398.18392044,4393295.09963655,0.0,1.0,1.0,0,2026-07-29T20:30:16.000Z
Microsoft Corporation,microsoft-corporation-derivatives,B2Z Exchange,b2z-exchange,MSFT/USD,perpetual,398.00604728,1208056.21920641,0.0,1.0,1.0,0,2026-07-29T20:30:15.000Z
Microsoft Corporation,microsoft-corporation-derivatives,KTX,ktx,MSFT/USDT,perpetual,398.21388687,35067068.98413844,0.0,1.0,1.0,0,2026-07-29T20:30:16.000Z
Microsoft Corporation,microsoft-corporation-derivatives,AEGET,aeget,MSFT/USDT,perpetual,398.22387568,17598921.29852642,0.0,1.0,1.0,0,2026-07-29T20:30:15.000Z
Microsoft Corporation,microsoft-corporation-derivatives,Cofinex,cofinex,MSFT/USDT,perpetual,398.85373815,10034838.06827908,0.0,1.0,1.0,0,2026-07-29T20:30:15.000Z
Microsoft Corporation,microsoft-corporation-derivatives,IMBX,imbx,MSFT/USDT,perpetual,398.21388687,6709764.61987244,0.0,1.0,1.0,0,2026-07-29T20:30:17.000Z
Microsoft Corporation,microsoft-corporation-derivatives,WHXEX,whxex,MSFT/USDT,perpetual,398.18392044,4393295.09963655,0.0,1.0,1.0,0,2026-07-29T20:30:16.000Z
Microsoft Corporation,microsoft-corporation-derivatives,Ulink,ulink,MSFT/USDT,perpetual,399.01458085,1123308.1162952,0.0,1.0,1.0,0,2026-07-29T20:30:25.000Z
Microsoft Corporation,microsoft-corporation-derivatives,Bitbase,bitbase-com,MSFT/USDT,perpetual,398.7923401,637500.38971608,0.0,1.0,1.0,0,2026-07-29T20:21:16.000Z
Anthropic,anthropic-derivatives,AlphaX,alphax,ANTHROPIC/USDT,perpetual,1412.21791315,6107463.19925143,0.0,1.0,1.0,0,2026-07-29T20:30:20.000Z
Anthropic,anthropic-derivatives,EVEDEX,evedex,ANTHROPIC/USD,perpetual,1413.80581357,360751.50303686,0.0,1.0,1.0,0,2026-07-29T20:30:15.000Z
Anthropic,anthropic-derivatives,Grvt,grvt,ANTHROPIC/USDT,perpetual,1411.64982734,168975.73075534,0.0,1.0,1.0,0,2026-07-29T11:03:16.000Z
Anthropic,anthropic-derivatives,Aevo,aevo,ANTHROPIC/USD,perpetual,1412.1594073,19250.5754302,0.0,1.0,1.0,0,2026-07-29T20:30:15.000Z
Anthropic,anthropic-derivatives,Flipster,flipster,ANTHROPIC/USDT,perpetual,1419.8390057,410.05500194,0.0,1.0,1.0,0,2026-07-29T20:30:15.000Z
Anthropic,anthropic-derivatives,idax exchange,idax-exchange,ANTHROPIC/USDT,perpetual,1412.97706268,4027392.5945047,0.0,1.0,1.0,0,2026-07-29T20:30:16.000Z
Anthropic,anthropic-derivatives,WHXEX,whxex,ANTHROPIC/USDT,perpetual,1412.96707387,4027477.37662454,0.0,1.0,1.0,0,2026-07-29T20:30:16.000Z
Anthropic,anthropic-derivatives,Cofinex,cofinex,ANTHROPIC/USDT,perpetual,1456.4343905,1507934.93070036,0.0,1.0,1.0,0,2026-07-29T20:30:15.000Z
Anthropic,anthropic-derivatives,BitxEX,xex,ANTHROPIC/USDT,perpetual,1412.52756625,5997.75630526,0.0,1.0,1.0,0,2026-07-29T20:30:16.000Z
Anthropic,anthropic-derivatives,Bitbase,bitbase-com,ANTHROPIC/USDT,perpetual,1413.30718872,78005.54438209,0.0,1.0,1.0,0,2026-07-29T20:21:16.000Z
VanEck Semiconductor ETF,vaneck-semiconductor-etf-derivatives,BITmarkets,bitmarkets,SMH/USDT,perpetual,501.58807829,81182.65696935,0.0,1.0,1.0,0,2026-07-29T20:30:15.000Z
VanEck Semiconductor ETF,vaneck-semiconductor-etf-derivatives,AlphaX,alphax,SMH/USDT,perpetual,505.53365812,22486.39582313,0.0,1.0,1.0,0,2026-07-29T20:30:20.000Z
VanEck Semiconductor ETF,vaneck-semiconductor-etf-derivatives,B2Z Exchange,b2z-exchange,SMH/USD,perpetual,501.86760576,81227.89883989,0.0,1.0,1.0,0,2026-07-29T20:30:15.000Z
VanEck Semiconductor ETF,vaneck-semiconductor-etf-derivatives,Cofinex,cofinex,SMH/USDT,perpetual,501.59847707,271059.96420681,0.0,1.0,1.0,0,2026-07-29T20:30:15.000Z
Rivian Automotive Inc,rivian-automotive-inc-derivatives,AlphaX,alphax,RIVN/USDT,perpetual,16.24180455,71650.10914178,0.0,1.0,1.0,0,2026-07-29T20:30:20.000Z
Rivian Automotive Inc,rivian-automotive-inc-derivatives,Flipster,flipster,RIVN/USDT,perpetual,16.42996943,869.71522816,0.0,1.0,1.0,0,2026-07-29T20:30:15.000Z
Rivian Automotive Inc,rivian-automotive-inc-derivatives,idax exchange,idax-exchange,RIVN/USDT,perpetual,16.22182693,201081.38150046,0.0,1.0,1.0,0,2026-07-29T20:30:16.000Z
Rivian Automotive Inc,rivian-automotive-inc-derivatives,WHXEX,whxex,RIVN/USDT,perpetual,16.22182693,201081.38150046,0.0,1.0,1.0,0,2026-07-29T20:30:16.000Z
Rivian Automotive Inc,rivian-automotive-inc-derivatives,BitxEX,xex,RIVN/USDT,perpetual,16.24180455,6971.51331668,0.0,1.0,1.0,0,2026-07-29T20:30:16.000Z
Rivian Automotive Inc,rivian-automotive-inc-derivatives,Bitbase,bitbase-com,RIVN/USDT,perpetual,16.25053566,38060.69419503,0.0,1.0,1.0,0,2026-07-29T20:21:16.000Z
SpaceX,spacex-derivatives,FameEX,fameex,SPCX/USDT,perpetual,111.80369472,695277363.8669326,0.0,1.0,1.0,0,2026-07-29T20:30:17.000Z
SpaceX,spacex-derivatives,Websea,websea,SPCX/USDT,perpetual,111.82472441,127748014.41767316,0.0,1.0,1.0,0,2026-07-29T20:30:17.000Z
SpaceX,spacex-derivatives,Hibt,hibt,SPCX/USDT,perpetual,111.5787097,111666828.05885138,0.0,1.0,1.0,0,2026-07-29T20:27:17.000Z
SpaceX,spacex-derivatives,CoinMy,coinmy,SPCX/USDT,perpetual,111.8147356,110728619.81388652,0.0,1.0,1.0,0,2026-07-29T20:30:16.000Z
SpaceX,spacex-derivatives,Bitbaby,bitbabyexchange,SPCX/USDT,perpetual,125.42708578,59074225.95165625,0.0,1.0,1.0,0,2026-07-29T20:30:15.000Z
SpaceX,spacex-derivatives,BitTap,bittap,SPCX/USDT,perpetual,111.80474679,48632335.26547974,0.0,1.0,1.0,0,2026-07-29T20:30:17.000Z
SpaceX,spacex-derivatives,Blockfinex,blockfinex,SPCX/USDT,perpetual,111.81368254,43920028.50283714,0.0,1.0,1.0,0,2026-07-29T20:30:15.000Z
SpaceX,spacex-derivatives,SunX,sunx,SPCX/USDT,perpetual,111.78476918,27099127.8675983,0.0,1.0,1.0,0,2026-07-29T20:30:18.000Z
SpaceX,spacex-derivatives,x.me Exchange,voox-exchange,SPCX/USDT,perpetual,111.8067841,13231258.43498041,0.0,1.0,1.0,0,2026-07-29T20:30:23.000Z
SpaceX,spacex-derivatives,Ekbit,ekbit,SPCX/USDT,perpetual,111.80474679,2486132.21062161,0.0,1.0,1.0,0,2026-07-29T20:30:16.000Z
SpaceX,spacex-derivatives,LeveX,levex,SPCX/USDT,perpetual,111.83471322,2247715.10559037,0.0,1.0,1.0,0,2026-07-29T20:30:15.000Z
SpaceX,spacex-derivatives,WOO X Pro,wooxpro,SPCX/USDT,perpetual,111.81368254,1129698.72968591,0.0,1.0,1.0,0,2026-07-29T20:30:16.000Z
SpaceX,spacex-derivatives,EVEDEX,evedex,SPCX/USD,perpetual,111.92504419,505242.58261168,0.0,1.0,1.0,0,2026-07-29T20:30:15.000Z
SpaceX,spacex-derivatives,Grvt,grvt,SPACEX/USDT,perpetual,115.82199212,235352.9799076,0.0,1.0,1.0,0,2026-07-29T11:03:16.000Z
SpaceX,spacex-derivatives,Flipster,flipster,SPCX/USDT,perpetual,111.51404784,47981.6619846,0.0,1.0,1.0,0,2026-07-29T20:30:15.000Z
SpaceX,spacex-derivatives,AlphaX,alphax,SPCX/USDT,perpetual,111.79475799,40582.03358931,0.0,1.0,1.0,0,2026-07-29T20:30:20.000Z
SpaceX,spacex-derivatives,Aevo,aevo,SPCX/USD,perpetual,111.89179299,14704.41463988,0.0,1.0,1.0,0,2026-07-29T20:30:15.000Z
SpaceX,spacex-derivatives,Orderly,orderly-network-evm,SPCX/USDC,perpetual,112.17199496,3737.25539278,0.0,1.0,1.0,0,2026-07-29T20:30:16.000Z
SpaceX,spacex-derivatives,MemeMax,mememax,SPCX/USDC,perpetual,112.03201743,3737.25539278,0.0,1.0,1.0,0,2026-07-29T20:30:15.000Z
SpaceX,spacex-derivatives,idax exchange,idax-exchange,SPCX/USDT,perpetual,111.82472441,43924365.71303151,0.0,1.0,1.0,0,2026-07-29T20:30:16.000Z
SpaceX,spacex-derivatives,Cofinex,cofinex,SPCX/USDT,perpetual,111.8835973,121485603.01732191,0.0,1.0,1.0,0,2026-07-29T20:30:15.000Z
SpaceX,spacex-derivatives,KTX,ktx,SPCX/USDT,perpetual,111.86467965,66433160.82366837,0.0,1.0,1.0,0,2026-07-29T20:30:16.000Z
SpaceX,spacex-derivatives,WHXEX,whxex,SPCX/USDT,perpetual,111.82472441,43924365.71303151,0.0,1.0,1.0,0,2026-07-29T20:30:16.000Z
SpaceX,spacex-derivatives,AEGET,aeget,SPCX/USDT,perpetual,111.82472441,2550832.78905991,0.0,1.0,1.0,0,2026-07-29T20:30:15.000Z
SpaceX,spacex-derivatives,BitxEX,xex,SPCX/USDT,perpetual,111.82472441,4858.02406744,0.0,1.0,1.0,0,2026-07-29T20:30:16.000Z
SpaceX,spacex-derivatives,HyperPay Futures,hyperpay-futures,SPCX/USDT,perpetual,111.79475799,25395132.34859172,0.0,1.0,1.0,0,2026-07-29T20:30:17.000Z
SpaceX,spacex-derivatives,Bitbase,bitbase-com,SPCX/USDT,perpetual,112.10572358,11031827.85021936,0.0,1.0,1.0,0,2026-07-29T20:21:16.000Z
SpaceX,spacex-derivatives,CoinP,coinp,SPCX/USDT,perpetual,111.90463489,571696.54481101,0.0,1.0,1.0,0,2026-07-29T20:30:15.000Z
State Street Technology Select Sector SPDR ETF,state-street-technology-select-sector-spdr-etf-derivatives,AlphaX,alphax,XLK/USDT,perpetual,166.46351339,7140.70836996,0.0,1.0,1.0,0,2026-07-29T20:30:20.000Z
State Street Technology Select Sector SPDR ETF,state-street-technology-select-sector-spdr-etf-derivatives,Cofinex,cofinex,XLK/USDT,perpetual,166.26729551,72911.77333586,0.0,1.0,1.0,0,2026-07-29T20:30:15.000Z
SanDisk Corporation,sandisk-corporation-derivatives,FameEX,fameex,SNDK/USDT,perpetual,1000.24055843,4803116840.35817,0.0,1.0,1.0,0,2026-07-29T20:30:17.000Z
SanDisk Corporation,sandisk-corporation-derivatives,Websea,websea,SNDK/USDT,perpetual,1000.88871916,963632420.29286,0.0,1.0,1.0,0,2026-07-29T20:30:17.000Z
SanDisk Corporation,sandisk-corporation-derivatives,Aivora Exchange,aivora-exchange,SNDK/USDT,perpetual,1000.56016878,398004534.88991135,0.0,1.0,1.0,0,2026-07-29T20:30:17.000Z
SanDisk Corporation,sandisk-corporation-derivatives,CoinMy,coinmy,SNDK/USDT,perpetual,1000.63899892,388283924.55848676,0.0,1.0,1.0,0,2026-07-29T20:30:16.000Z
SanDisk Corporation,sandisk-corporation-derivatives,SunX,sunx,SNDK/USDT,perpetual,999.42036414,186528314.8858819,0.0,1.0,1.0,0,2026-07-29T20:30:18.000Z
SanDisk Corporation,sandisk-corporation-derivatives,Bitbaby,bitbabyexchange,SNDK/USDT,perpetual,1330.68769437,156132566.58965793,0.0,1.0,1.0,0,2026-07-29T20:30:15.000Z
SanDisk Corporation,sandisk-corporation-derivatives,BitTap,bittap,SNDK/USDT,perpetual,999.40038652,133843131.63936076,0.0,1.0,1.0,0,2026-07-29T20:30:17.000Z
SanDisk Corporation,sandisk-corporation-derivatives,x.me Exchange,voox-exchange,SNDK/USDT,perpetual,998.5402561,61325249.97433246,0.0,1.0,1.0,0,2026-07-29T20:30:23.000Z
SanDisk Corporation,sandisk-corporation-derivatives,Coincall,coincall,SNDK/USD,perpetual,999.18995374,13857900.51689681,0.0,1.0,1.0,0,2026-07-29T20:30:16.000Z
SanDisk Corporation,sandisk-corporation-derivatives,LeveX,levex,SNDK/USDT,perpetual,1001.27828274,11200818.05394187,0.0,1.0,1.0,0,2026-07-29T20:30:15.000Z
SanDisk Corporation,sandisk-corporation-derivatives,WOO X Pro,wooxpro,SNDK/USDT,perpetual,1000.25054625,2180222.82254032,0.0,1.0,1.0,0,2026-07-29T20:30:16.000Z
SanDisk Corporation,sandisk-corporation-derivatives,AlphaX,alphax,SNDK/USDT,perpetual,998.83102437,1025026.68276307,0.0,1.0,1.0,0,2026-07-29T20:30:20.000Z
SanDisk Corporation,sandisk-corporation-derivatives,Flipster,flipster,SNDK/USDT,perpetual,988.10535304,994859.9260155,0.0,1.0,1.0,0,2026-07-29T20:30:15.000Z
SanDisk Corporation,sandisk-corporation-derivatives,Grvt,grvt,SNDK/USDT,perpetual,1080.76552472,404245.2277293,0.0,1.0,1.0,0,2026-07-29T11:03:16.000Z
SanDisk Corporation,sandisk-corporation-derivatives,Orderly,orderly-network-evm,SNDK/USDC,perpetual,998.40974249,65666.26157841,0.0,1.0,1.0,0,2026-07-29T20:30:16.000Z
SanDisk Corporation,sandisk-corporation-derivatives,MemeMax,mememax,SNDK/USDC,perpetual,1001.37926584,65666.26157841,0.0,1.0,1.0,0,2026-07-29T20:30:15.000Z
SanDisk Corporation,sandisk-corporation-derivatives,Aevo,aevo,SNDK/USD,perpetual,1000.75317317,10474.91454344,0.0,1.0,1.0,0,2026-07-29T20:30:15.000Z
SanDisk Corporation,sandisk-corporation-derivatives,idax exchange,idax-exchange,SNDK/USDT,perpetual,1000.96862964,351098236.3211826,0.0,1.0,1.0,0,2026-07-29T20:30:16.000Z
SanDisk Corporation,sandisk-corporation-derivatives,B2Z Exchange,b2z-exchange,SNDK/USD,perpetual,1004.89455917,1932384.04235818,0.0,1.0,1.0,0,2026-07-29T20:30:15.000Z
SanDisk Corporation,sandisk-corporation-derivatives,KTX,ktx,SNDK/USDT,perpetual,1000.42923392,1407332087.9769154,0.0,1.0,1.0,0,2026-07-29T20:30:16.000Z
SanDisk Corporation,sandisk-corporation-derivatives,AEGET,aeget,SNDK/USDT,perpetual,1000.64898773,728042973.0165395,0.0,1.0,1.0,0,2026-07-29T20:30:15.000Z
SanDisk Corporation,sandisk-corporation-derivatives,Cofinex,cofinex,SNDK/USDT,perpetual,1001.41912159,678177519.1395957,0.0,1.0,1.0,0,2026-07-29T20:30:15.000Z
SanDisk Corporation,sandisk-corporation-derivatives,WHXEX,whxex,SNDK/USDT,perpetual,1000.96862964,351098236.3211826,0.0,1.0,1.0,0,2026-07-29T20:30:16.000Z
SanDisk Corporation,sandisk-corporation-derivatives,BitxEX,xex,SNDK/USDT,perpetual,1001.55796941,8355875.16206794,0.0,1.0,1.0,0,2026-07-29T20:30:16.000Z
SanDisk Corporation,sandisk-corporation-derivatives,HyperPay Futures,hyperpay-futures,SNDK/USDT,perpetual,999.36043128,173297666.68550044,0.0,1.0,1.0,0,2026-07-29T20:30:17.000Z
SanDisk Corporation,sandisk-corporation-derivatives,Ulink,ulink,SNDK/USDT,perpetual,998.95975627,114891782.67564403,0.0,1.0,1.0,0,2026-07-29T20:30:25.000Z
SanDisk Corporation,sandisk-corporation-derivatives,Bitbase,bitbase-com,SNDK/USDT,perpetual,1011.2687367,109584642.87140945,0.0,1.0,1.0,0,2026-07-29T20:21:16.000Z
Eli Lilly and Company,eli-lilly-and-company-derivatives,AlphaX,alphax,LLY/USDT,perpetual,1206.98782938,5256089.86611251,0.0,1.0,1.0,0,2026-07-29T20:30:20.000Z
Eli Lilly and Company,eli-lilly-and-company-derivatives,SunX,sunx,LLY/USDT,perpetual,1204.98108678,552367.32034477,0.0,1.0,1.0,0,2026-07-28T10:09:21.000Z
Eli Lilly and Company,eli-lilly-and-company-derivatives,Grvt,grvt,LLY/USDT,perpetual,1221.72972936,192220.74578038,0.0,1.0,1.0,0,2026-07-29T11:03:16.000Z
Eli Lilly and Company,eli-lilly-and-company-derivatives,Flipster,flipster,LLY/USDT,perpetual,1207.51785666,407.62589758,0.0,1.0,1.0,0,2026-07-29T20:30:15.000Z
Eli Lilly and Company,eli-lilly-and-company-derivatives,B2Z Exchange,b2z-exchange,LLY/USD,perpetual,1207.02082541,1455297.71629895,0.0,1.0,1.0,0,2026-07-29T20:30:15.000Z
Eli Lilly and Company,eli-lilly-and-company-derivatives,Cofinex,cofinex,LLY/USDT,perpetual,1209.46548222,127319.2219876,0.0,1.0,1.0,0,2026-07-29T20:30:15.000Z
Eli Lilly and Company,eli-lilly-and-company-derivatives,HyperPay Futures,hyperpay-futures,LLY/USDT,perpetual,1207.82688939,545071.24893644,0.0,1.0,1.0,0,2026-07-29T20:30:17.000Z
Eli Lilly and Company,eli-lilly-and-company-derivatives,Ulink,ulink,LLY/USDT,perpetual,1207.74099694,361334.73344973,0.0,1.0,1.0,0,2026-07-29T20:30:25.000Z
Eli Lilly and Company,eli-lilly-and-company-derivatives,Bitbase,bitbase-com,LLY/USDT,perpetual,1206.53485359,45679.57596758,0.0,1.0,1.0,0,2026-07-29T20:21:16.000Z
Eli Lilly and Company,eli-lilly-and-company-derivatives,Bybit,bybit,LLY/USDT,perpetual,1211.79244683,216929.99852906,1.0,0.0,1.0,0,2026-07-29T20:30:16.000Z
Global X Robotics and Artificial Intelligence ETF,global-x-robotics-and-artificial-intelligence-etf-derivatives,AlphaX,alphax,BOTZ/USDT,perpetual,34.14275038,56398.19060068,0.0,1.0,1.0,0,2026-07-29T20:30:20.000Z
Global X Robotics and Artificial Intelligence ETF,global-x-robotics-and-artificial-intelligence-etf-derivatives,Cofinex,cofinex,BOTZ/USDT,perpetual,34.34213185,19767.59530988,0.0,1.0,1.0,0,2026-07-29T20:30:15.000Z
Meta Platforms Inc,meta-platforms-inc-derivatives,CoinMy,coinmy,META/USDT,perpetual,550.20361502,102068657.76137228,0.0,1.0,1.0,0,2026-07-29T20:30:16.000Z
Meta Platforms Inc,meta-platforms-inc-derivatives,Batonex,wisebitcoin,META/USDT,perpetual,551.06816618,63772760.93348445,0.0,1.0,1.0,0,2026-07-29T20:30:15.000Z
Meta Platforms Inc,meta-platforms-inc-derivatives,Ekbit,ekbit,META/USDT,perpetual,549.62426406,49781328.98115318,0.0,1.0,1.0,0,2026-07-29T20:30:16.000Z
Meta Platforms Inc,meta-platforms-inc-derivatives,Websea,websea,META/USDT,perpetual,549.62426406,4460031.05313426,0.0,1.0,1.0,0,2026-07-29T20:30:17.000Z
Meta Platforms Inc,meta-platforms-inc-derivatives,SunX,sunx,META/USDT,perpetual,548.84513691,2344352.47257651,0.0,1.0,1.0,0,2026-07-29T20:30:18.000Z
Meta Platforms Inc,meta-platforms-inc-derivatives,x.me Exchange,voox-exchange,META/USDT,perpetual,548.82608296,1697244.66156623,0.0,1.0,1.0,0,2026-07-29T20:30:23.000Z
Meta Platforms Inc,meta-platforms-inc-derivatives,WOO X Pro,wooxpro,META/USDT,perpetual,549.53004139,1090814.29730435,0.0,1.0,1.0,0,2026-07-29T20:30:16.000Z
Meta Platforms Inc,meta-platforms-inc-derivatives,Grvt,grvt,META/USDT,perpetual,597.30984585,689767.74055541,0.0,1.0,1.0,0,2026-07-29T11:03:16.000Z
Meta Platforms Inc,meta-platforms-inc-derivatives,AlphaX,alphax,META/USDT,perpetual,548.71528238,356558.92972128,0.0,1.0,1.0,0,2026-07-29T20:30:20.000Z
Meta Platforms Inc,meta-platforms-inc-derivatives,Coincall,coincall,META/USD,perpetual,549.75976908,174924.25533375,0.0,1.0,1.0,0,2026-07-29T20:30:16.000Z
Meta Platforms Inc,meta-platforms-inc-derivatives,LeveX,levex,META/USDT,perpetual,550.2835255,153136.63648963,0.0,1.0,1.0,0,2026-07-29T20:30:15.000Z
Meta Platforms Inc,meta-platforms-inc-derivatives,Aevo,aevo,META/USD,perpetual,550.10493201,25293.17903804,0.0,1.0,1.0,0,2026-07-29T20:30:15.000Z
Meta Platforms Inc,meta-platforms-inc-derivatives,MemeMax,mememax,META/USDC,perpetual,550.03171289,7123.63237603,0.0,1.0,1.0,0,2026-07-29T20:30:15.000Z
Meta Platforms Inc,meta-platforms-inc-derivatives,Orderly,orderly-network-evm,META/USDC,perpetual,546.35230348,7123.63237603,0.0,1.0,1.0,0,2026-07-29T20:30:16.000Z
Meta Platforms Inc,meta-platforms-inc-derivatives,Flipster,flipster,META/USDT,perpetual,548.13174612,3313.49768295,0.0,1.0,1.0,0,2026-07-29T20:30:15.000Z
Meta Platforms Inc,meta-platforms-inc-derivatives,idax exchange,idax-exchange,META/USDT,perpetual,549.68419692,6176402.12798854,0.0,1.0,1.0,0,2026-07-29T20:30:16.000Z
Meta Platforms Inc,meta-platforms-inc-derivatives,B2Z Exchange,b2z-exchange,META/USD,perpetual,550.28036455,775040.02167103,0.0,1.0,1.0,0,2026-07-29T20:30:15.000Z
Meta Platforms Inc,meta-platforms-inc-derivatives,AEGET,aeget,META/USDT,perpetual,549.70417454,49601873.61799402,0.0,1.0,1.0,0,2026-07-29T20:30:15.000Z
Meta Platforms Inc,meta-platforms-inc-derivatives,KTX,ktx,META/USDT,perpetual,549.46444311,47949898.47118338,0.0,1.0,1.0,0,2026-07-29T20:30:16.000Z
Meta Platforms Inc,meta-platforms-inc-derivatives,WHXEX,whxex,META/USDT,perpetual,549.68419692,6176402.12798854,0.0,1.0,1.0,0,2026-07-29T20:30:16.000Z
Meta Platforms Inc,meta-platforms-inc-derivatives,Cofinex,cofinex,META/USDT,perpetual,550.30909161,3726750.82498606,0.0,1.0,1.0,0,2026-07-29T20:30:15.000Z
Meta Platforms Inc,meta-platforms-inc-derivatives,CoinP,coinp,META/USDT,perpetual,550.24357026,3235886.99452922,0.0,1.0,1.0,0,2026-07-29T20:30:15.000Z
Meta Platforms Inc,meta-platforms-inc-derivatives,HyperPay Futures,hyperpay-futures,META/USDT,perpetual,549.69418573,2184100.99893378,0.0,1.0,1.0,0,2026-07-29T20:30:17.000Z
Meta Platforms Inc,meta-platforms-inc-derivatives,Bitbase,bitbase-com,META/USDT,perpetual,552.81785358,1545785.07181676,0.0,1.0,1.0,0,2026-07-29T20:21:16.000Z
Meta Platforms Inc,meta-platforms-inc-derivatives,Ulink,ulink,META/USDT,perpetual,549.02584495,1448544.93110713,0.0,1.0,1.0,0,2026-07-29T20:30:25.000Z
USA Rare Earth Inc,usa-rare-earth-inc-derivatives,Grvt,grvt,USAR/USDT,perpetual,14.22427915,290767.73893805,0.0,1.0,1.0,0,2026-07-29T11:03:16.000Z
USA Rare Earth Inc,usa-rare-earth-inc-derivatives,Extended,extended,USAR/USD,perpetual,14.21927664,4004.14830055,0.0,1.0,1.0,0,2026-07-29T20:30:17.000Z
USA Rare Earth Inc,usa-rare-earth-inc-derivatives,AlphaX,alphax,USAR/USDT,perpetual,12.93550854,1827.07041402,0.0,1.0,1.0,0,2026-07-29T20:30:20.000Z
USA Rare Earth Inc,usa-rare-earth-inc-derivatives,Flipster,flipster,USAR/USDT,perpetual,12.94421908,894.81720513,0.0,1.0,1.0,0,2026-07-29T20:30:15.000Z
USA Rare Earth Inc,usa-rare-earth-inc-derivatives,B2Z Exchange,b2z-exchange,USAR/USD,perpetual,12.98269481,1113066.0814956,0.0,1.0,1.0,0,2026-07-29T20:30:15.000Z
USA Rare Earth Inc,usa-rare-earth-inc-derivatives,KTX,ktx,USAR/USDT,perpetual,12.92551973,60922230.58815493,0.0,1.0,1.0,0,2026-07-29T20:30:16.000Z
USA Rare Earth Inc,usa-rare-earth-inc-derivatives,Cofinex,cofinex,USAR/USDT,perpetual,12.94421908,781519.95917431,0.0,1.0,1.0,0,2026-07-29T20:30:15.000Z
USA Rare Earth Inc,usa-rare-earth-inc-derivatives,BYDFi,bydfi,USAR/USDT,perpetual,14.79186854,39107.77279556,0.0,1.0,1.0,0,2026-07-28T08:15:16.000Z
USA Rare Earth Inc,usa-rare-earth-inc-derivatives,Bitbase,bitbase-com,USAR/USDT,perpetual,13.05436393,73717.04423171,0.0,1.0,1.0,0,2026-07-29T20:21:16.000Z
United States Oil Fund LP,united-states-oil-fund-derivatives,AlphaX,alphax,USO/USDT,perpetual,129.11535398,2097697.35066382,0.0,1.0,1.0,0,2026-07-29T20:30:20.000Z
Sprott Uranium Miners ETF,sprott-uranium-miners-etf-derivatives,AlphaX,alphax,URNM/USDT,perpetual,47.26704743,208421.18013254,0.0,1.0,1.0,0,2026-07-29T20:30:20.000Z
Sprott Uranium Miners ETF,sprott-uranium-miners-etf-derivatives,Grvt,grvt,URNM/USDT,perpetual,48.55633494,177699.83466897,0.0,1.0,1.0,0,2026-07-29T11:03:16.000Z
Sprott Uranium Miners ETF,sprott-uranium-miners-etf-derivatives,Flipster,flipster,URNM/USDT,perpetual,47.22242886,1067.07745434,0.0,1.0,1.0,0,2026-07-29T20:30:15.000Z
Sprott Uranium Miners ETF,sprott-uranium-miners-etf-derivatives,B2Z Exchange,b2z-exchange,URNM/USD,perpetual,47.25341113,496612.70462528,0.0,1.0,1.0,0,2026-07-29T20:30:15.000Z
Sprott Uranium Miners ETF,sprott-uranium-miners-etf-derivatives,idax exchange,idax-exchange,URNM/USDT,perpetual,47.237081,239618.48275554,0.0,1.0,1.0,0,2026-07-29T20:30:16.000Z
Sprott Uranium Miners ETF,sprott-uranium-miners-etf-derivatives,WHXEX,whxex,URNM/USDT,perpetual,47.237081,239618.48275554,0.0,1.0,1.0,0,2026-07-29T20:30:16.000Z
Sprott Uranium Miners ETF,sprott-uranium-miners-etf-derivatives,Bitbase,bitbase-com,URNM/USDT,perpetual,47.32331774,80764.26331239,0.0,1.0,1.0,0,2026-07-29T20:21:16.000Z
QQQ,ustech-derivatives,Aivora Exchange,aivora-exchange,QQQ/USDT,perpetual,659.98537995,103071573.3470973,0.0,1.0,1.0,0,2026-07-29T20:30:17.000Z
QQQ,ustech-derivatives,CoinMy,coinmy,QQQ/USDT,perpetual,660.0305775,68970667.43072301,0.0,1.0,1.0,0,2026-07-29T20:30:16.000Z
QQQ,ustech-derivatives,Websea,websea,QQQ/USDT,perpetual,659.98063345,60687013.18613371,0.0,1.0,1.0,0,2026-07-29T20:30:17.000Z
QQQ,ustech-derivatives,Antarctic,antarctic-exchange,QQQ/USDT,perpetual,659.88074535,13607514.91217464,0.0,1.0,1.0,0,2026-07-29T20:30:19.000Z
QQQ,ustech-derivatives,SunX,sunx,QQQ/USDT,perpetual,659.98063345,13202588.30546697,0.0,1.0,1.0,0,2026-07-29T20:30:18.000Z
QQQ,ustech-derivatives,x.me Exchange,voox-exchange,QQQ/USDT,perpetual,659.89374771,7223658.88807652,0.0,1.0,1.0,0,2026-07-29T20:30:23.000Z
QQQ,ustech-derivatives,LeveX,levex,QQQ/USDT,perpetual,660.0305775,2001966.72686668,0.0,1.0,1.0,0,2026-07-29T20:30:15.000Z
QQQ,ustech-derivatives,Coincall,coincall,QQQ/USD,perpetual,660.18924497,796528.10636528,0.0,1.0,1.0,0,2026-07-29T20:30:16.000Z
QQQ,ustech-derivatives,AlphaX,alphax,QQQ/USDT,perpetual,659.97064464,435687.12335064,0.0,1.0,1.0,0,2026-07-29T20:30:20.000Z
QQQ,ustech-derivatives,Grvt,grvt,QQQ/USDT,perpetual,677.13162584,356935.99946709,0.0,1.0,1.0,0,2026-07-29T11:03:16.000Z
QQQ,ustech-derivatives,Aevo,aevo,QQQ/USD,perpetual,659.93669065,45239.0400273,0.0,1.0,1.0,0,2026-07-29T20:30:15.000Z
QQQ,ustech-derivatives,Orderly,orderly-network-evm,QQQ/USDC,perpetual,675.73153646,547.43708936,0.0,1.0,1.0,0,2026-07-29T20:30:16.000Z
QQQ,ustech-derivatives,MemeMax,mememax,QQQ/USDC,perpetual,660.21402722,547.43708936,0.0,1.0,1.0,0,2026-07-29T20:30:15.000Z
QQQ,ustech-derivatives,idax exchange,idax-exchange,QQQ/USDT,perpetual,660.0305775,20780827.13651742,0.0,1.0,1.0,0,2026-07-29T20:30:16.000Z
QQQ,ustech-derivatives,Cofinex,cofinex,QQQ/USDT,perpetual,659.99536777,21370075.80741669,0.0,1.0,1.0,0,2026-07-29T20:30:15.000Z
QQQ,ustech-derivatives,WHXEX,whxex,QQQ/USDT,perpetual,660.0305775,20780827.13651742,0.0,1.0,1.0,0,2026-07-29T20:30:16.000Z
QQQ,ustech-derivatives,KTX,ktx,QQQ/USDT,perpetual,660.27030893,8635698.68340802,0.0,1.0,1.0,0,2026-07-29T20:30:16.000Z
QQQ,ustech-derivatives,BitxEX,xex,QQQ/USDT,perpetual,660.02058869,34741.53882756,0.0,1.0,1.0,0,2026-07-29T20:30:16.000Z
QQQ,ustech-derivatives,HyperPay Futures,hyperpay-futures,QQQ/USDT,perpetual,659.98063345,12402430.51041775,0.0,1.0,1.0,0,2026-07-29T20:30:17.000Z
QQQ,ustech-derivatives,Ulink,ulink,QQQ/USDT,perpetual,659.98364061,8222606.79946173,0.0,1.0,1.0,0,2026-07-29T20:30:25.000Z
QQQ,ustech-derivatives,Bitbase,bitbase-com,QQQ/USDT,perpetual,661.09815911,4555776.32437131,0.0,1.0,1.0,0,2026-07-29T20:21:16.000Z
QQQ,ustech-derivatives,CoinP,coinp,QQQ/USDT,perpetual,660.02058869,3155875.85172986,0.0,1.0,1.0,0,2026-07-29T20:30:15.000Z
Applovin,applovin-derivatives,AlphaX,alphax,APP/USDT,perpetual,396.66071666,1784833.5647616,0.0,1.0,1.0,0,2026-07-29T20:33:17.000Z
Applovin,applovin-derivatives,Flipster,flipster,APP/USDT,perpetual,398.7482995,846.67357223,0.0,1.0,1.0,0,2026-07-29T20:33:17.000Z
Applovin,applovin-derivatives,Cofinex,cofinex,APP/USDT,perpetual,395.34048048,87162.51656451,0.0,1.0,1.0,0,2026-07-29T20:33:17.000Z
Applovin,applovin-derivatives,Bitbase,bitbase-com,APP/USDT,perpetual,395.93156093,82957.54447156,0.0,1.0,1.0,0,2026-07-29T20:33:17.000Z
UnitedHealth Group,unitedhealth-group-derivatives,AlphaX,alphax,UNH/USDT,perpetual,417.75629063,17699.70656045,0.0,1.0,1.0,0,2026-07-29T20:33:17.000Z
UnitedHealth Group,unitedhealth-group-derivatives,Cofinex,cofinex,UNH/USDT,perpetual,419.68848461,22843.55813023,0.0,1.0,1.0,0,2026-07-29T20:33:17.000Z
Cisco Systems,cisco-systems-derivatives,AlphaX,alphax,CSCO/USDT,perpetual,111.8904449,502066.92419233,0.0,1.0,1.0,0,2026-07-29T20:33:17.000Z
Cisco Systems,cisco-systems-derivatives,Grvt,grvt,CSCO/USDT,perpetual,116.4512966,242914.60660528,0.0,1.0,1.0,0,2026-07-29T11:03:16.000Z
Cisco Systems,cisco-systems-derivatives,BitTap,bittap,CSCO/USDT,perpetual,111.89296073,43927.14325254,0.0,1.0,1.0,0,2026-07-29T20:33:17.000Z
Cisco Systems,cisco-systems-derivatives,Flipster,flipster,CSCO/USDT,perpetual,111.8904449,1166.81651287,0.0,1.0,1.0,0,2026-07-29T20:33:17.000Z
Cisco Systems,cisco-systems-derivatives,KTX,ktx,CSCO/USDT,perpetual,111.97035238,17608197.2554458,0.0,1.0,1.0,0,2026-07-29T20:33:15.000Z
Cisco Systems,cisco-systems-derivatives,Cofinex,cofinex,CSCO/USDT,perpetual,111.87298697,74086.33356247,0.0,1.0,1.0,0,2026-07-29T20:33:17.000Z
Reddit,reddit-derivatives,AlphaX,alphax,RDDT/USDT,perpetual,175.24708586,773420.58250071,0.0,1.0,1.0,0,2026-07-29T20:33:17.000Z
Reddit,reddit-derivatives,Flipster,flipster,RDDT/USDT,perpetual,177.52444896,1112.53406513,0.0,1.0,1.0,0,2026-07-29T20:33:17.000Z
Reddit,reddit-derivatives,Cofinex,cofinex,RDDT/USDT,perpetual,174.81028066,226269.729762,0.0,1.0,1.0,0,2026-07-29T20:33:17.000Z
IBM,ibm-derivatives,FameEX,fameex,IBM/USDT,perpetual,223.60109798,13029929.14281948,0.0,1.0,1.0,0,2026-07-29T20:33:19.000Z
IBM,ibm-derivatives,Websea,websea,IBM/USDT,perpetual,223.04174564,1707055.06440673,0.0,1.0,1.0,0,2026-07-29T20:33:16.000Z
IBM,ibm-derivatives,AlphaX,alphax,IBM/USDT,perpetual,223.54116737,981187.61144815,0.0,1.0,1.0,0,2026-07-29T20:33:17.000Z
IBM,ibm-derivatives,Grvt,grvt,IBM/USDT,perpetual,227.198897,203227.16065602,0.0,1.0,1.0,0,2026-07-29T11:03:16.000Z
IBM,ibm-derivatives,Extended,extended,IBM/USD,perpetual,228.23470233,8001.78960901,0.0,1.0,1.0,0,2026-07-29T20:33:16.000Z
IBM,ibm-derivatives,Flipster,flipster,IBM/USDT,perpetual,223.28146807,764.94532928,0.0,1.0,1.0,0,2026-07-29T20:33:17.000Z
IBM,ibm-derivatives,KTX,ktx,IBM/USDT,perpetual,223.11166468,26108949.46221558,0.0,1.0,1.0,0,2026-07-29T20:33:15.000Z
IBM,ibm-derivatives,Cofinex,cofinex,IBM/USDT,perpetual,223.31653827,814507.54908014,0.0,1.0,1.0,0,2026-07-29T20:33:17.000Z
IBM,ibm-derivatives,Bitbase,bitbase-com,IBM/USDT,perpetual,223.54116737,478791.60469214,0.0,1.0,1.0,0,2026-07-29T20:33:17.000Z
Ishares Msci South Korea ETF,ishares-msci-south-korea-etf-derivatives,CoinMy,coinmy,EWY/USDT,perpetual,143.41394465,192514883.77797455,0.0,1.0,1.0,0,2026-07-29T20:33:15.000Z
Ishares Msci South Korea ETF,ishares-msci-south-korea-etf-derivatives,Websea,websea,EWY/USDT,perpetual,143.38397934,127603114.35297891,0.0,1.0,1.0,0,2026-07-29T20:33:16.000Z
Ishares Msci South Korea ETF,ishares-msci-south-korea-etf-derivatives,SunX,sunx,EWY/USDT,perpetual,143.01977706,28088949.51503708,0.0,1.0,1.0,0,2026-07-29T20:30:18.000Z
Ishares Msci South Korea ETF,ishares-msci-south-korea-etf-derivatives,x.me Exchange,voox-exchange,EWY/USDT,perpetual,143.36160757,13251106.92585665,0.0,1.0,1.0,0,2026-07-29T20:33:18.000Z
Ishares Msci South Korea ETF,ishares-msci-south-korea-etf-derivatives,Flipster,flipster,EWY/USDT,perpetual,143.42393308,12921654.573808,0.0,1.0,1.0,0,2026-07-29T20:33:17.000Z
Ishares Msci South Korea ETF,ishares-msci-south-korea-etf-derivatives,Coincall,coincall,EWY/USD,perpetual,143.52082996,1812646.55853248,0.0,1.0,1.0,0,2026-07-29T20:33:16.000Z
Ishares Msci South Korea ETF,ishares-msci-south-korea-etf-derivatives,Grvt,grvt,EWY/USDT,perpetual,147.37711701,859792.71916918,0.0,1.0,1.0,0,2026-07-29T11:03:16.000Z
Ishares Msci South Korea ETF,ishares-msci-south-korea-etf-derivatives,AlphaX,alphax,EWY/USDT,perpetual,143.45389838,702971.86957161,0.0,1.0,1.0,0,2026-07-29T20:33:17.000Z
Ishares Msci South Korea ETF,ishares-msci-south-korea-etf-derivatives,MemeMax,mememax,EWY/USDC,perpetual,143.58203693,190.55246928,0.0,1.0,1.0,0,2026-07-29T20:33:16.000Z
Ishares Msci South Korea ETF,ishares-msci-south-korea-etf-derivatives,Orderly,orderly-network-evm,EWY/USDC,perpetual,148.86702485,190.52178177,0.0,1.0,1.0,0,2026-07-29T20:33:15.000Z
Ishares Msci South Korea ETF,ishares-msci-south-korea-etf-derivatives,idax exchange,idax-exchange,EWY/USDT,perpetual,143.42393308,44034432.85142599,0.0,1.0,1.0,0,2026-07-29T20:33:17.000Z
Ishares Msci South Korea ETF,ishares-msci-south-korea-etf-derivatives,B2Z Exchange,b2z-exchange,EWY/USD,perpetual,143.56697286,714113.02110748,0.0,1.0,1.0,0,2026-07-29T20:33:15.000Z
Ishares Msci South Korea ETF,ishares-msci-south-korea-etf-derivatives,KTX,ktx,EWY/USDT,perpetual,143.0843263,194446261.08876398,0.0,1.0,1.0,0,2026-07-29T20:33:15.000Z
Ishares Msci South Korea ETF,ishares-msci-south-korea-etf-derivatives,WHXEX,whxex,EWY/USDT,perpetual,143.08969873,43999445.14195702,0.0,1.0,1.0,0,2026-07-29T20:30:16.000Z
Ishares Msci South Korea ETF,ishares-msci-south-korea-etf-derivatives,Cofinex,cofinex,EWY/USDT,perpetual,143.46147633,34741443.14688198,0.0,1.0,1.0,0,2026-07-29T20:33:17.000Z
Ishares Msci South Korea ETF,ishares-msci-south-korea-etf-derivatives,AEGET,aeget,EWY/USDT,perpetual,143.35046851,13978913.45441346,0.0,1.0,1.0,0,2026-07-29T20:33:22.000Z
Ishares Msci South Korea ETF,ishares-msci-south-korea-etf-derivatives,Bitbase,bitbase-com,EWY/USDT,perpetual,143.45389838,27487344.44396354,0.0,1.0,1.0,0,2026-07-29T20:33:17.000Z
Ishares Msci South Korea ETF,ishares-msci-south-korea-etf-derivatives,HyperPay Futures,hyperpay-futures,EWY/USDT,perpetual,143.36160757,26178751.83028013,0.0,1.0,1.0,0,2026-07-29T20:33:17.000Z
Ishares Msci South Korea ETF,ishares-msci-south-korea-etf-derivatives,Ulink,ulink,EWY/USDT,perpetual,143.38397934,16005777.04830211,0.0,1.0,1.0,0,2026-07-29T20:33:17.000Z
Bitmine Immersion Technologies,bitmine-immersion-technologies-derivatives,AlphaX,alphax,BMNR/USDT,perpetual,16.58080151,84420.62930289,0.0,1.0,1.0,0,2026-07-29T20:33:17.000Z
Bitmine Immersion Technologies,bitmine-immersion-technologies-derivatives,Flipster,flipster,BMNR/USDT,perpetual,16.56082464,1113.07320088,0.0,1.0,1.0,0,2026-07-29T20:33:17.000Z
Bitmine Immersion Technologies,bitmine-immersion-technologies-derivatives,idax exchange,idax-exchange,BMNR/USDT,perpetual,16.57081308,737650.00384293,0.0,1.0,1.0,0,2026-07-29T20:33:17.000Z
Bitmine Immersion Technologies,bitmine-immersion-technologies-derivatives,Cofinex,cofinex,BMNR/USDT,perpetual,16.55724202,911462.36091512,0.0,1.0,1.0,0,2026-07-29T20:33:17.000Z
Bitmine Immersion Technologies,bitmine-immersion-technologies-derivatives,WHXEX,whxex,BMNR/USDT,perpetual,16.54146884,732068.48449742,0.0,1.0,1.0,0,2026-07-29T20:30:16.000Z
Bitmine Immersion Technologies,bitmine-immersion-technologies-derivatives,BitxEX,xex,BMNR/USDT,perpetual,16.56822758,7313.65457848,0.0,1.0,1.0,0,2026-07-29T20:33:15.000Z
Bitmine Immersion Technologies,bitmine-immersion-technologies-derivatives,Bitbase,bitbase-com,BMNR/USDT,perpetual,16.57081308,95948.77635495,0.0,1.0,1.0,0,2026-07-29T20:33:17.000Z
Bitmine Immersion Technologies,bitmine-immersion-technologies-derivatives,Bybit,bybit,BMNR/USDT,perpetual,16.57281076,447277.80242137,1.0,0.0,1.0,0,2026-07-29T20:33:16.000Z
ASML Holding NV,asml-holding-nv-derivatives,Websea,websea,ASML/USDT,perpetual,1544.01222756,12655766.95968425,0.0,1.0,1.0,0,2026-07-29T20:33:16.000Z
ASML Holding NV,asml-holding-nv-derivatives,AlphaX,alphax,ASML/USDT,perpetual,1543.58272487,6787293.67727223,0.0,1.0,1.0,0,2026-07-29T20:33:17.000Z
ASML Holding NV,asml-holding-nv-derivatives,Grvt,grvt,ASML/USDT,perpetual,1583.4599407,185263.48632864,0.0,1.0,1.0,0,2026-07-29T11:03:16.000Z
ASML Holding NV,asml-holding-nv-derivatives,Flipster,flipster,ASML/USDT,perpetual,1547.06868856,899.78895128,0.0,1.0,1.0,0,2026-07-29T20:33:17.000Z
ASML Holding NV,asml-holding-nv-derivatives,Extended,extended,ASML/USD,perpetual,1804.34774183,0.0,0.0,1.0,1.0,0,2026-07-29T20:33:16.000Z
ASML Holding NV,asml-holding-nv-derivatives,idax exchange,idax-exchange,ASML/USDT,perpetual,1542.21430932,4886259.41463994,0.0,1.0,1.0,0,2026-07-29T20:33:17.000Z
ASML Holding NV,asml-holding-nv-derivatives,WHXEX,whxex,ASML/USDT,perpetual,1542.1323719,4885519.34489009,0.0,1.0,1.0,0,2026-07-29T20:30:16.000Z
ASML Holding NV,asml-holding-nv-derivatives,Cofinex,cofinex,ASML/USDT,perpetual,1544.6401782,479357.31370568,0.0,1.0,1.0,0,2026-07-29T20:33:17.000Z
ASML Holding NV,asml-holding-nv-derivatives,BitxEX,xex,ASML/USDT,perpetual,1543.24201553,172886.97411481,0.0,1.0,1.0,0,2026-07-29T20:33:15.000Z
ASML Holding NV,asml-holding-nv-derivatives,Bitbase,bitbase-com,ASML/USDT,perpetual,1542.74369636,66438.60101557,0.0,1.0,1.0,0,2026-07-29T20:33:17.000Z
iShares MSCI Japan ETF,ishares-msci-japan-etf-derivatives,Grvt,grvt,EWJ/USDT,perpetual,90.41007768,723417.21064944,0.0,1.0,1.0,0,2026-07-29T11:03:16.000Z
iShares MSCI Japan ETF,ishares-msci-japan-etf-derivatives,AlphaX,alphax,EWJ/USDT,perpetual,89.09683704,388131.8624992,0.0,1.0,1.0,0,2026-07-29T20:33:17.000Z
iShares MSCI Japan ETF,ishares-msci-japan-etf-derivatives,Bitbaby,bitbabyexchange,EWJ/USDT,perpetual,89.37255494,146116.08379461,0.0,1.0,1.0,0,2026-07-29T20:33:15.000Z
iShares MSCI Japan ETF,ishares-msci-japan-etf-derivatives,SunX,sunx,EWJ/USDT,perpetual,89.68035179,10732.15947446,0.0,1.0,1.0,0,2026-07-28T10:09:21.000Z
iShares MSCI Japan ETF,ishares-msci-japan-etf-derivatives,Flipster,flipster,EWJ/USDT,perpetual,89.26664043,869.25599062,0.0,1.0,1.0,0,2026-07-29T20:33:17.000Z
iShares MSCI Japan ETF,ishares-msci-japan-etf-derivatives,B2Z Exchange,b2z-exchange,EWJ/USD,perpetual,89.30079618,1231668.15902566,0.0,1.0,1.0,0,2026-07-29T20:33:15.000Z
iShares MSCI Japan ETF,ishares-msci-japan-etf-derivatives,KTX,ktx,EWJ/USDT,perpetual,89.16675608,31018602.8379836,0.0,1.0,1.0,0,2026-07-29T20:33:15.000Z
iShares MSCI Japan ETF,ishares-msci-japan-etf-derivatives,AEGET,aeget,EWJ/USDT,perpetual,89.16455075,2962476.56760473,0.0,1.0,1.0,0,2026-07-29T20:33:22.000Z
iShares MSCI Japan ETF,ishares-msci-japan-etf-derivatives,Cofinex,cofinex,EWJ/USDT,perpetual,89.07294865,150506.06618991,0.0,1.0,1.0,0,2026-07-29T20:33:17.000Z
iShares MSCI Japan ETF,ishares-msci-japan-etf-derivatives,Bitbase,bitbase-com,EWJ/USDT,perpetual,89.20670982,168546.26057648,0.0,1.0,1.0,0,2026-07-29T20:33:17.000Z
iShares MSCI Japan ETF,ishares-msci-japan-etf-derivatives,HyperPay Futures,hyperpay-futures,EWJ/USDT,perpetual,89.15284366,4426.81162777,0.0,1.0,1.0,0,2026-07-29T20:33:17.000Z
iShares MSCI Japan ETF,ishares-msci-japan-etf-derivatives,Ulink,ulink,EWJ/USDT,perpetual,89.16675608,2706.56754136,0.0,1.0,1.0,0,2026-07-29T20:33:17.000Z
PayPay Corp,paypay-corp-derivatives,Grvt,grvt,PAYP/USDT,perpetual,15.24315308,783424.65558724,0.0,1.0,1.0,0,2026-07-29T11:03:16.000Z
PayPay Corp,paypay-corp-derivatives,AlphaX,alphax,PAYP/USDT,perpetual,14.88276762,65533.85302024,0.0,1.0,1.0,0,2026-07-29T20:33:17.000Z
PayPay Corp,paypay-corp-derivatives,Ekbit,ekbit,PAYP/USDT,perpetual,14.86047176,41327.70539091,0.0,1.0,1.0,0,2026-07-29T20:33:16.000Z
PayPay Corp,paypay-corp-derivatives,SunX,sunx,PAYP/USDT,perpetual,16.18201937,4887.13710074,0.0,1.0,1.0,0,2026-07-28T10:09:21.000Z
PayPay Corp,paypay-corp-derivatives,Flipster,flipster,PAYP/USDT,perpetual,14.83282545,860.06965924,0.0,1.0,1.0,0,2026-07-29T20:33:17.000Z
PayPay Corp,paypay-corp-derivatives,KTX,ktx,PAYP/USDT,perpetual,14.87277919,17698960.69606897,0.0,1.0,1.0,0,2026-07-29T20:33:15.000Z
PayPay Corp,paypay-corp-derivatives,AEGET,aeget,PAYP/USDT,perpetual,14.86242316,49781.58807899,0.0,1.0,1.0,0,2026-07-29T20:33:22.000Z
PayPay Corp,paypay-corp-derivatives,CoinP,coinp,PAYP/USDT,perpetual,14.87333762,921751.96889353,0.0,1.0,1.0,0,2026-07-29T20:30:15.000Z
PayPay Corp,paypay-corp-derivatives,Bitbase,bitbase-com,PAYP/USDT,perpetual,14.84281388,28803.54011431,0.0,1.0,1.0,0,2026-07-29T20:33:17.000Z
PayPay Corp,paypay-corp-derivatives,HyperPay Futures,hyperpay-futures,PAYP/USDT,perpetual,14.86047176,1076.42770728,0.0,1.0,1.0,0,2026-07-29T20:33:17.000Z
State Street SPDR S&P 500 ETF Trust,state-street-spdr-sp-500-etf-trust-derivatives,Aivora Exchange,aivora-exchange,SPY/USDT,perpetual,728.34287984,32993247.80636096,0.0,1.0,1.0,0,2026-07-29T20:33:17.000Z
State Street SPDR S&P 500 ETF Trust,state-street-spdr-sp-500-etf-trust-derivatives,CoinMy,coinmy,SPY/USDT,perpetual,728.46652716,18905877.20617297,0.0,1.0,1.0,0,2026-07-29T20:33:15.000Z
State Street SPDR S&P 500 ETF Trust,state-street-spdr-sp-500-etf-trust-derivatives,Websea,websea,SPY/USDT,perpetual,728.26675846,13191132.34373776,0.0,1.0,1.0,0,2026-07-29T20:33:16.000Z
State Street SPDR S&P 500 ETF Trust,state-street-spdr-sp-500-etf-trust-derivatives,Antarctic,antarctic-exchange,SPY/USDT,perpetual,728.30293233,2322227.299154,0.0,1.0,1.0,0,2026-07-29T20:33:17.000Z
State Street SPDR S&P 500 ETF Trust,state-street-spdr-sp-500-etf-trust-derivatives,SunX,sunx,SPY/USDT,perpetual,727.96447216,2039789.52494504,0.0,1.0,1.0,0,2026-07-29T20:30:18.000Z
State Street SPDR S&P 500 ETF Trust,state-street-spdr-sp-500-etf-trust-derivatives,Grvt,grvt,SPY/USDT,perpetual,742.11980012,597751.56276072,0.0,1.0,1.0,0,2026-07-29T11:03:16.000Z
State Street SPDR S&P 500 ETF Trust,state-street-spdr-sp-500-etf-trust-derivatives,LeveX,levex,SPY/USDT,perpetual,728.34287984,311694.12099842,0.0,1.0,1.0,0,2026-07-29T20:33:15.000Z
State Street SPDR S&P 500 ETF Trust,state-street-spdr-sp-500-etf-trust-derivatives,EVEDEX,evedex,SPY/USD,perpetual,728.59341608,294539.17679017,0.0,1.0,1.0,0,2026-07-29T20:33:15.000Z
State Street SPDR S&P 500 ETF Trust,state-street-spdr-sp-500-etf-trust-derivatives,AlphaX,alphax,SPY/USDT,perpetual,728.32668907,134864.52442655,0.0,1.0,1.0,0,2026-07-29T20:33:17.000Z
State Street SPDR S&P 500 ETF Trust,state-street-spdr-sp-500-etf-trust-derivatives,Coincall,coincall,SPY/USD,perpetual,729.18775995,123050.89353793,0.0,1.0,1.0,0,2026-07-29T20:33:16.000Z
State Street SPDR S&P 500 ETF Trust,state-street-spdr-sp-500-etf-trust-derivatives,Aevo,aevo,SPY/USD,perpetual,728.6761951,28794.76280935,0.0,1.0,1.0,0,2026-07-29T20:33:16.000Z
State Street SPDR S&P 500 ETF Trust,state-street-spdr-sp-500-etf-trust-derivatives,Flipster,flipster,SPY/USDT,perpetual,728.69626115,1257.06466483,0.0,1.0,1.0,0,2026-07-29T20:33:17.000Z
State Street SPDR S&P 500 ETF Trust,state-street-spdr-sp-500-etf-trust-derivatives,MemeMax,mememax,SPY/USDC,perpetual,729.12799993,0.0,0.0,1.0,1.0,0,2026-07-29T20:33:16.000Z
State Street SPDR S&P 500 ETF Trust,state-street-spdr-sp-500-etf-trust-derivatives,idax exchange,idax-exchange,SPY/USDT,perpetual,728.45653872,4376706.12342136,0.0,1.0,1.0,0,2026-07-29T20:33:17.000Z
State Street SPDR S&P 500 ETF Trust,state-street-spdr-sp-500-etf-trust-derivatives,WHXEX,whxex,SPY/USDT,perpetual,728.0044274,4376809.783992,0.0,1.0,1.0,0,2026-07-29T20:30:16.000Z
State Street SPDR S&P 500 ETF Trust,state-street-spdr-sp-500-etf-trust-derivatives,Cofinex,cofinex,SPY/USDT,perpetual,727.57389037,2261660.1809019,0.0,1.0,1.0,0,2026-07-29T20:33:17.000Z
State Street SPDR S&P 500 ETF Trust,state-street-spdr-sp-500-etf-trust-derivatives,KTX,ktx,SPY/USDT,perpetual,728.03702447,2167742.81029601,0.0,1.0,1.0,0,2026-07-29T20:33:15.000Z
State Street SPDR S&P 500 ETF Trust,state-street-spdr-sp-500-etf-trust-derivatives,BitxEX,xex,SPY/USDT,perpetual,728.34287984,31036.98289693,0.0,1.0,1.0,0,2026-07-29T20:33:15.000Z
State Street SPDR S&P 500 ETF Trust,state-street-spdr-sp-500-etf-trust-derivatives,CoinP,coinp,SPY/USDT,perpetual,728.07434907,3752600.97799102,0.0,1.0,1.0,0,2026-07-29T20:30:15.000Z
State Street SPDR S&P 500 ETF Trust,state-street-spdr-sp-500-etf-trust-derivatives,HyperPay Futures,hyperpay-futures,SPY/USDT,perpetual,728.34287984,1928918.55345993,0.0,1.0,1.0,0,2026-07-29T20:33:17.000Z
State Street SPDR S&P 500 ETF Trust,state-street-spdr-sp-500-etf-trust-derivatives,Ulink,ulink,SPY/USDT,perpetual,728.45653872,1179347.30078949,0.0,1.0,1.0,0,2026-07-29T20:33:17.000Z
State Street SPDR S&P 500 ETF Trust,state-street-spdr-sp-500-etf-trust-derivatives,Bitbase,bitbase-com,SPY/USDT,perpetual,728.46652716,709274.13513878,0.0,1.0,1.0,0,2026-07-29T20:33:17.000Z
State Street SPDR S&P 500 ETF Trust,state-street-spdr-sp-500-etf-trust-derivatives,Bybit,bybit,SPY/USDT,perpetual,728.24678159,1474502.07019736,1.0,0.0,1.0,0,2026-07-29T20:33:16.000Z
Brent Oil,brent-oil-derivatives,FameEX,fameex,BZ/USDT,perpetual,88.2777854,426011900.77699804,0.0,1.0,1.0,0,2026-07-29T20:33:19.000Z
Brent Oil,brent-oil-derivatives,CoinMy,coinmy,BZ/USDT,perpetual,88.2777854,66561401.63786005,0.0,1.0,1.0,0,2026-07-29T20:33:15.000Z
Brent Oil,brent-oil-derivatives,Aivora Exchange,aivora-exchange,BZ/USDT,perpetual,88.26401168,56825991.24168127,0.0,1.0,1.0,0,2026-07-29T20:33:17.000Z
Brent Oil,brent-oil-derivatives,Blockfinex,blockfinex,BZ/USDT,perpetual,88.26779697,25168041.79524535,0.0,1.0,1.0,0,2026-07-29T20:33:15.000Z
Brent Oil,brent-oil-derivatives,SunX,sunx,BZ/USDT,perpetual,88.33104404,15791541.69924687,0.0,1.0,1.0,0,2026-07-29T20:30:18.000Z
Brent Oil,brent-oil-derivatives,x.me Exchange,voox-exchange,BZ/USDT,perpetual,88.25402481,10572930.13376916,0.0,1.0,1.0,0,2026-07-29T20:33:18.000Z
Brent Oil,brent-oil-derivatives,Ekbit,ekbit,BZ/USDT,perpetual,88.25402481,2635522.38512383,0.0,1.0,1.0,0,2026-07-29T20:33:16.000Z
Brent Oil,brent-oil-derivatives,LeveX,levex,BZ/USDT,perpetual,88.25402481,2165262.04762197,0.0,1.0,1.0,0,2026-07-29T20:33:15.000Z
Brent Oil,brent-oil-derivatives,WOO X Pro,wooxpro,BZ/USDT,perpetual,88.25402481,1409547.39621186,0.0,1.0,1.0,0,2026-07-29T20:33:16.000Z
Brent Oil,brent-oil-derivatives,Coincall,coincall,BZ/USD,perpetual,88.35126301,1017156.23780363,0.0,1.0,1.0,0,2026-07-29T20:33:16.000Z
Brent Oil,brent-oil-derivatives,Grvt,grvt,BZ/USDT,perpetual,85.89506772,895514.37745547,0.0,1.0,1.0,0,2026-07-29T11:03:16.000Z
Brent Oil,brent-oil-derivatives,BitTap,bittap,BZ/USDT,perpetual,88.25402481,345145.86565106,0.0,1.0,1.0,0,2026-07-29T20:33:17.000Z
Brent Oil,brent-oil-derivatives,AlphaX,alphax,BZ/USDT,perpetual,88.26779697,288325.38760616,0.0,1.0,1.0,0,2026-07-29T20:33:17.000Z
Brent Oil,brent-oil-derivatives,Flipster,flipster,BZ/USDT,perpetual,88.22784323,4303.86588328,0.0,1.0,1.0,0,2026-07-29T20:33:17.000Z
Brent Oil,brent-oil-derivatives,MemeMax,mememax,BZ/USDC,perpetual,88.27280858,246.67975831,0.0,1.0,1.0,0,2026-07-29T20:33:16.000Z
Brent Oil,brent-oil-derivatives,Orderly,orderly-network-evm,BZ/USDC,perpetual,87.17897688,246.64003178,0.0,1.0,1.0,0,2026-07-29T20:33:15.000Z
Brent Oil,brent-oil-derivatives,idax exchange,idax-exchange,BZ/USDT,perpetual,88.26779697,25168085.93413805,0.0,1.0,1.0,0,2026-07-29T20:33:17.000Z
Brent Oil,brent-oil-derivatives,KTX,ktx,BZ/USDT,perpetual,88.31773914,52300188.39295086,0.0,1.0,1.0,0,2026-07-29T20:33:15.000Z
Brent Oil,brent-oil-derivatives,IMBX,imbx,BZ/USDT,perpetual,88.26779697,52144971.6350826,0.0,1.0,1.0,0,2026-07-29T20:33:17.000Z
Brent Oil,brent-oil-derivatives,Cofinex,cofinex,BZ/USDT,perpetual,88.24403793,43117872.79027196,0.0,1.0,1.0,0,2026-07-29T20:33:17.000Z
Brent Oil,brent-oil-derivatives,WHXEX,whxex,BZ/USDT,perpetual,88.31106642,25170560.93262966,0.0,1.0,1.0,0,2026-07-29T20:30:16.000Z
Brent Oil,brent-oil-derivatives,BitxEX,xex,BZ/USDT,perpetual,88.25402481,63561.96033046,0.0,1.0,1.0,0,2026-07-29T20:33:15.000Z
Brent Oil,brent-oil-derivatives,Bitbase,bitbase-com,BZ/USDT,perpetual,88.26779697,9771200.42083144,0.0,1.0,1.0,0,2026-07-29T20:33:17.000Z
Brent Oil,brent-oil-derivatives,Ulink,ulink,BZ/USDT,perpetual,88.2777854,9069076.05275943,0.0,1.0,1.0,0,2026-07-29T20:33:17.000Z
Brent Oil,brent-oil-derivatives,CoinP,coinp,BZ/USDT,perpetual,88.36101047,4394346.64740313,0.0,1.0,1.0,0,2026-07-29T20:30:15.000Z
Brent Oil,brent-oil-derivatives,BlockFin,blockfin,BZ/USDT,perpetual,88.27399856,2030071.2356559,0.0,1.0,1.0,0,2026-07-29T20:33:21.000Z
PDD Holdings Inc,pdd-holdings-inc-derivatives,Cofinex,cofinex,PDD/USDT,perpetual,88.36388044,260928.76939039,0.0,1.0,1.0,0,2026-07-29T20:33:17.000Z
Broadcom Inc,broadcom-inc-derivatives,Websea,websea,AVGO/USDT,perpetual,366.50563246,4097572.43521151,0.0,1.0,1.0,0,2026-07-29T20:33:16.000Z
Broadcom Inc,broadcom-inc-derivatives,Bitbaby,bitbabyexchange,AVGO/USDT,perpetual,367.96645287,848381.24593263,0.0,1.0,1.0,0,2026-07-29T20:33:15.000Z
Broadcom Inc,broadcom-inc-derivatives,BitTap,bittap,AVGO/USDT,perpetual,366.51835582,629009.8340458,0.0,1.0,1.0,0,2026-07-29T20:33:17.000Z
Broadcom Inc,broadcom-inc-derivatives,Grvt,grvt,AVGO/USDT,perpetual,380.46950045,439797.96720672,0.0,1.0,1.0,0,2026-07-29T11:03:16.000Z
Broadcom Inc,broadcom-inc-derivatives,LeveX,levex,AVGO/USDT,perpetual,366.53832957,92869.77382026,0.0,1.0,1.0,0,2026-07-29T20:33:15.000Z
Broadcom Inc,broadcom-inc-derivatives,AlphaX,alphax,AVGO/USDT,perpetual,366.42572498,27073.10560806,0.0,1.0,1.0,0,2026-07-29T20:33:17.000Z
Broadcom Inc,broadcom-inc-derivatives,Flipster,flipster,AVGO/USDT,perpetual,368.64315747,890.78084754,0.0,1.0,1.0,0,2026-07-29T20:33:17.000Z
Broadcom Inc,broadcom-inc-derivatives,Extended,extended,AVGO/USD,perpetual,395.98165599,0.0,0.0,1.0,1.0,0,2026-07-29T20:33:16.000Z
Broadcom Inc,broadcom-inc-derivatives,idax exchange,idax-exchange,AVGO/USDT,perpetual,366.48565559,1570004.35193705,0.0,1.0,1.0,0,2026-07-29T20:33:17.000Z
Broadcom Inc,broadcom-inc-derivatives,KTX,ktx,AVGO/USDT,perpetual,366.23594472,51483097.22900445,0.0,1.0,1.0,0,2026-07-29T20:33:15.000Z
Broadcom Inc,broadcom-inc-derivatives,WHXEX,whxex,AVGO/USDT,perpetual,366.20974064,1571800.24541762,0.0,1.0,1.0,0,2026-07-29T20:30:16.000Z
Broadcom Inc,broadcom-inc-derivatives,Cofinex,cofinex,AVGO/USDT,perpetual,366.16881516,1442791.37477828,0.0,1.0,1.0,0,2026-07-29T20:33:17.000Z
Broadcom Inc,broadcom-inc-derivatives,Bitbase,bitbase-com,AVGO/USDT,perpetual,366.5755515,393301.37135652,0.0,1.0,1.0,0,2026-07-29T20:33:17.000Z
GameStop Corp,gamestop-corp-derivatives,AlphaX,alphax,GME/USDT,perpetual,21.80475283,96593.4113485,0.0,1.0,1.0,0,2026-07-29T20:33:17.000Z
GameStop Corp,gamestop-corp-derivatives,Flipster,flipster,GME/USDT,perpetual,21.96456779,871.72918697,0.0,1.0,1.0,0,2026-07-29T20:33:17.000Z
GameStop Corp,gamestop-corp-derivatives,idax exchange,idax-exchange,GME/USDT,perpetual,21.78477596,207670.21394706,0.0,1.0,1.0,0,2026-07-29T20:33:17.000Z
GameStop Corp,gamestop-corp-derivatives,WHXEX,whxex,GME/USDT,perpetual,21.78559392,208007.87185569,0.0,1.0,1.0,0,2026-07-29T20:30:16.000Z
GameStop Corp,gamestop-corp-derivatives,BitxEX,xex,GME/USDT,perpetual,21.81133758,9287.0246599,0.0,1.0,1.0,0,2026-07-29T20:33:15.000Z
GameStop Corp,gamestop-corp-derivatives,Bitbase,bitbase-com,GME/USDT,perpetual,21.80475283,38263.06517111,0.0,1.0,1.0,0,2026-07-29T20:33:17.000Z
Cerebras Systems,cerebras-systems-derivatives,Websea,websea,CBRS/USDT,perpetual,168.7146496,6912056.01633658,0.0,1.0,1.0,0,2026-07-29T20:33:16.000Z
Cerebras Systems,cerebras-systems-derivatives,Grvt,grvt,CBRS/USDT,perpetual,191.93786792,227110.15677656,0.0,1.0,1.0,0,2026-07-29T11:03:16.000Z
Cerebras Systems,cerebras-systems-derivatives,AlphaX,alphax,CBRS/USDT,perpetual,168.70466117,22570.3572818,0.0,1.0,1.0,0,2026-07-29T20:33:17.000Z
Cerebras Systems,cerebras-systems-derivatives,MemeMax,mememax,CBRS/USDC,perpetual,168.83711842,7431.20998745,0.0,1.0,1.0,0,2026-07-29T20:33:16.000Z
Cerebras Systems,cerebras-systems-derivatives,Orderly,orderly-network-evm,CBRS/USDC,perpetual,169.11981778,7430.01322878,0.0,1.0,1.0,0,2026-07-29T20:33:15.000Z
Cerebras Systems,cerebras-systems-derivatives,Aevo,aevo,CBRS/USD,perpetual,168.53446465,5638.62311983,0.0,1.0,1.0,0,2026-07-29T20:33:16.000Z
Cerebras Systems,cerebras-systems-derivatives,Flipster,flipster,CBRS/USDT,perpetual,168.49490404,1136.93985229,0.0,1.0,1.0,0,2026-07-29T20:33:17.000Z
Cerebras Systems,cerebras-systems-derivatives,idax exchange,idax-exchange,CBRS/USDT,perpetual,168.73462647,2567269.05453073,0.0,1.0,1.0,0,2026-07-29T20:33:17.000Z
Cerebras Systems,cerebras-systems-derivatives,B2Z Exchange,b2z-exchange,CBRS/USD,perpetual,168.82588398,1698070.67828587,0.0,1.0,1.0,0,2026-07-29T20:33:15.000Z
Cerebras Systems,cerebras-systems-derivatives,KTX,ktx,CBRS/USDT,perpetual,168.43497343,147406579.23683468,0.0,1.0,1.0,0,2026-07-29T20:33:15.000Z
Cerebras Systems,cerebras-systems-derivatives,Cofinex,cofinex,CBRS/USDT,perpetual,168.5884568,12861759.97264506,0.0,1.0,1.0,0,2026-07-29T20:33:17.000Z
Cerebras Systems,cerebras-systems-derivatives,WHXEX,whxex,CBRS/USDT,perpetual,168.43130889,2560263.02757309,0.0,1.0,1.0,0,2026-07-29T20:30:16.000Z
Cerebras Systems,cerebras-systems-derivatives,Bitbase,bitbase-com,CBRS/USDT,perpetual,168.75460334,488360.36546768,0.0,1.0,1.0,0,2026-07-29T20:33:17.000Z
Cerebras Systems,cerebras-systems-derivatives,MEXC,mexc,CBRSSTOCK/USDT,perpetual,168.75460334,645514.64502891,1.0,0.0,1.0,0,2026-07-29T20:33:16.000Z
Qualcomm,qualcomm-derivatives,Websea,websea,QCOM/USDT,perpetual,148.24834701,4372608.77763372,0.0,1.0,1.0,0,2026-07-29T20:33:16.000Z
Qualcomm,qualcomm-derivatives,SunX,sunx,QCOM/USDT,perpetual,148.88320834,641721.3729311,0.0,1.0,1.0,0,2026-07-29T20:30:18.000Z
Qualcomm,qualcomm-derivatives,Grvt,grvt,QCOM/USDT,perpetual,163.45934273,223806.61029654,0.0,1.0,1.0,0,2026-07-29T11:03:16.000Z
Qualcomm,qualcomm-derivatives,AlphaX,alphax,QCOM/USDT,perpetual,148.74776875,16014.80664406,0.0,1.0,1.0,0,2026-07-29T20:33:17.000Z
Qualcomm,qualcomm-derivatives,Flipster,flipster,QCOM/USDT,perpetual,148.84765309,945.81061597,0.0,1.0,1.0,0,2026-07-29T20:33:17.000Z
Qualcomm,qualcomm-derivatives,Extended,extended,QCOM/USD,perpetual,166.86654978,0.0,0.0,1.0,1.0,0,2026-07-29T20:33:16.000Z
Qualcomm,qualcomm-derivatives,idax exchange,idax-exchange,QCOM/USDT,perpetual,148.77773405,1825203.89288659,0.0,1.0,1.0,0,2026-07-29T20:33:17.000Z
Qualcomm,qualcomm-derivatives,KTX,ktx,QCOM/USDT,perpetual,148.88760683,98448544.24186371,0.0,1.0,1.0,0,2026-07-29T20:33:15.000Z
Qualcomm,qualcomm-derivatives,Cofinex,cofinex,QCOM/USDT,perpetual,148.60471756,2809066.2902383,0.0,1.0,1.0,0,2026-07-29T20:33:17.000Z
Qualcomm,qualcomm-derivatives,WHXEX,whxex,QCOM/USDT,perpetual,149.09297335,1814540.49630246,0.0,1.0,1.0,0,2026-07-29T20:30:16.000Z
Qualcomm,qualcomm-derivatives,HyperPay Futures,hyperpay-futures,QCOM/USDT,perpetual,148.65465195,604970.32002906,0.0,1.0,1.0,0,2026-07-29T20:33:17.000Z
Qualcomm,qualcomm-derivatives,Ulink,ulink,QCOM/USDT,perpetual,148.6778497,369880.89153377,0.0,1.0,1.0,0,2026-07-29T20:33:17.000Z
Qualcomm,qualcomm-derivatives,Bitbase,bitbase-com,QCOM/USDT,perpetual,148.66786127,260516.53264025,0.0,1.0,1.0,0,2026-07-29T20:33:17.000Z
State Street Energy Select Sector SPDR ETF,state-street-energy-select-sector-spdr-etf-derivatives,AlphaX,alphax,XLE/USDT,perpetual,58.62212294,251783.85808176,0.0,1.0,1.0,0,2026-07-29T20:33:17.000Z
State Street Energy Select Sector SPDR ETF,state-street-energy-select-sector-spdr-etf-derivatives,Grvt,grvt,XLE/USDT,perpetual,58.50533918,192330.32167576,0.0,1.0,1.0,0,2026-07-29T11:03:16.000Z
State Street Energy Select Sector SPDR ETF,state-street-energy-select-sector-spdr-etf-derivatives,Flipster,flipster,XLE/USDT,perpetual,58.64209981,871.76116994,0.0,1.0,1.0,0,2026-07-29T20:33:17.000Z
State Street Energy Select Sector SPDR ETF,state-street-energy-select-sector-spdr-etf-derivatives,idax exchange,idax-exchange,XLE/USDT,perpetual,58.60214607,212347.01879381,0.0,1.0,1.0,0,2026-07-29T20:33:17.000Z
State Street Energy Select Sector SPDR ETF,state-street-energy-select-sector-spdr-etf-derivatives,WHXEX,whxex,XLE/USDT,perpetual,58.5843688,212335.288315,0.0,1.0,1.0,0,2026-07-29T20:30:16.000Z
State Street Energy Select Sector SPDR ETF,state-street-energy-select-sector-spdr-etf-derivatives,BitxEX,xex,XLE/USDT,perpetual,58.56304192,24535.10226097,0.0,1.0,1.0,0,2026-07-29T20:33:15.000Z
State Street Energy Select Sector SPDR ETF,state-street-energy-select-sector-spdr-etf-derivatives,Bitbase,bitbase-com,XLE/USDT,perpetual,58.62212294,92172.20415174,0.0,1.0,1.0,0,2026-07-29T20:33:17.000Z
Lumentum Holdings,lumentum-holdings-derivatives,Websea,websea,LITE/USDT,perpetual,594.86122533,11060468.48516768,0.0,1.0,1.0,0,2026-07-29T20:33:16.000Z
Lumentum Holdings,lumentum-holdings-derivatives,Grvt,grvt,LITE/USDT,perpetual,660.65983067,333886.41994434,0.0,1.0,1.0,0,2026-07-29T11:03:16.000Z
Lumentum Holdings,lumentum-holdings-derivatives,AlphaX,alphax,LITE/USDT,perpetual,596.19967558,47688.61562374,0.0,1.0,1.0,0,2026-07-29T20:33:17.000Z
Lumentum Holdings,lumentum-holdings-derivatives,MemeMax,mememax,LITE/USDC,perpetual,596.68379387,2431.27844054,0.0,1.0,1.0,0,2026-07-29T20:33:16.000Z
Lumentum Holdings,lumentum-holdings-derivatives,Orderly,orderly-network-evm,LITE/USDC,perpetual,647.10972243,2430.88689548,0.0,1.0,1.0,0,2026-07-29T20:33:15.000Z
Lumentum Holdings,lumentum-holdings-derivatives,Flipster,flipster,LITE/USDT,perpetual,593.42289074,1241.64748,0.0,1.0,1.0,0,2026-07-29T20:33:17.000Z
Lumentum Holdings,lumentum-holdings-derivatives,Extended,extended,LITE/USD,perpetual,780.36799265,0.0,0.0,1.0,1.0,0,2026-07-29T20:33:16.000Z
Lumentum Holdings,lumentum-holdings-derivatives,idax exchange,idax-exchange,LITE/USDT,perpetual,596.16971027,3503254.67061835,0.0,1.0,1.0,0,2026-07-29T20:33:17.000Z
Lumentum Holdings,lumentum-holdings-derivatives,B2Z Exchange,b2z-exchange,LITE/USD,perpetual,596.83798296,917283.77149085,0.0,1.0,1.0,0,2026-07-29T20:33:15.000Z
Lumentum Holdings,lumentum-holdings-derivatives,KTX,ktx,LITE/USDT,perpetual,593.94228935,150384315.450793,0.0,1.0,1.0,0,2026-07-29T20:33:15.000Z
Lumentum Holdings,lumentum-holdings-derivatives,Cofinex,cofinex,LITE/USDT,perpetual,595.64725603,9824663.67433804,0.0,1.0,1.0,0,2026-07-29T20:33:17.000Z
Lumentum Holdings,lumentum-holdings-derivatives,WHXEX,whxex,LITE/USDT,perpetual,593.94461263,3500157.66510312,0.0,1.0,1.0,0,2026-07-29T20:30:16.000Z
Lumentum Holdings,lumentum-holdings-derivatives,Bitbase,bitbase-com,LITE/USDT,perpetual,596.19967558,937192.6065441,0.0,1.0,1.0,0,2026-07-29T20:33:17.000Z
Lumentum Holdings,lumentum-holdings-derivatives,MEXC,mexc,LITESTOCK/USDT,perpetual,596.1197681,259868.41440984,1.0,0.0,1.0,0,2026-07-29T20:33:16.000Z
Roundhill Memory ETF,roundhill-memory-etf-derivatives,Hibt,hibt,DRAM/USDT,perpetual,43.89228741,152197655.8048456,0.0,1.0,1.0,0,2026-07-29T20:27:17.000Z
Roundhill Memory ETF,roundhill-memory-etf-derivatives,Websea,websea,DRAM/USDT,perpetual,43.97907775,129150883.45055082,0.0,1.0,1.0,0,2026-07-29T20:33:16.000Z
Roundhill Memory ETF,roundhill-memory-etf-derivatives,AlphaX,alphax,DRAM/USDT,perpetual,43.94911244,1067988.67550624,0.0,1.0,1.0,0,2026-07-29T20:33:17.000Z
Roundhill Memory ETF,roundhill-memory-etf-derivatives,Flipster,flipster,DRAM/USDT,perpetual,43.99905461,698165.21377597,0.0,1.0,1.0,0,2026-07-29T20:33:17.000Z
Roundhill Memory ETF,roundhill-memory-etf-derivatives,Grvt,grvt,DRAM/USDT,perpetual,47.16786949,250171.04450135,0.0,1.0,1.0,0,2026-07-29T11:03:16.000Z
Roundhill Memory ETF,roundhill-memory-etf-derivatives,Aevo,aevo,DRAM/USD,perpetual,44.0320481,6353.19924823,0.0,1.0,1.0,0,2026-07-29T20:33:16.000Z
Roundhill Memory ETF,roundhill-memory-etf-derivatives,MemeMax,mememax,DRAM/USDC,perpetual,44.07141695,4941.73928005,0.0,1.0,1.0,0,2026-07-29T20:33:16.000Z
Roundhill Memory ETF,roundhill-memory-etf-derivatives,Orderly,orderly-network-evm,DRAM/USDC,perpetual,47.39313489,4940.943438,0.0,1.0,1.0,0,2026-07-29T20:33:15.000Z
Roundhill Memory ETF,roundhill-memory-etf-derivatives,Extended,extended,DRAM/USD,perpetual,58.54985966,0.0,0.0,1.0,1.0,0,2026-07-29T20:33:16.000Z
Roundhill Memory ETF,roundhill-memory-etf-derivatives,idax exchange,idax-exchange,DRAM/USDT,perpetual,43.93912401,44840185.02150468,0.0,1.0,1.0,0,2026-07-29T20:33:17.000Z
Roundhill Memory ETF,roundhill-memory-etf-derivatives,B2Z Exchange,b2z-exchange,DRAM/USD,perpetual,44.03067015,2389258.22097665,0.0,1.0,1.0,0,2026-07-29T20:33:15.000Z
Roundhill Memory ETF,roundhill-memory-etf-derivatives,KTX,ktx,DRAM/USDT,perpetual,43.88918183,392350719.45415556,0.0,1.0,1.0,0,2026-07-29T20:33:15.000Z
Roundhill Memory ETF,roundhill-memory-etf-derivatives,Cofinex,cofinex,DRAM/USDT,perpetual,43.9822027,151319784.22259825,0.0,1.0,1.0,0,2026-07-29T20:33:17.000Z
Roundhill Memory ETF,roundhill-memory-etf-derivatives,WHXEX,whxex,DRAM/USDT,perpetual,43.88084094,44856420.41522521,0.0,1.0,1.0,0,2026-07-29T20:30:16.000Z
Roundhill Memory ETF,roundhill-memory-etf-derivatives,Bitbase,bitbase-com,DRAM/USDT,perpetual,43.93912401,11872921.79017286,0.0,1.0,1.0,0,2026-07-29T20:33:17.000Z
Marvell Technology,marvell-technology-derivatives,Websea,websea,MRVL/USDT,perpetual,160.76385563,24164709.84776006,0.0,1.0,1.0,0,2026-07-29T20:33:16.000Z
Marvell Technology,marvell-technology-derivatives,x.me Exchange,voox-exchange,MRVL/USDT,perpetual,160.80868026,3449810.92860068,0.0,1.0,1.0,0,2026-07-29T20:33:18.000Z
Marvell Technology,marvell-technology-derivatives,AlphaX,alphax,MRVL/USDT,perpetual,160.8437631,924605.21036963,0.0,1.0,1.0,0,2026-07-29T20:33:17.000Z
Marvell Technology,marvell-technology-derivatives,Grvt,grvt,MRVL/USDT,perpetual,174.16750794,332689.52117151,0.0,1.0,1.0,0,2026-07-29T11:03:16.000Z
Marvell Technology,marvell-technology-derivatives,Flipster,flipster,MRVL/USDT,perpetual,161.47303448,2634.22929298,0.0,1.0,1.0,0,2026-07-29T20:33:17.000Z
Marvell Technology,marvell-technology-derivatives,MemeMax,mememax,MRVL/USDC,perpetual,160.99864499,1629.91646842,0.0,1.0,1.0,0,2026-07-29T20:33:16.000Z
Marvell Technology,marvell-technology-derivatives,Orderly,orderly-network-evm,MRVL/USDC,perpetual,175.51754111,1629.65397864,0.0,1.0,1.0,0,2026-07-29T20:33:15.000Z
Marvell Technology,marvell-technology-derivatives,Extended,extended,MRVL/USD,perpetual,167.88701792,10.23366268,0.0,1.0,1.0,0,2026-07-29T20:33:16.000Z
Marvell Technology,marvell-technology-derivatives,idax exchange,idax-exchange,MRVL/USDT,perpetual,160.8437631,8349601.31923379,0.0,1.0,1.0,0,2026-07-29T20:33:17.000Z
Marvell Technology,marvell-technology-derivatives,KTX,ktx,MRVL/USDT,perpetual,160.3543298,201974370.06945935,0.0,1.0,1.0,0,2026-07-29T20:33:15.000Z
Marvell Technology,marvell-technology-derivatives,Cofinex,cofinex,MRVL/USDT,perpetual,160.89856214,14969909.68206577,0.0,1.0,1.0,0,2026-07-29T20:33:17.000Z
Marvell Technology,marvell-technology-derivatives,WHXEX,whxex,MRVL/USDT,perpetual,160.37033948,8331560.61389187,0.0,1.0,1.0,0,2026-07-29T20:30:16.000Z
Marvell Technology,marvell-technology-derivatives,Bitbase,bitbase-com,MRVL/USDT,perpetual,160.87372841,4199383.39629203,0.0,1.0,1.0,0,2026-07-29T20:33:17.000Z
Blackstone,blackstone-derivatives,AlphaX,alphax,BX/USDT,perpetual,129.45011301,571264.42336997,0.0,1.0,1.0,0,2026-07-29T20:33:17.000Z
Blackstone,blackstone-derivatives,BITmarkets,bitmarkets,BX/USDT,perpetual,129.55974469,75383.42105128,0.0,1.0,1.0,0,2026-07-29T20:33:16.000Z
Blackstone,blackstone-derivatives,Flipster,flipster,BX/USDT,perpetual,129.30028649,59362.12608571,0.0,1.0,1.0,0,2026-07-29T20:33:17.000Z
Blackstone,blackstone-derivatives,idax exchange,idax-exchange,BX/USDT,perpetual,129.3602171,507955.03180246,0.0,1.0,1.0,0,2026-07-29T20:33:17.000Z
Blackstone,blackstone-derivatives,B2Z Exchange,b2z-exchange,BX/USD,perpetual,129.6730724,75449.35997842,0.0,1.0,1.0,0,2026-07-29T20:33:15.000Z
Blackstone,blackstone-derivatives,WHXEX,whxex,BX/USDT,perpetual,128.74576802,507944.66709731,0.0,1.0,1.0,0,2026-07-29T20:30:16.000Z
Blackstone,blackstone-derivatives,Cofinex,cofinex,BX/USDT,perpetual,129.28011216,94199.95711765,0.0,1.0,1.0,0,2026-07-29T20:33:17.000Z
Blackstone,blackstone-derivatives,Bitbase,bitbase-com,BX/USDT,perpetual,129.44012458,52586.42911271,0.0,1.0,1.0,0,2026-07-29T20:33:17.000Z
Rocket Lab Corp,rocket-lab-corp-derivatives,Websea,websea,RKLB/USDT,perpetual,57.96288625,3150104.49421553,0.0,1.0,1.0,0,2026-07-29T20:33:16.000Z
Rocket Lab Corp,rocket-lab-corp-derivatives,Hibt,hibt,RKLB/USDT,perpetual,58.31660763,2396581.93491493,0.0,1.0,1.0,0,2026-07-29T20:27:17.000Z
Rocket Lab Corp,rocket-lab-corp-derivatives,Grvt,grvt,RKLB/USDT,perpetual,63.19016146,220514.84579493,0.0,1.0,1.0,0,2026-07-29T11:03:16.000Z
Rocket Lab Corp,rocket-lab-corp-derivatives,AlphaX,alphax,RKLB/USDT,perpetual,57.91294408,17401.08904537,0.0,1.0,1.0,0,2026-07-29T20:33:17.000Z
Rocket Lab Corp,rocket-lab-corp-derivatives,Flipster,flipster,RKLB/USDT,perpetual,57.95289782,1071.1252913,0.0,1.0,1.0,0,2026-07-29T20:33:17.000Z
Rocket Lab Corp,rocket-lab-corp-derivatives,Extended,extended,RKLB/USD,perpetual,65.32997003,0.0,0.0,1.0,1.0,0,2026-07-29T20:33:16.000Z
Rocket Lab Corp,rocket-lab-corp-derivatives,idax exchange,idax-exchange,RKLB/USDT,perpetual,57.93292095,1279949.16944734,0.0,1.0,1.0,0,2026-07-29T20:33:17.000Z
Rocket Lab Corp,rocket-lab-corp-derivatives,B2Z Exchange,b2z-exchange,RKLB/USD,perpetual,57.97454867,608547.22850345,0.0,1.0,1.0,0,2026-07-29T20:33:15.000Z
Rocket Lab Corp,rocket-lab-corp-derivatives,KTX,ktx,RKLB/USDT,perpetual,57.84302503,934970402.7468988,0.0,1.0,1.0,0,2026-07-29T20:33:15.000Z
Rocket Lab Corp,rocket-lab-corp-derivatives,Cofinex,cofinex,RKLB/USDT,perpetual,57.9838031,3110901.11760923,0.0,1.0,1.0,0,2026-07-29T20:33:17.000Z
Rocket Lab Corp,rocket-lab-corp-derivatives,WHXEX,whxex,RKLB/USDT,perpetual,57.83520807,1276149.76827719,0.0,1.0,1.0,0,2026-07-29T20:30:16.000Z
Rocket Lab Corp,rocket-lab-corp-derivatives,Bitbase,bitbase-com,RKLB/USDT,perpetual,57.97287468,357745.19694553,0.0,1.0,1.0,0,2026-07-29T20:33:17.000Z
Ishares Msci Brazil ETF,ishares-msci-brazil-etf-derivatives,BITmarkets,bitmarkets,EWZ/USDT,perpetual,35.32358105,695645.09521145,0.0,1.0,1.0,0,2026-07-29T20:33:16.000Z
Ishares Msci Brazil ETF,ishares-msci-brazil-etf-derivatives,Grvt,grvt,EWZ/USDT,perpetual,36.09011277,190407.83063638,0.0,1.0,1.0,0,2026-07-29T11:03:16.000Z
Ishares Msci Brazil ETF,ishares-msci-brazil-etf-derivatives,AlphaX,alphax,EWZ/USDT,perpetual,35.41898925,155212.41709434,0.0,1.0,1.0,0,2026-07-29T20:33:17.000Z
Ishares Msci Brazil ETF,ishares-msci-brazil-etf-derivatives,Flipster,flipster,EWZ/USDT,perpetual,35.55882734,858.89023287,0.0,1.0,1.0,0,2026-07-29T20:33:17.000Z
Ishares Msci Brazil ETF,ishares-msci-brazil-etf-derivatives,B2Z Exchange,b2z-exchange,EWZ/USD,perpetual,35.35447908,695935.3953424,0.0,1.0,1.0,0,2026-07-29T20:33:15.000Z
Ishares Msci Brazil ETF,ishares-msci-brazil-etf-derivatives,idax exchange,idax-exchange,EWZ/USDT,perpetual,35.38902395,156667.9881257,0.0,1.0,1.0,0,2026-07-29T20:33:17.000Z
Ishares Msci Brazil ETF,ishares-msci-brazil-etf-derivatives,WHXEX,whxex,EWZ/USDT,perpetual,35.43030795,156312.49542181,0.0,1.0,1.0,0,2026-07-29T20:30:16.000Z
Ishares Msci Brazil ETF,ishares-msci-brazil-etf-derivatives,BitxEX,xex,EWZ/USDT,perpetual,35.44342356,15064.09337596,0.0,1.0,1.0,0,2026-07-29T20:33:15.000Z
Ishares Msci Brazil ETF,ishares-msci-brazil-etf-derivatives,Bitbase,bitbase-com,EWZ/USDT,perpetual,35.41898925,54179.98936986,0.0,1.0,1.0,0,2026-07-29T20:33:17.000Z
eBay,ebay-derivstives,AlphaX,alphax,EBAY/USDT,perpetual,115.13668616,503672.16162878,0.0,1.0,1.0,0,2026-07-29T20:33:17.000Z
eBay,ebay-derivstives,Flipster,flipster,EBAY/USDT,perpetual,116.09557589,400.33564155,0.0,1.0,1.0,0,2026-07-29T20:33:17.000Z
eBay,ebay-derivstives,idax exchange,idax-exchange,EBAY/USDT,perpetual,115.21659364,379364.41360504,0.0,1.0,1.0,0,2026-07-29T20:33:17.000Z
eBay,ebay-derivstives,WHXEX,whxex,EBAY/USDT,perpetual,115.16098685,379437.19212207,0.0,1.0,1.0,0,2026-07-29T20:30:16.000Z
Zoom,zoom-derivatives,AlphaX,alphax,ZM/USDT,perpetual,92.5728123,394206.65674962,0.0,1.0,1.0,0,2026-07-29T20:33:17.000Z
Zoom,zoom-derivatives,Flipster,flipster,ZM/USDT,perpetual,92.46293952,840.77720149,0.0,1.0,1.0,0,2026-07-29T20:33:17.000Z
Zoom,zoom-derivatives,idax exchange,idax-exchange,ZM/USDT,perpetual,92.48291639,345843.94610084,0.0,1.0,1.0,0,2026-07-29T20:33:17.000Z
Zoom,zoom-derivatives,WHXEX,whxex,ZM/USDT,perpetual,92.39648958,346043.56251174,0.0,1.0,1.0,0,2026-07-29T20:30:16.000Z
Zoom,zoom-derivatives,BitxEX,xex,ZM/USDT,perpetual,92.49844718,38960.12803986,0.0,1.0,1.0,0,2026-07-29T20:33:15.000Z
Pop Mart International Group Limited,pop-mart-international-group-limited-derivatives,Hibt,hibt,POPMART/USDT,perpetual,21.16699068,528419.14969296,0.0,1.0,1.0,0,2026-07-29T20:27:17.000Z
Pop Mart International Group Limited,pop-mart-international-group-limited-derivatives,x.me Exchange,voox-exchange,POPMART/USDT,perpetual,21.13223,136886.76700042,0.0,1.0,1.0,0,2026-07-29T20:33:18.000Z
Pop Mart International Group Limited,pop-mart-international-group-limited-derivatives,Cofinex,cofinex,POPMART/USDT,perpetual,21.17717094,404428.40221041,0.0,1.0,1.0,0,2026-07-29T20:33:17.000Z
Pop Mart International Group Limited,pop-mart-international-group-limited-derivatives,Bitbase,bitbase-com,POPMART/USDT,perpetual,21.12553928,81811.66235928,0.0,1.0,1.0,0,2026-07-29T20:33:17.000Z
MiniMax Group,minimax-group-derivatives,Websea,websea,MINIMAX/USDT,perpetual,26.72905111,1559649.35172813,0.0,1.0,1.0,0,2026-07-29T20:33:16.000Z
MiniMax Group,minimax-group-derivatives,WOO X Pro,wooxpro,MINIMAX/USDT,perpetual,26.72488066,805859.61696453,0.0,1.0,1.0,0,2026-07-29T20:33:16.000Z
MiniMax Group,minimax-group-derivatives,Flipster,flipster,MINIMAX/USDT,perpetual,27.29939073,886.34712323,0.0,1.0,1.0,0,2026-07-29T20:33:17.000Z
MiniMax Group,minimax-group-derivatives,Cofinex,cofinex,MINIMAX/USDT,perpetual,26.7298741,1761875.14809605,0.0,1.0,1.0,0,2026-07-29T20:33:17.000Z
Tencent Holdings Ltd,tencent-holdings-ltd-derivatives,Cofinex,cofinex,TENCENT/USDT,perpetual,60.09103398,206256.23123187,0.0,1.0,1.0,0,2026-07-29T20:33:17.000Z
Tencent Holdings Ltd,tencent-holdings-ltd-derivatives,Bitbase,bitbase-com,TENCENT/USDT,perpetual,59.99053848,227014.35585769,0.0,1.0,1.0,0,2026-07-29T20:33:17.000Z
Direxion Daily Semiconductor ETF,direxion-daily-semiconductor-etf-derivatives,Websea,websea,SOXL/USDT,perpetual,89.62622408,494329280.0035197,0.0,1.0,1.0,0,2026-07-29T20:33:16.000Z
Direxion Daily Semiconductor ETF,direxion-daily-semiconductor-etf-derivatives,Flipster,flipster,SOXL/USDT,perpetual,89.39649008,8833280.3960464,0.0,1.0,1.0,0,2026-07-29T20:33:17.000Z
Direxion Daily Semiconductor ETF,direxion-daily-semiconductor-etf-derivatives,AlphaX,alphax,SOXL/USDT,perpetual,89.66617782,3546184.95473548,0.0,1.0,1.0,0,2026-07-29T20:33:17.000Z
Direxion Daily Semiconductor ETF,direxion-daily-semiconductor-etf-derivatives,Grvt,grvt,SOXL/USDT,perpetual,107.41128773,498832.14031645,0.0,1.0,1.0,0,2026-07-29T11:03:16.000Z
Direxion Daily Semiconductor ETF,direxion-daily-semiconductor-etf-derivatives,MemeMax,mememax,SOXL/USDC,perpetual,89.71252819,31043.4442273,0.0,1.0,1.0,0,2026-07-29T20:33:16.000Z
Direxion Daily Semiconductor ETF,direxion-daily-semiconductor-etf-derivatives,Orderly,orderly-network-evm,SOXL/USDC,perpetual,90.12792748,31038.44483807,0.0,1.0,1.0,0,2026-07-29T20:33:15.000Z
Direxion Daily Semiconductor ETF,direxion-daily-semiconductor-etf-derivatives,Extended,extended,SOXL/USD,perpetual,89.26094833,8635.47751238,0.0,1.0,1.0,0,2026-07-29T20:33:16.000Z
Direxion Daily Semiconductor ETF,direxion-daily-semiconductor-etf-derivatives,idax exchange,idax-exchange,SOXL/USDT,perpetual,89.60624721,174912918.87494656,0.0,1.0,1.0,0,2026-07-29T20:33:17.000Z
Direxion Daily Semiconductor ETF,direxion-daily-semiconductor-etf-derivatives,KTX,ktx,SOXL/USDT,perpetual,89.18673295,659708760.4085258,0.0,1.0,1.0,0,2026-07-29T20:33:15.000Z
Direxion Daily Semiconductor ETF,direxion-daily-semiconductor-etf-derivatives,Cofinex,cofinex,SOXL/USDT,perpetual,89.73208248,505215964.74601394,0.0,1.0,1.0,0,2026-07-29T20:33:17.000Z
Direxion Daily Semiconductor ETF,direxion-daily-semiconductor-etf-derivatives,WHXEX,whxex,SOXL/USDT,perpetual,89.30994739,174790787.81836492,0.0,1.0,1.0,0,2026-07-29T20:30:16.000Z
Direxion Daily Semiconductor ETF,direxion-daily-semiconductor-etf-derivatives,BitxEX,xex,SOXL/USDT,perpetual,89.6422006,3200748.96406409,0.0,1.0,1.0,0,2026-07-29T20:33:15.000Z
Direxion Daily Semiconductor ETF,direxion-daily-semiconductor-etf-derivatives,Bitbase,bitbase-com,SOXL/USDT,perpetual,89.66617782,44871778.73914348,0.0,1.0,1.0,0,2026-07-29T20:33:17.000Z
Global X Defense Tech ETF,global-x-defense-tech-etf-derivatives,AlphaX,alphax,SHLD/USDT,perpetual,62.49763558,27416.92164453,0.0,1.0,1.0,0,2026-07-29T20:33:17.000Z
Western Digital Corp,western-digital-corp-derivatives,Websea,websea,WDC/USDT,perpetual,453.28515266,10184281.77944437,0.0,1.0,1.0,0,2026-07-29T20:33:16.000Z
Western Digital Corp,western-digital-corp-derivatives,Grvt,grvt,WDC/USDT,perpetual,478.52113259,181608.37320437,0.0,1.0,1.0,0,2026-07-29T11:03:16.000Z
Western Digital Corp,western-digital-corp-derivatives,AlphaX,alphax,WDC/USDT,perpetual,453.12533771,32337.82189782,0.0,1.0,1.0,0,2026-07-29T20:33:17.000Z
Western Digital Corp,western-digital-corp-derivatives,MemeMax,mememax,WDC/USDC,perpetual,455.00138699,9350.39454996,0.0,1.0,1.0,0,2026-07-29T20:33:16.000Z
Western Digital Corp,western-digital-corp-derivatives,Orderly,orderly-network-evm,WDC/USDC,perpetual,474.74106077,9348.88871634,0.0,1.0,1.0,0,2026-07-29T20:33:15.000Z
Western Digital Corp,western-digital-corp-derivatives,Flipster,flipster,WDC/USDT,perpetual,451.93671399,1311.60776277,0.0,1.0,1.0,0,2026-07-29T20:33:17.000Z
Western Digital Corp,western-digital-corp-derivatives,Extended,extended,WDC/USD,perpetual,474.86784491,0.0,0.0,1.0,1.0,0,2026-07-29T20:33:16.000Z
Western Digital Corp,western-digital-corp-derivatives,idax exchange,idax-exchange,WDC/USDT,perpetual,453.59479414,3159550.23723021,0.0,1.0,1.0,0,2026-07-29T20:33:17.000Z
Western Digital Corp,western-digital-corp-derivatives,KTX,ktx,WDC/USDT,perpetual,453.73463222,212378844.45658994,0.0,1.0,1.0,0,2026-07-29T20:33:15.000Z
Western Digital Corp,western-digital-corp-derivatives,WHXEX,whxex,WDC/USDT,perpetual,453.65178062,3159632.30063568,0.0,1.0,1.0,0,2026-07-29T20:30:16.000Z
Western Digital Corp,western-digital-corp-derivatives,Cofinex,cofinex,WDC/USDT,perpetual,454.75240688,2372230.07977158,0.0,1.0,1.0,0,2026-07-29T20:33:17.000Z
Western Digital Corp,western-digital-corp-derivatives,BitxEX,xex,WDC/USDT,perpetual,453.56396861,19671.5625105,0.0,1.0,1.0,0,2026-07-29T20:33:15.000Z
Western Digital Corp,western-digital-corp-derivatives,Bitbase,bitbase-com,WDC/USDT,perpetual,453.66471318,1722297.13839736,0.0,1.0,1.0,0,2026-07-29T20:33:17.000Z
Arm Holdings PLC - ADR,arm-holdings-plc-adr-derivatives,Websea,websea,ARM/USDT,perpetual,224.40017275,6685354.39836765,0.0,1.0,1.0,0,2026-07-29T20:33:16.000Z
Arm Holdings PLC - ADR,arm-holdings-plc-adr-derivatives,Grvt,grvt,ARM/USDT,perpetual,243.49089089,179485.76453744,0.0,1.0,1.0,0,2026-07-29T11:03:16.000Z
Arm Holdings PLC - ADR,arm-holdings-plc-adr-derivatives,AlphaX,alphax,ARM/USDT,perpetual,224.05057754,134313.11587307,0.0,1.0,1.0,0,2026-07-29T20:33:17.000Z
Arm Holdings PLC - ADR,arm-holdings-plc-adr-derivatives,Extended,extended,ARM/USD,perpetual,241.27068256,6354.03570437,0.0,1.0,1.0,0,2026-07-29T20:33:16.000Z
Arm Holdings PLC - ADR,arm-holdings-plc-adr-derivatives,Flipster,flipster,ARM/USDT,perpetual,223.99064693,1124.05341118,0.0,1.0,1.0,0,2026-07-29T20:33:17.000Z
Arm Holdings PLC - ADR,arm-holdings-plc-adr-derivatives,idax exchange,idax-exchange,ARM/USDT,perpetual,223.94070476,2195957.89626639,0.0,1.0,1.0,0,2026-07-29T20:33:17.000Z
Arm Holdings PLC - ADR,arm-holdings-plc-adr-derivatives,KTX,ktx,ARM/USDT,perpetual,224.13048502,155063879.61979488,0.0,1.0,1.0,0,2026-07-29T20:33:15.000Z
Arm Holdings PLC - ADR,arm-holdings-plc-adr-derivatives,Cofinex,cofinex,ARM/USDT,perpetual,224.02560648,6723930.15991468,0.0,1.0,1.0,0,2026-07-29T20:33:17.000Z
Arm Holdings PLC - ADR,arm-holdings-plc-adr-derivatives,WHXEX,whxex,ARM/USDT,perpetual,224.08895645,2191559.68807458,0.0,1.0,1.0,0,2026-07-29T20:30:16.000Z
Arm Holdings PLC - ADR,arm-holdings-plc-adr-derivatives,BitxEX,xex,ARM/USDT,perpetual,223.95569835,10093.32533489,0.0,1.0,1.0,0,2026-07-29T20:33:15.000Z
Arm Holdings PLC - ADR,arm-holdings-plc-adr-derivatives,Bitbase,bitbase-com,ARM/USDT,perpetual,223.97067006,527628.41419392,0.0,1.0,1.0,0,2026-07-29T20:33:17.000Z
Coherent,coherent-derivatives,Websea,websea,COHR/USDT,perpetual,219.15624456,2180998.95684146,0.0,1.0,1.0,0,2026-07-29T20:33:16.000Z
Coherent,coherent-derivatives,Grvt,grvt,COHR/USDT,perpetual,244.55970962,176418.77680979,0.0,1.0,1.0,0,2026-07-29T11:03:16.000Z
Coherent,coherent-derivatives,AlphaX,alphax,COHR/USDT,perpetual,218.936499,4061.65091163,0.0,1.0,1.0,0,2026-07-29T20:33:17.000Z
Coherent,coherent-derivatives,Flipster,flipster,COHR/USDT,perpetual,221.03407028,857.20132841,0.0,1.0,1.0,0,2026-07-29T20:33:17.000Z
Coherent,coherent-derivatives,idax exchange,idax-exchange,COHR/USDT,perpetual,218.82662622,811234.64206398,0.0,1.0,1.0,0,2026-07-29T20:33:17.000Z
Coherent,coherent-derivatives,KTX,ktx,COHR/USDT,perpetual,218.07749362,97617438.71708886,0.0,1.0,1.0,0,2026-07-29T20:33:15.000Z
Coherent,coherent-derivatives,Cofinex,cofinex,COHR/USDT,perpetual,218.902339,1012049.27290343,0.0,1.0,1.0,0,2026-07-29T20:33:17.000Z
Coherent,coherent-derivatives,WHXEX,whxex,COHR/USDT,perpetual,217.98579374,811047.67527737,0.0,1.0,1.0,0,2026-07-29T20:30:16.000Z
Coherent,coherent-derivatives,BitxEX,xex,COHR/USDT,perpetual,218.98223401,9961.23248896,0.0,1.0,1.0,0,2026-07-29T20:33:15.000Z
Coherent,coherent-derivatives,Bitbase,bitbase-com,COHR/USDT,perpetual,219.01640648,149978.89146041,0.0,1.0,1.0,0,2026-07-29T20:33:17.000Z
Home Depot Inc,home-depot-inc-derivatives,AlphaX,alphax,HD/USDT,perpetual,338.4081658,1482952.42564595,0.0,1.0,1.0,0,2026-07-29T20:33:17.000Z
Home Depot Inc,home-depot-inc-derivatives,Grvt,grvt,HD/USDT,perpetual,344.84886881,150542.23577948,0.0,1.0,1.0,0,2026-07-29T11:03:16.000Z
Home Depot Inc,home-depot-inc-derivatives,Bitbaby,bitbabyexchange,HD/USDT,perpetual,347.61319921,29515.83674508,0.0,1.0,1.0,0,2026-07-29T20:33:15.000Z
Home Depot Inc,home-depot-inc-derivatives,Flipster,flipster,HD/USDT,perpetual,338.26832772,407.16926907,0.0,1.0,1.0,0,2026-07-29T20:33:17.000Z
Home Depot Inc,home-depot-inc-derivatives,KTX,ktx,HD/USDT,perpetual,338.39817737,9891379.92294601,0.0,1.0,1.0,0,2026-07-29T20:33:15.000Z
Home Depot Inc,home-depot-inc-derivatives,MEXC,mexc,HDSTOCK/USDT,perpetual,338.09852433,93206.31917629,1.0,0.0,1.0,0,2026-07-29T20:33:16.000Z
Uber Technologies Inc,uber-technologies-inc-derivatives,WOO X Pro,wooxpro,UBER/USDT,perpetual,70.73704399,1082781.25568629,0.0,1.0,1.0,0,2026-07-29T20:33:16.000Z
Uber Technologies Inc,uber-technologies-inc-derivatives,FameEX,fameex,UBER/USDT,perpetual,70.78803634,340963.31885486,0.0,1.0,1.0,0,2026-07-29T20:33:19.000Z
Uber Technologies Inc,uber-technologies-inc-derivatives,Grvt,grvt,UBER/USDT,perpetual,70.68188152,308211.36083375,0.0,1.0,1.0,0,2026-07-29T11:03:16.000Z
Uber Technologies Inc,uber-technologies-inc-derivatives,AlphaX,alphax,UBER/USDT,perpetual,70.7480826,303797.12174815,0.0,1.0,1.0,0,2026-07-29T20:33:17.000Z
Uber Technologies Inc,uber-technologies-inc-derivatives,Flipster,flipster,UBER/USDT,perpetual,70.98780503,869.6137364,0.0,1.0,1.0,0,2026-07-29T20:33:17.000Z
Uber Technologies Inc,uber-technologies-inc-derivatives,KTX,ktx,UBER/USDT,perpetual,70.72810573,20255651.18195497,0.0,1.0,1.0,0,2026-07-29T20:33:15.000Z
Walt Disney Co,walt-disney-co-derivatives,AlphaX,alphax,DIS/USDT,perpetual,98.27620848,425594.3925895,0.0,1.0,1.0,0,2026-07-29T20:33:17.000Z
Walt Disney Co,walt-disney-co-derivatives,Grvt,grvt,DIS/USDT,perpetual,98.78082622,131322.9707463,0.0,1.0,1.0,0,2026-07-29T11:03:16.000Z
Walt Disney Co,walt-disney-co-derivatives,Bitbaby,bitbabyexchange,DIS/USDT,perpetual,98.67033666,34894.76456071,0.0,1.0,1.0,0,2026-07-29T20:33:15.000Z
Walt Disney Co,walt-disney-co-derivatives,BitTap,bittap,DIS/USDT,perpetual,98.28084849,19781.99165484,0.0,1.0,1.0,0,2026-07-29T20:33:17.000Z
Walt Disney Co,walt-disney-co-derivatives,Flipster,flipster,DIS/USDT,perpetual,98.50594248,880.34195447,0.0,1.0,1.0,0,2026-07-29T20:33:17.000Z
Walt Disney Co,walt-disney-co-derivatives,KTX,ktx,DIS/USDT,perpetual,98.27620848,33127538.32887736,0.0,1.0,1.0,0,2026-07-29T20:33:15.000Z
"Fluence Energy, Inc. Class A Common Stock",fluence-energy-inc-class-a-common-stock-derivatives,Hibt,hibt,FLNC/USDT,perpetual,11.94701314,945819.29856093,0.0,1.0,1.0,0,2026-07-29T20:27:17.000Z
"Fluence Energy, Inc. Class A Common Stock",fluence-energy-inc-class-a-common-stock-derivatives,Websea,websea,FLNC/USDT,perpetual,11.96614471,715286.88752589,0.0,1.0,1.0,0,2026-07-29T20:33:16.000Z
"Fluence Energy, Inc. Class A Common Stock",fluence-energy-inc-class-a-common-stock-derivatives,Grvt,grvt,FLNC/USDT,perpetual,12.90573642,130170.28241154,0.0,1.0,1.0,0,2026-07-29T11:03:16.000Z
"Fluence Energy, Inc. Class A Common Stock",fluence-energy-inc-class-a-common-stock-derivatives,AlphaX,alphax,FLNC/USDT,perpetual,11.94616784,60779.45581571,0.0,1.0,1.0,0,2026-07-29T20:33:17.000Z
"Fluence Energy, Inc. Class A Common Stock",fluence-energy-inc-class-a-common-stock-derivatives,Flipster,flipster,FLNC/USDT,perpetual,11.96614471,862.86998482,0.0,1.0,1.0,0,2026-07-29T20:33:17.000Z
"Fluence Energy, Inc. Class A Common Stock",fluence-energy-inc-class-a-common-stock-derivatives,idax exchange,idax-exchange,FLNC/USDT,perpetual,11.95615627,500580.49059595,0.0,1.0,1.0,0,2026-07-29T20:33:17.000Z
"Fluence Energy, Inc. Class A Common Stock",fluence-energy-inc-class-a-common-stock-derivatives,KTX,ktx,FLNC/USDT,perpetual,11.94616784,82116597.35201605,0.0,1.0,1.0,0,2026-07-29T20:33:15.000Z
"Fluence Energy, Inc. Class A Common Stock",fluence-energy-inc-class-a-common-stock-derivatives,WHXEX,whxex,FLNC/USDT,perpetual,11.94661638,500425.80826373,0.0,1.0,1.0,0,2026-07-29T20:30:16.000Z
"Fluence Energy, Inc. Class A Common Stock",fluence-energy-inc-class-a-common-stock-derivatives,Cofinex,cofinex,FLNC/USDT,perpetual,11.98025667,416712.88900562,0.0,1.0,1.0,0,2026-07-29T20:33:17.000Z
"Fluence Energy, Inc. Class A Common Stock",fluence-energy-inc-class-a-common-stock-derivatives,Bitbase,bitbase-com,FLNC/USDT,perpetual,11.96614471,68184.82452783,0.0,1.0,1.0,0,2026-07-29T20:33:17.000Z
Corning Inc,corning-inc-derivatives,Websea,websea,GLW/USDT,perpetual,121.57922651,6566645.30860007,0.0,1.0,1.0,0,2026-07-29T20:33:16.000Z
Corning Inc,corning-inc-derivatives,AlphaX,alphax,GLW/USDT,perpetual,121.72905303,554795.82763764,0.0,1.0,1.0,0,2026-07-29T20:33:17.000Z
Corning Inc,corning-inc-derivatives,MemeMax,mememax,GLW/USDC,perpetual,121.59631872,1696.02677322,0.0,1.0,1.0,0,2026-07-29T20:33:16.000Z
Corning Inc,corning-inc-derivatives,Orderly,orderly-network-evm,GLW/USDC,perpetual,121.50676115,1695.75363671,0.0,1.0,1.0,0,2026-07-29T20:33:15.000Z
Corning Inc,corning-inc-derivatives,Flipster,flipster,GLW/USDT,perpetual,122.48817406,1069.33929326,0.0,1.0,1.0,0,2026-07-29T20:33:17.000Z
Corning Inc,corning-inc-derivatives,idax exchange,idax-exchange,GLW/USDT,perpetual,121.56923807,2425223.455513,0.0,1.0,1.0,0,2026-07-29T20:33:17.000Z
Corning Inc,corning-inc-derivatives,KTX,ktx,GLW/USDT,perpetual,121.91883329,134009477.92781734,0.0,1.0,1.0,0,2026-07-29T20:33:15.000Z
Corning Inc,corning-inc-derivatives,Cofinex,cofinex,GLW/USDT,perpetual,121.58023062,4958684.57792795,0.0,1.0,1.0,0,2026-07-29T20:33:17.000Z
Corning Inc,corning-inc-derivatives,WHXEX,whxex,GLW/USDT,perpetual,122.09322077,2419416.60334033,0.0,1.0,1.0,0,2026-07-29T20:30:16.000Z
Corning Inc,corning-inc-derivatives,BitxEX,xex,GLW/USDT,perpetual,121.52030936,5266.20885036,0.0,1.0,1.0,0,2026-07-29T20:33:15.000Z
Corning Inc,corning-inc-derivatives,Bitbase,bitbase-com,GLW/USDT,perpetual,121.5192959,1189193.14074211,0.0,1.0,1.0,0,2026-07-29T20:33:17.000Z
JPmorgan Chase & Co,jpmorgan-chase-co-derivatives,Websea,websea,JPM/USDT,perpetual,344.74083337,2740870.23614285,0.0,1.0,1.0,0,2026-07-29T20:33:16.000Z
JPmorgan Chase & Co,jpmorgan-chase-co-derivatives,WOO X Pro,wooxpro,JPM/USDT,perpetual,344.73697887,1034668.86174117,0.0,1.0,1.0,0,2026-07-29T20:33:16.000Z
JPmorgan Chase & Co,jpmorgan-chase-co-derivatives,FameEX,fameex,JPM/USDT,perpetual,344.78078711,668161.03075551,0.0,1.0,1.0,0,2026-07-29T20:33:19.000Z
JPmorgan Chase & Co,jpmorgan-chase-co-derivatives,Grvt,grvt,JPM/USDT,perpetual,357.63473771,134156.32039361,0.0,1.0,1.0,0,2026-07-29T11:03:16.000Z
JPmorgan Chase & Co,jpmorgan-chase-co-derivatives,Bitbaby,bitbabyexchange,JPM/USDT,perpetual,341.46128348,61657.66395883,0.0,1.0,1.0,0,2026-07-29T20:33:15.000Z
JPmorgan Chase & Co,jpmorgan-chase-co-derivatives,SunX,sunx,JPM/USDT,perpetual,358.73139606,29042.33486604,0.0,1.0,1.0,0,2026-07-28T10:09:21.000Z
JPmorgan Chase & Co,jpmorgan-chase-co-derivatives,Flipster,flipster,JPM/USDT,perpetual,345.45001223,24988.4389568,0.0,1.0,1.0,0,2026-07-29T20:33:17.000Z
JPmorgan Chase & Co,jpmorgan-chase-co-derivatives,AlphaX,alphax,JPM/USDT,perpetual,344.7508218,2160.07620746,0.0,1.0,1.0,0,2026-07-29T20:33:17.000Z
JPmorgan Chase & Co,jpmorgan-chase-co-derivatives,KTX,ktx,JPM/USDT,perpetual,344.65093746,7395631.8252205,0.0,1.0,1.0,0,2026-07-29T20:33:15.000Z
JPmorgan Chase & Co,jpmorgan-chase-co-derivatives,Cofinex,cofinex,JPM/USDT,perpetual,345.41608645,19595.8869163,0.0,1.0,1.0,0,2026-07-29T20:33:17.000Z
JPmorgan Chase & Co,jpmorgan-chase-co-derivatives,Bitbase,bitbase-com,JPM/USDT,perpetual,344.84071771,60488.67250629,0.0,1.0,1.0,0,2026-07-29T20:33:17.000Z
JPmorgan Chase & Co,jpmorgan-chase-co-derivatives,HyperPay Futures,hyperpay-futures,JPM/USDT,perpetual,344.77692638,24592.98840242,0.0,1.0,1.0,0,2026-07-29T20:33:17.000Z
JPmorgan Chase & Co,jpmorgan-chase-co-derivatives,Ulink,ulink,JPM/USDT,perpetual,344.83072928,15036.23594526,0.0,1.0,1.0,0,2026-07-29T20:33:17.000Z
Visa Inc,visa-inc-derivatives,AlphaX,alphax,V/USDT,perpetual,369.17254451,1577380.69925232,0.0,1.0,1.0,0,2026-07-29T20:33:17.000Z
Visa Inc,visa-inc-derivatives,Grvt,grvt,V/USDT,perpetual,359.08313692,215677.15966482,0.0,1.0,1.0,0,2026-07-29T11:03:16.000Z
Visa Inc,visa-inc-derivatives,Bitbaby,bitbabyexchange,V/USDT,perpetual,364.40113807,33856.50973819,0.0,1.0,1.0,0,2026-07-29T20:33:15.000Z
Visa Inc,visa-inc-derivatives,Flipster,flipster,V/USDT,perpetual,368.8229493,857.9312912,0.0,1.0,1.0,0,2026-07-29T20:33:17.000Z
Visa Inc,visa-inc-derivatives,KTX,ktx,V/USDT,perpetual,368.8229493,20569128.36520638,0.0,1.0,1.0,0,2026-07-29T20:33:15.000Z
Visa Inc,visa-inc-derivatives,Cofinex,cofinex,V/USDT,perpetual,369.35462866,55232.07456805,0.0,1.0,1.0,0,2026-07-29T20:33:17.000Z
Walmart Inc,walmart-inc-derivatives,AlphaX,alphax,WMT/USDT,perpetual,114.22773861,491408.10666575,0.0,1.0,1.0,0,2026-07-29T20:33:17.000Z
Walmart Inc,walmart-inc-derivatives,Grvt,grvt,WMT/USDT,perpetual,113.55449818,243900.71594517,0.0,1.0,1.0,0,2026-07-29T11:03:16.000Z
Walmart Inc,walmart-inc-derivatives,Bitbaby,bitbabyexchange,WMT/USDT,perpetual,116.28718624,52662.97803468,0.0,1.0,1.0,0,2026-07-29T20:33:15.000Z
Walmart Inc,walmart-inc-derivatives,Flipster,flipster,WMT/USDT,perpetual,114.167808,901.55761539,0.0,1.0,1.0,0,2026-07-29T20:33:17.000Z
Walmart Inc,walmart-inc-derivatives,KTX,ktx,WMT/USDT,perpetual,114.25770391,10655247.35919152,0.0,1.0,1.0,0,2026-07-29T20:33:15.000Z
Walmart Inc,walmart-inc-derivatives,Cofinex,cofinex,WMT/USDT,perpetual,114.25985038,44789.54965862,0.0,1.0,1.0,0,2026-07-29T20:33:17.000Z
Berkshire Hathaway Inc Class B,berkshire-hathaway-class-b-derivatives,AlphaX,alphax,BRKB/USDT,perpetual,508.42131191,2211735.82880005,0.0,1.0,1.0,0,2026-07-29T20:33:17.000Z
Berkshire Hathaway Inc Class B,berkshire-hathaway-class-b-derivatives,Grvt,grvt,BRKB/USDT,perpetual,511.69446901,215317.32146241,0.0,1.0,1.0,0,2026-07-29T11:03:16.000Z
Berkshire Hathaway Inc Class B,berkshire-hathaway-class-b-derivatives,Bitbaby,bitbabyexchange,BRKB/USDT,perpetual,493.34169644,51139.80025261,0.0,1.0,1.0,0,2026-07-29T20:33:15.000Z
Berkshire Hathaway Inc Class B,berkshire-hathaway-class-b-derivatives,Flipster,flipster,BRKB/USDT,perpetual,508.25150852,397.05494419,0.0,1.0,1.0,0,2026-07-29T20:33:17.000Z
Berkshire Hathaway Inc Class B,berkshire-hathaway-class-b-derivatives,KTX,ktx,BRKB/USDT,perpetual,508.49123095,10613244.9508107,0.0,1.0,1.0,0,2026-07-29T20:33:15.000Z
Berkshire Hathaway Inc Class B,berkshire-hathaway-class-b-derivatives,Cofinex,cofinex,BRKB/USDT,perpetual,508.62161699,35663.10467991,0.0,1.0,1.0,0,2026-07-29T20:33:17.000Z
Nebius Group NV,nebius-group-nv-derivatives,Websea,websea,NBIS/USDT,perpetual,147.19956138,13784144.5000615,0.0,1.0,1.0,0,2026-07-29T20:33:16.000Z
Nebius Group NV,nebius-group-nv-derivatives,Grvt,grvt,NBIS/USDT,perpetual,171.92998088,209800.87081115,0.0,1.0,1.0,0,2026-07-29T11:03:16.000Z
Nebius Group NV,nebius-group-nv-derivatives,AlphaX,alphax,NBIS/USDT,perpetual,147.13963077,150496.41061276,0.0,1.0,1.0,0,2026-07-29T20:33:17.000Z
Nebius Group NV,nebius-group-nv-derivatives,Extended,extended,NBIS/USD,perpetual,152.77008305,15427.59858776,0.0,1.0,1.0,0,2026-07-29T20:33:16.000Z
Nebius Group NV,nebius-group-nv-derivatives,MemeMax,mememax,NBIS/USDC,perpetual,147.13134569,13706.94692708,0.0,1.0,1.0,0,2026-07-29T20:33:16.000Z
Nebius Group NV,nebius-group-nv-derivatives,Orderly,orderly-network-evm,NBIS/USDC,perpetual,145.81810982,13704.7394928,0.0,1.0,1.0,0,2026-07-29T20:33:15.000Z
Nebius Group NV,nebius-group-nv-derivatives,Flipster,flipster,NBIS/USDT,perpetual,148.98749118,1759.37122885,0.0,1.0,1.0,0,2026-07-29T20:33:17.000Z
Nebius Group NV,nebius-group-nv-derivatives,idax exchange,idax-exchange,NBIS/USDT,perpetual,147.10966546,4693539.10747647,0.0,1.0,1.0,0,2026-07-29T20:33:17.000Z
Nebius Group NV,nebius-group-nv-derivatives,KTX,ktx,NBIS/USDT,perpetual,146.01093765,283373404.8459107,0.0,1.0,1.0,0,2026-07-29T20:33:15.000Z
Nebius Group NV,nebius-group-nv-derivatives,Cofinex,cofinex,NBIS/USDT,perpetual,147.17659427,7893418.72700757,0.0,1.0,1.0,0,2026-07-29T20:33:17.000Z
Nebius Group NV,nebius-group-nv-derivatives,WHXEX,whxex,NBIS/USDT,perpetual,146.14627449,4691987.4924638,0.0,1.0,1.0,0,2026-07-29T20:30:16.000Z
Nebius Group NV,nebius-group-nv-derivatives,BitxEX,xex,NBIS/USDT,perpetual,147.2065549,6940.51682126,0.0,1.0,1.0,0,2026-07-29T20:33:15.000Z
Nebius Group NV,nebius-group-nv-derivatives,Bitbase,bitbase-com,NBIS/USDT,perpetual,147.19956138,1174237.06629989,0.0,1.0,1.0,0,2026-07-29T20:33:17.000Z
GE Vernova Inc,ge-vernova-inc-derivatives,AlphaX,alphax,GEV/USDT,perpetual,894.76397558,37861.98756865,0.0,1.0,1.0,0,2026-07-29T20:33:17.000Z
GE Vernova Inc,ge-vernova-inc-derivatives,Flipster,flipster,GEV/USDT,perpetual,906.52036315,395.8204322,0.0,1.0,1.0,0,2026-07-29T20:33:17.000Z
GE Vernova Inc,ge-vernova-inc-derivatives,Cofinex,cofinex,GEV/USDT,perpetual,896.98127102,133223.12631471,0.0,1.0,1.0,0,2026-07-29T20:33:17.000Z
iShares MSCI Taiwan ETF,ishares-msci-taiwan-etf-derivatives,AlphaX,alphax,EWT/USDT,perpetual,89.36652478,393887.27525332,0.0,1.0,1.0,0,2026-07-29T20:33:17.000Z
iShares MSCI Taiwan ETF,ishares-msci-taiwan-etf-derivatives,Grvt,grvt,EWT/USDT,perpetual,91.13927176,190103.13259238,0.0,1.0,1.0,0,2026-07-29T11:03:16.000Z
iShares MSCI Taiwan ETF,ishares-msci-taiwan-etf-derivatives,Flipster,flipster,EWT/USDT,perpetual,92.51288169,873.77176992,0.0,1.0,1.0,0,2026-07-29T20:33:17.000Z
iShares MSCI Taiwan ETF,ishares-msci-taiwan-etf-derivatives,Cofinex,cofinex,EWT/USDT,perpetual,89.51237121,537712.72647449,0.0,1.0,1.0,0,2026-07-29T20:33:17.000Z
Futu Holdings,futu-holdings-derivatives,Cofinex,cofinex,FUTU/USDT,perpetual,101.28689822,538767.8343503,0.0,1.0,1.0,0,2026-07-29T20:33:17.000Z
Bloom Energy Corp,bloom-energy-corp-derivatives,Websea,websea,BE/USDT,perpetual,159.70508155,8144356.95645542,0.0,1.0,1.0,0,2026-07-29T20:33:16.000Z
Bloom Energy Corp,bloom-energy-corp-derivatives,Grvt,grvt,BE/USDT,perpetual,179.40172302,207684.84926405,0.0,1.0,1.0,0,2026-07-29T11:03:16.000Z
Bloom Energy Corp,bloom-energy-corp-derivatives,AlphaX,alphax,BE/USDT,perpetual,159.99474616,50676.60809584,0.0,1.0,1.0,0,2026-07-29T20:33:17.000Z
Bloom Energy Corp,bloom-energy-corp-derivatives,Flipster,flipster,BE/USDT,perpetual,159.2855673,1343.92762043,0.0,1.0,1.0,0,2026-07-29T20:33:17.000Z
Bloom Energy Corp,bloom-energy-corp-derivatives,idax exchange,idax-exchange,BE/USDT,perpetual,160.02471146,2753026.17109529,0.0,1.0,1.0,0,2026-07-29T20:33:17.000Z
Bloom Energy Corp,bloom-energy-corp-derivatives,KTX,ktx,BE/USDT,perpetual,159.46535912,289964802.45395356,0.0,1.0,1.0,0,2026-07-29T20:33:15.000Z
Bloom Energy Corp,bloom-energy-corp-derivatives,Cofinex,cofinex,BE/USDT,perpetual,160.37924458,9724084.35767866,0.0,1.0,1.0,0,2026-07-29T20:33:17.000Z
Bloom Energy Corp,bloom-energy-corp-derivatives,WHXEX,whxex,BE/USDT,perpetual,159.47134661,2760283.67499826,0.0,1.0,1.0,0,2026-07-29T20:30:16.000Z
Bloom Energy Corp,bloom-energy-corp-derivatives,BitxEX,xex,BE/USDT,perpetual,160.06965142,7587.04179854,0.0,1.0,1.0,0,2026-07-29T20:33:15.000Z
Bloom Energy Corp,bloom-energy-corp-derivatives,Bitbase,bitbase-com,BE/USDT,perpetual,160.10461894,1471192.91668195,0.0,1.0,1.0,0,2026-07-29T20:33:17.000Z
CrowdStrike Holdings Inc,crowdstrike-holdings-inc-derivatives,AlphaX,alphax,CRWD/USDT,perpetual,181.6296956,245450.1529177,0.0,1.0,1.0,0,2026-07-29T20:33:17.000Z
CrowdStrike Holdings Inc,crowdstrike-holdings-inc-derivatives,Grvt,grvt,CRWD/USDT,perpetual,183.36734017,204827.15871859,0.0,1.0,1.0,0,2026-07-29T11:03:16.000Z
CrowdStrike Holdings Inc,crowdstrike-holdings-inc-derivatives,Flipster,flipster,CRWD/USDT,perpetual,182.17905951,917.57035265,0.0,1.0,1.0,0,2026-07-29T20:33:17.000Z
CrowdStrike Holdings Inc,crowdstrike-holdings-inc-derivatives,idax exchange,idax-exchange,CRWD/USDT,perpetual,181.30007726,592388.01899646,0.0,1.0,1.0,0,2026-07-29T20:33:17.000Z
CrowdStrike Holdings Inc,crowdstrike-holdings-inc-derivatives,Cofinex,cofinex,CRWD/USDT,perpetual,181.00214389,518261.32418999,0.0,1.0,1.0,0,2026-07-29T20:33:17.000Z
CrowdStrike Holdings Inc,crowdstrike-holdings-inc-derivatives,Bitbase,bitbase-com,CRWD/USDT,perpetual,180.98044735,35095.35418301,0.0,1.0,1.0,0,2026-07-29T20:33:17.000Z
Applied Optoelectronics Inc,applied-optoelectronics-inc-derivatives,FameEX,fameex,AAOI/USDT,perpetual,74.89328297,18284206.44691585,0.0,1.0,1.0,0,2026-07-29T20:33:19.000Z
Applied Optoelectronics Inc,applied-optoelectronics-inc-derivatives,Websea,websea,AAOI/USDT,perpetual,74.86331767,4119794.84444969,0.0,1.0,1.0,0,2026-07-29T20:33:16.000Z
Applied Optoelectronics Inc,applied-optoelectronics-inc-derivatives,SunX,sunx,AAOI/USDT,perpetual,74.8861062,748175.58994526,0.0,1.0,1.0,0,2026-07-29T20:30:18.000Z
Applied Optoelectronics Inc,applied-optoelectronics-inc-derivatives,AlphaX,alphax,AAOI/USDT,perpetual,74.88329454,382844.45365527,0.0,1.0,1.0,0,2026-07-29T20:33:17.000Z
Applied Optoelectronics Inc,applied-optoelectronics-inc-derivatives,Grvt,grvt,AAOI/USDT,perpetual,88.64203174,195298.71966599,0.0,1.0,1.0,0,2026-07-29T11:03:16.000Z
Applied Optoelectronics Inc,applied-optoelectronics-inc-derivatives,MemeMax,mememax,AAOI/USDC,perpetual,74.96540024,5321.57327613,0.0,1.0,1.0,0,2026-07-29T20:33:16.000Z
Applied Optoelectronics Inc,applied-optoelectronics-inc-derivatives,Orderly,orderly-network-evm,AAOI/USDC,perpetual,74.30355867,5320.71626375,0.0,1.0,1.0,0,2026-07-29T20:33:15.000Z
Applied Optoelectronics Inc,applied-optoelectronics-inc-derivatives,Extended,extended,AAOI/USD,perpetual,88.68168259,3004.53540612,0.0,1.0,1.0,0,2026-07-29T20:33:16.000Z
Applied Optoelectronics Inc,applied-optoelectronics-inc-derivatives,Flipster,flipster,AAOI/USDT,perpetual,74.71349115,1139.83957877,0.0,1.0,1.0,0,2026-07-29T20:33:17.000Z
Applied Optoelectronics Inc,applied-optoelectronics-inc-derivatives,idax exchange,idax-exchange,AAOI/USDT,perpetual,74.91325984,1479779.32120279,0.0,1.0,1.0,0,2026-07-29T20:33:17.000Z
Applied Optoelectronics Inc,applied-optoelectronics-inc-derivatives,KTX,ktx,AAOI/USDT,perpetual,74.90327141,250828476.47290015,0.0,1.0,1.0,0,2026-07-29T20:33:15.000Z
Applied Optoelectronics Inc,applied-optoelectronics-inc-derivatives,Cofinex,cofinex,AAOI/USDT,perpetual,74.96149261,4628318.38990544,0.0,1.0,1.0,0,2026-07-29T20:33:17.000Z
Applied Optoelectronics Inc,applied-optoelectronics-inc-derivatives,WHXEX,whxex,AAOI/USDT,perpetual,74.90608382,1470632.87173102,0.0,1.0,1.0,0,2026-07-29T20:30:16.000Z
Applied Optoelectronics Inc,applied-optoelectronics-inc-derivatives,HyperPay Futures,hyperpay-futures,AAOI/USDT,perpetual,74.92154511,700673.8118419,0.0,1.0,1.0,0,2026-07-29T20:33:17.000Z
Applied Optoelectronics Inc,applied-optoelectronics-inc-derivatives,Ulink,ulink,AAOI/USDT,perpetual,74.93323671,428394.32881464,0.0,1.0,1.0,0,2026-07-29T20:33:17.000Z
Applied Optoelectronics Inc,applied-optoelectronics-inc-derivatives,Bitbase,bitbase-com,AAOI/USDT,perpetual,74.93323671,297154.36612574,0.0,1.0,1.0,0,2026-07-29T20:33:17.000Z
Infleqtion Inc,infleqtion-inc-derivatives,Flipster,flipster,INFQ/USDT,perpetual,9.05951022,843.74125349,0.0,1.0,1.0,0,2026-07-29T20:33:17.000Z
Infleqtion Inc,infleqtion-inc-derivatives,AlphaX,alphax,INFQ/USDT,perpetual,8.71990345,395.1347835,0.0,1.0,1.0,0,2026-07-29T20:33:17.000Z
Infleqtion Inc,infleqtion-inc-derivatives,Cofinex,cofinex,INFQ/USDT,perpetual,8.79843791,444605.72801269,0.0,1.0,1.0,0,2026-07-29T20:33:17.000Z
Nokia Oyj,nokia-oyj-derivatives,Websea,websea,NOK/USDT,perpetual,8.31037763,2001765.00726793,0.0,1.0,1.0,0,2026-07-29T20:33:16.000Z
Nokia Oyj,nokia-oyj-derivatives,Grvt,grvt,NOK/USDT,perpetual,8.94011927,180431.17226125,0.0,1.0,1.0,0,2026-07-29T11:03:16.000Z
Nokia Oyj,nokia-oyj-derivatives,AlphaX,alphax,NOK/USDT,perpetual,8.30038919,49320.49954939,0.0,1.0,1.0,0,2026-07-29T20:33:17.000Z
Nokia Oyj,nokia-oyj-derivatives,SunX,sunx,NOK/USDT,perpetual,9.12985537,34532.57844877,0.0,1.0,1.0,0,2026-07-28T10:09:21.000Z
Nokia Oyj,nokia-oyj-derivatives,Flipster,flipster,NOK/USDT,perpetual,8.34034293,957.55928648,0.0,1.0,1.0,0,2026-07-29T20:33:17.000Z
Nokia Oyj,nokia-oyj-derivatives,Extended,extended,NOK/USD,perpetual,8.99212512,0.0,0.0,1.0,1.0,0,2026-07-29T20:33:16.000Z
Nokia Oyj,nokia-oyj-derivatives,idax exchange,idax-exchange,NOK/USDT,perpetual,8.31037763,1430754.81542974,0.0,1.0,1.0,0,2026-07-29T20:33:17.000Z
Nokia Oyj,nokia-oyj-derivatives,KTX,ktx,NOK/USDT,perpetual,8.30038919,60273319.72170078,0.0,1.0,1.0,0,2026-07-29T20:33:15.000Z
Nokia Oyj,nokia-oyj-derivatives,WHXEX,whxex,NOK/USDT,perpetual,8.30070085,1427993.14039178,0.0,1.0,1.0,0,2026-07-29T20:30:16.000Z
Nokia Oyj,nokia-oyj-derivatives,Bitbase,bitbase-com,NOK/USDT,perpetual,8.32036606,232231.92956195,0.0,1.0,1.0,0,2026-07-29T20:33:17.000Z
Nokia Oyj,nokia-oyj-derivatives,HyperPay Futures,hyperpay-futures,NOK/USDT,perpetual,8.30908098,30257.3050567,0.0,1.0,1.0,0,2026-07-29T20:33:17.000Z
Nokia Oyj,nokia-oyj-derivatives,Ulink,ulink,NOK/USDT,perpetual,8.31037763,18499.41823467,0.0,1.0,1.0,0,2026-07-29T20:33:17.000Z
Applied Materials Inc,applied-materials-inc-derivatives,Websea,websea,AMAT/USDT,perpetual,442.3677936,4141840.88789733,0.0,1.0,1.0,0,2026-07-29T20:33:16.000Z
Applied Materials Inc,applied-materials-inc-derivatives,AlphaX,alphax,AMAT/USDT,perpetual,441.21912361,2003237.95577836,0.0,1.0,1.0,0,2026-07-29T20:33:17.000Z
Applied Materials Inc,applied-materials-inc-derivatives,Grvt,grvt,AMAT/USDT,perpetual,464.42670992,185626.87960194,0.0,1.0,1.0,0,2026-07-29T11:03:16.000Z
Applied Materials Inc,applied-materials-inc-derivatives,Flipster,flipster,AMAT/USDT,perpetual,442.33782829,927.04372767,0.0,1.0,1.0,0,2026-07-29T20:33:17.000Z
Applied Materials Inc,applied-materials-inc-derivatives,idax exchange,idax-exchange,AMAT/USDT,perpetual,441.46883448,1492381.15985469,0.0,1.0,1.0,0,2026-07-29T20:33:17.000Z
Applied Materials Inc,applied-materials-inc-derivatives,KTX,ktx,AMAT/USDT,perpetual,442.63748133,122459818.24997564,0.0,1.0,1.0,0,2026-07-29T20:33:15.000Z
Applied Materials Inc,applied-materials-inc-derivatives,WHXEX,whxex,AMAT/USDT,perpetual,442.52424663,1492097.05282619,0.0,1.0,1.0,0,2026-07-29T20:30:16.000Z
Applied Materials Inc,applied-materials-inc-derivatives,Cofinex,cofinex,AMAT/USDT,perpetual,441.19022902,847253.06388407,0.0,1.0,1.0,0,2026-07-29T20:33:17.000Z
Applied Materials Inc,applied-materials-inc-derivatives,Bitbase,bitbase-com,AMAT/USDT,perpetual,441.26906578,222394.79752666,0.0,1.0,1.0,0,2026-07-29T20:33:17.000Z
Dell Technologies,dell-technologies-derivatives,Websea,websea,DELL/USDT,perpetual,366.10609507,4548064.63176776,0.0,1.0,1.0,0,2026-07-29T20:33:16.000Z
Dell Technologies,dell-technologies-derivatives,AlphaX,alphax,DELL/USDT,perpetual,365.44685839,1677722.06464027,0.0,1.0,1.0,0,2026-07-29T20:33:17.000Z
Dell Technologies,dell-technologies-derivatives,Bitbaby,bitbabyexchange,DELL/USDT,perpetual,378.38276472,924771.26081235,0.0,1.0,1.0,0,2026-07-29T20:33:15.000Z
Dell Technologies,dell-technologies-derivatives,Grvt,grvt,DELL/USDT,perpetual,390.17876965,188319.52056222,0.0,1.0,1.0,0,2026-07-29T11:03:16.000Z
Dell Technologies,dell-technologies-derivatives,Extended,extended,DELL/USD,perpetual,388.09803939,6007.76748834,0.0,1.0,1.0,0,2026-07-29T20:33:16.000Z
Dell Technologies,dell-technologies-derivatives,Flipster,flipster,DELL/USDT,perpetual,366.13606038,810.57307807,0.0,1.0,1.0,0,2026-07-29T20:33:17.000Z
Dell Technologies,dell-technologies-derivatives,MemeMax,mememax,DELL/USDC,perpetual,365.94873028,732.21825809,0.0,1.0,1.0,0,2026-07-29T20:33:16.000Z
Dell Technologies,dell-technologies-derivatives,Orderly,orderly-network-evm,DELL/USDC,perpetual,389.31146137,732.10033805,0.0,1.0,1.0,0,2026-07-29T20:33:15.000Z
Dell Technologies,dell-technologies-derivatives,KTX,ktx,DELL/USDT,perpetual,365.12722848,93356812.67110154,0.0,1.0,1.0,0,2026-07-29T20:33:15.000Z
Dell Technologies,dell-technologies-derivatives,Cofinex,cofinex,DELL/USDT,perpetual,365.56960258,1140842.13365921,0.0,1.0,1.0,0,2026-07-29T20:33:17.000Z
Dell Technologies,dell-technologies-derivatives,Bitbase,bitbase-com,DELL/USDT,perpetual,365.45684682,286208.92667139,0.0,1.0,1.0,0,2026-07-29T20:33:17.000Z
Vertiv Holdings Co,vertv-holdings-co-derivatives,AlphaX,alphax,VRT/USDT,perpetual,220.94417437,10769.94275751,0.0,1.0,1.0,0,2026-07-29T20:33:17.000Z
Vertiv Holdings Co,vertv-holdings-co-derivatives,Flipster,flipster,VRT/USDT,perpetual,223.04174564,672.31257239,0.0,1.0,1.0,0,2026-07-29T20:33:17.000Z
Vertiv Holdings Co,vertv-holdings-co-derivatives,Cofinex,cofinex,VRT/USDT,perpetual,220.55017357,1551113.2650708,0.0,1.0,1.0,0,2026-07-29T20:33:17.000Z
Quantinuum Inc,quantinuum-inc-derivatives,AlphaX,alphax,QNTX/USDT,perpetual,47.24529587,214147.93675676,0.0,1.0,1.0,0,2026-07-29T20:33:17.000Z
Quantinuum Inc,quantinuum-inc-derivatives,Grvt,grvt,QNTX/USDT,perpetual,50.294414,169076.59547841,0.0,1.0,1.0,0,2026-07-29T11:03:16.000Z
Quantinuum Inc,quantinuum-inc-derivatives,Flipster,flipster,QNTX/USDT,perpetual,47.54494891,927.13743118,0.0,1.0,1.0,0,2026-07-29T20:33:17.000Z
Quantinuum Inc,quantinuum-inc-derivatives,Bitbase,bitbase-com,QNTX/USDT,perpetual,47.27526118,154575.48298412,0.0,1.0,1.0,0,2026-07-29T20:33:17.000Z
Novo Nordisk,novo-nordisk-derivatives,AlphaX,alphax,NVO/USDT,perpetual,51.42046156,219748.08378911,0.0,1.0,1.0,0,2026-07-29T20:33:17.000Z
Novo Nordisk,novo-nordisk-derivatives,Grvt,grvt,NVO/USDT,perpetual,50.97366328,168766.06877632,0.0,1.0,1.0,0,2026-07-29T11:03:16.000Z
Novo Nordisk,novo-nordisk-derivatives,Flipster,flipster,NVO/USDT,perpetual,51.55031121,1047.25690789,0.0,1.0,1.0,0,2026-07-29T20:33:17.000Z
BlackBerry Ltd,blackberry-ltd-derivatives,Extended,extended,BB/USD,perpetual,8.31891629,0.0,0.0,1.0,1.0,0,2026-07-29T20:33:16.000Z
Redwire Corp,redwire-corp-derivatives,AlphaX,alphax,RDW/USDT,perpetual,7.8019663,3612.11182769,0.0,1.0,1.0,0,2026-07-29T20:33:17.000Z
Redwire Corp,redwire-corp-derivatives,Cofinex,cofinex,RDW/USDT,perpetual,7.73982904,555987.39682016,0.0,1.0,1.0,0,2026-07-29T20:33:17.000Z
Redwire Corp,redwire-corp-derivatives,Bitbase,bitbase-com,RDW/USDT,perpetual,7.76301141,138269.92677248,0.0,1.0,1.0,0,2026-07-29T20:33:17.000Z
Intuitive Machines Inc,intuitive-machikes-inc-derivatives,AlphaX,alphax,LUNR/USDT,perpetual,11.42676923,5188.17274688,0.0,1.0,1.0,0,2026-07-29T20:33:17.000Z
AST SpaceMobile Inc,ast-spacemobile-inc-derivatives,Websea,websea,ASTS/USDT,perpetual,52.53916624,793736.69249424,0.0,1.0,1.0,0,2026-07-29T20:33:16.000Z
AST SpaceMobile Inc,ast-spacemobile-inc-derivatives,AlphaX,alphax,ASTS/USDT,perpetual,52.62906215,248264.61981814,0.0,1.0,1.0,0,2026-07-29T20:33:17.000Z
AST SpaceMobile Inc,ast-spacemobile-inc-derivatives,Grvt,grvt,ASTS/USDT,perpetual,56.52752509,180282.0791408,0.0,1.0,1.0,0,2026-07-29T11:03:16.000Z
AST SpaceMobile Inc,ast-spacemobile-inc-derivatives,Flipster,flipster,ASTS/USDT,perpetual,53.25833353,897.10860878,0.0,1.0,1.0,0,2026-07-29T20:33:17.000Z
AST SpaceMobile Inc,ast-spacemobile-inc-derivatives,idax exchange,idax-exchange,ASTS/USDT,perpetual,52.64903902,398073.76052862,0.0,1.0,1.0,0,2026-07-29T20:33:17.000Z
AST SpaceMobile Inc,ast-spacemobile-inc-derivatives,WHXEX,whxex,ASTS/USDT,perpetual,52.75090394,396778.45496163,0.0,1.0,1.0,0,2026-07-29T20:30:16.000Z
AST SpaceMobile Inc,ast-spacemobile-inc-derivatives,Cofinex,cofinex,ASTS/USDT,perpetual,52.53096871,385887.2818884,0.0,1.0,1.0,0,2026-07-29T20:33:17.000Z
AST SpaceMobile Inc,ast-spacemobile-inc-derivatives,Bitbase,bitbase-com,ASTS/USDT,perpetual,52.59909685,131521.14002082,0.0,1.0,1.0,0,2026-07-29T20:33:17.000Z
ServiceNow Inc,servicenow-inc-derivatives,WOO X Pro,wooxpro,NOW/USDT,perpetual,113.92029659,1211439.69874026,0.0,1.0,1.0,0,2026-07-29T20:33:16.000Z
ServiceNow Inc,servicenow-inc-derivatives,Websea,websea,NOW/USDT,perpetual,113.65839784,1109518.75648294,0.0,1.0,1.0,0,2026-07-29T20:33:16.000Z
ServiceNow Inc,servicenow-inc-derivatives,AlphaX,alphax,NOW/USDT,perpetual,113.92808557,482806.64527887,0.0,1.0,1.0,0,2026-07-29T20:33:17.000Z
ServiceNow Inc,servicenow-inc-derivatives,Grvt,grvt,NOW/USDT,perpetual,110.19820759,207952.0535466,0.0,1.0,1.0,0,2026-07-29T11:03:16.000Z
ServiceNow Inc,servicenow-inc-derivatives,Flipster,flipster,NOW/USDT,perpetual,116.48512484,875.39282494,0.0,1.0,1.0,0,2026-07-29T20:33:17.000Z
ServiceNow Inc,servicenow-inc-derivatives,Cofinex,cofinex,NOW/USDT,perpetual,113.70058531,477166.56737982,0.0,1.0,1.0,0,2026-07-29T20:33:17.000Z
Hewlett Packard Enterprise Co,hewlett-packard-enterprise-co-derivatives,AlphaX,alphax,HPE/USDT,perpetual,43.63947097,195265.0299937,0.0,1.0,1.0,0,2026-07-29T20:33:17.000Z
Hewlett Packard Enterprise Co,hewlett-packard-enterprise-co-derivatives,Flipster,flipster,HPE/USDT,perpetual,44.168858,853.60385383,0.0,1.0,1.0,0,2026-07-29T20:33:17.000Z
Hewlett Packard Enterprise Co,hewlett-packard-enterprise-co-derivatives,idax exchange,idax-exchange,HPE/USDT,perpetual,43.67942471,290900.01428049,0.0,1.0,1.0,0,2026-07-29T20:33:17.000Z
Hewlett Packard Enterprise Co,hewlett-packard-enterprise-co-derivatives,WHXEX,whxex,HPE/USDT,perpetual,43.8408857,287352.61311485,0.0,1.0,1.0,0,2026-07-29T20:30:16.000Z
Hewlett Packard Enterprise Co,hewlett-packard-enterprise-co-derivatives,Cofinex,cofinex,HPE/USDT,perpetual,43.6027014,137756.1438466,0.0,1.0,1.0,0,2026-07-29T20:33:17.000Z
Hims & Hers Health,hims-hers-health-derivatives,WOO X Pro,wooxpro,HIMS/USDT,perpetual,24.59767603,1065794.8993637,0.0,1.0,1.0,0,2026-07-29T20:33:16.000Z
Hims & Hers Health,hims-hers-health-derivatives,AlphaX,alphax,HIMS/USDT,perpetual,24.6214914,125006.42584249,0.0,1.0,1.0,0,2026-07-29T20:33:17.000Z
Hims & Hers Health,hims-hers-health-derivatives,Flipster,flipster,HIMS/USDT,perpetual,24.41173427,488.75887854,0.0,1.0,1.0,0,2026-07-29T20:33:17.000Z
Hims & Hers Health,hims-hers-health-derivatives,B2Z Exchange,b2z-exchange,HIMS/USD,perpetual,24.66917002,1534957.73427903,0.0,1.0,1.0,0,2026-07-29T20:33:15.000Z
Hims & Hers Health,hims-hers-health-derivatives,idax exchange,idax-exchange,HIMS/USDT,perpetual,24.60151453,529883.44145527,0.0,1.0,1.0,0,2026-07-29T20:33:17.000Z
Hims & Hers Health,hims-hers-health-derivatives,WHXEX,whxex,HIMS/USDT,perpetual,24.52252777,529416.36886719,0.0,1.0,1.0,0,2026-07-29T20:30:16.000Z
Hims & Hers Health,hims-hers-health-derivatives,Bitbase,bitbase-com,HIMS/USDT,perpetual,24.60151453,98468.21316322,0.0,1.0,1.0,0,2026-07-29T20:33:17.000Z
Adobe Inc,adobe-inc-derivatives,AlphaX,alphax,ADBE/USDT,perpetual,261.98422231,1091002.64252083,0.0,1.0,1.0,0,2026-07-29T20:36:16.000Z
Adobe Inc,adobe-inc-derivatives,Flipster,flipster,ADBE/USDT,perpetual,262.08121179,426.36739227,0.0,1.0,1.0,0,2026-07-29T20:36:15.000Z
Adobe Inc,adobe-inc-derivatives,idax exchange,idax-exchange,ADBE/USDT,perpetual,262.14404188,906809.09118375,0.0,1.0,1.0,0,2026-07-29T20:36:18.000Z
Adobe Inc,adobe-inc-derivatives,WHXEX,whxex,ADBE/USDT,perpetual,262.14404188,906793.3589453,0.0,1.0,1.0,0,2026-07-29T20:36:16.000Z
Adobe Inc,adobe-inc-derivatives,Cofinex,cofinex,ADBE/USDT,perpetual,261.98422231,289410.4064111,0.0,1.0,1.0,0,2026-07-29T20:36:15.000Z
Adobe Inc,adobe-inc-derivatives,BitxEX,xex,ADBE/USDT,perpetual,262.00129984,10661.77152636,0.0,1.0,1.0,0,2026-07-29T20:36:15.000Z
Salesforce Inc,salesforce-inc-derivatives,AlphaX,alphax,CRM/USDT,perpetual,186.66925219,790271.42649583,0.0,1.0,1.0,0,2026-07-29T20:36:16.000Z
Salesforce Inc,salesforce-inc-derivatives,Grvt,grvt,CRM/USDT,perpetual,180.99995663,202121.11437191,0.0,1.0,1.0,0,2026-07-29T11:03:16.000Z
Salesforce Inc,salesforce-inc-derivatives,Flipster,flipster,CRM/USDT,perpetual,187.0039397,858.8052195,0.0,1.0,1.0,0,2026-07-29T20:36:15.000Z
Salesforce Inc,salesforce-inc-derivatives,Cofinex,cofinex,CRM/USDT,perpetual,185.89013181,182830.58521284,0.0,1.0,1.0,0,2026-07-29T20:36:15.000Z
IREN Ltd,iren-ltd-derivatives,Grvt,grvt,IREN/USDT,perpetual,34.15225451,199395.44990961,0.0,1.0,1.0,0,2026-07-29T11:03:16.000Z
IREN Ltd,iren-ltd-derivatives,Flipster,flipster,IREN/USDT,perpetual,29.0679699,159382.7702435,0.0,1.0,1.0,0,2026-07-29T20:36:15.000Z
IREN Ltd,iren-ltd-derivatives,AlphaX,alphax,IREN/USDT,perpetual,29.0971496,146886.78402161,0.0,1.0,1.0,0,2026-07-29T20:36:16.000Z
IREN Ltd,iren-ltd-derivatives,Cofinex,cofinex,IREN/USDT,perpetual,29.16707066,844515.86776893,0.0,1.0,1.0,0,2026-07-29T20:36:15.000Z
IREN Ltd,iren-ltd-derivatives,Bitbase,bitbase-com,IREN/USDT,perpetual,29.13710449,129504.3338421,0.0,1.0,1.0,0,2026-07-29T20:36:18.000Z
Ondas Inc,ondas-inc-derivatives,WOO X Pro,wooxpro,ONDS/USDT,perpetual,6.70243302,1431128.5751285,0.0,1.0,1.0,0,2026-07-29T20:36:16.000Z
Ondas Inc,ondas-inc-derivatives,Grvt,grvt,ONDS/USDT,perpetual,7.81136678,190525.0146232,0.0,1.0,1.0,0,2026-07-29T11:03:16.000Z
Ondas Inc,ondas-inc-derivatives,AlphaX,alphax,ONDS/USDT,perpetual,6.67246685,34330.01873623,0.0,1.0,1.0,0,2026-07-29T20:36:16.000Z
Ondas Inc,ondas-inc-derivatives,Flipster,flipster,ONDS/USDT,perpetual,6.76254832,882.59826186,0.0,1.0,1.0,0,2026-07-29T20:36:15.000Z
Ondas Inc,ondas-inc-derivatives,Cofinex,cofinex,ONDS/USDT,perpetual,6.71641723,332227.50621374,0.0,1.0,1.0,0,2026-07-29T20:36:15.000Z
Palo Alto Networks Inc,palo-alto-networks-inc-derivatives,AlphaX,alphax,PANW/USDT,perpetual,324.87322123,13604.01379816,0.0,1.0,1.0,0,2026-07-29T20:36:16.000Z
Palo Alto Networks Inc,palo-alto-networks-inc-derivatives,Cofinex,cofinex,PANW/USDT,perpetual,319.33946879,88355.01153457,0.0,1.0,1.0,0,2026-07-29T20:36:15.000Z
Credo Technology Group Holding Ltd,credo-technology-group-holding-ltd-derivatives,Websea,websea,CRDO/USDT,perpetual,173.78379975,1818326.99616163,0.0,1.0,1.0,0,2026-07-29T20:36:17.000Z
Credo Technology Group Holding Ltd,credo-technology-group-holding-ltd-derivatives,WOO X Pro,wooxpro,CRDO/USDT,perpetual,173.66393507,1456811.60574586,0.0,1.0,1.0,0,2026-07-29T20:36:16.000Z
Credo Technology Group Holding Ltd,credo-technology-group-holding-ltd-derivatives,AlphaX,alphax,CRDO/USDT,perpetual,173.45417189,811541.88115537,0.0,1.0,1.0,0,2026-07-29T20:36:16.000Z
Credo Technology Group Holding Ltd,credo-technology-group-holding-ltd-derivatives,Flipster,flipster,CRDO/USDT,perpetual,175.83624542,885.79310945,0.0,1.0,1.0,0,2026-07-29T20:36:15.000Z
Credo Technology Group Holding Ltd,credo-technology-group-holding-ltd-derivatives,idax exchange,idax-exchange,CRDO/USDT,perpetual,173.64395763,691524.00599189,0.0,1.0,1.0,0,2026-07-29T20:36:18.000Z
Credo Technology Group Holding Ltd,credo-technology-group-holding-ltd-derivatives,KTX,ktx,CRDO/USDT,perpetual,173.81147577,80960235.12727986,0.0,1.0,1.0,0,2026-07-29T20:36:15.000Z
Credo Technology Group Holding Ltd,credo-technology-group-holding-ltd-derivatives,Cofinex,cofinex,CRDO/USDT,perpetual,174.71275097,803455.47213404,0.0,1.0,1.0,0,2026-07-29T20:36:15.000Z
Credo Technology Group Holding Ltd,credo-technology-group-holding-ltd-derivatives,WHXEX,whxex,CRDO/USDT,perpetual,173.85372081,691517.05144351,0.0,1.0,1.0,0,2026-07-29T20:36:16.000Z
Credo Technology Group Holding Ltd,credo-technology-group-holding-ltd-derivatives,Bitbase,bitbase-com,CRDO/USDT,perpetual,173.79378847,66722.07431439,0.0,1.0,1.0,0,2026-07-29T20:36:18.000Z
AXT Inc,axt-inc-derivatives,Websea,websea,AXTI/USDT,perpetual,38.08700014,2015006.53683583,0.0,1.0,1.0,0,2026-07-29T20:36:17.000Z
AXT Inc,axt-inc-derivatives,AlphaX,alphax,AXTI/USDT,perpetual,37.64749634,187560.51027255,0.0,1.0,1.0,0,2026-07-29T20:36:16.000Z
AXT Inc,axt-inc-derivatives,SunX,sunx,AXTI/USDT,perpetual,37.72842691,32986.41050795,0.0,1.0,1.0,0,2026-07-29T20:36:18.000Z
AXT Inc,axt-inc-derivatives,Flipster,flipster,AXTI/USDT,perpetual,37.50866907,985.30057382,0.0,1.0,1.0,0,2026-07-29T20:36:15.000Z
AXT Inc,axt-inc-derivatives,idax exchange,idax-exchange,AXTI/USDT,perpetual,37.6774625,865292.37316248,0.0,1.0,1.0,0,2026-07-29T20:36:18.000Z
AXT Inc,axt-inc-derivatives,KTX,ktx,AXTI/USDT,perpetual,36.8757596,196523896.71255583,0.0,1.0,1.0,0,2026-07-29T20:36:15.000Z
AXT Inc,axt-inc-derivatives,Cofinex,cofinex,AXTI/USDT,perpetual,37.8073159,1284952.28931918,0.0,1.0,1.0,0,2026-07-29T20:36:15.000Z
AXT Inc,axt-inc-derivatives,WHXEX,whxex,AXTI/USDT,perpetual,37.68745123,865252.80783136,0.0,1.0,1.0,0,2026-07-29T20:36:16.000Z
AXT Inc,axt-inc-derivatives,Bitbase,bitbase-com,AXTI/USDT,perpetual,37.7174174,376461.81320299,0.0,1.0,1.0,0,2026-07-29T20:36:18.000Z
AXT Inc,axt-inc-derivatives,HyperPay Futures,hyperpay-futures,AXTI/USDT,perpetual,37.65850396,30606.89606331,0.0,1.0,1.0,0,2026-07-29T20:36:17.000Z
AXT Inc,axt-inc-derivatives,Ulink,ulink,AXTI/USDT,perpetual,37.65748506,18212.45545148,0.0,1.0,1.0,0,2026-07-29T20:36:17.000Z
DraftKings Inc,draftkings-inc-derivatives,AlphaX,alphax,DKNG/USDT,perpetual,24.58224688,105774.16207972,0.0,1.0,1.0,0,2026-07-29T20:36:16.000Z
DraftKings Inc,draftkings-inc-derivatives,Flipster,flipster,DKNG/USDT,perpetual,24.52297804,885.55987845,0.0,1.0,1.0,0,2026-07-29T20:36:15.000Z
DraftKings Inc,draftkings-inc-derivatives,idax exchange,idax-exchange,DKNG/USDT,perpetual,24.5922356,126242.1338348,0.0,1.0,1.0,0,2026-07-29T20:36:18.000Z
DraftKings Inc,draftkings-inc-derivatives,WHXEX,whxex,DKNG/USDT,perpetual,24.5922356,126242.1338348,0.0,1.0,1.0,0,2026-07-29T20:36:16.000Z
DraftKings Inc,draftkings-inc-derivatives,Cofinex,cofinex,DKNG/USDT,perpetual,24.56826267,123889.02889783,0.0,1.0,1.0,0,2026-07-29T20:36:15.000Z
DraftKings Inc,draftkings-inc-derivatives,BitxEX,xex,DKNG/USDT,perpetual,24.61287898,10346.82080168,0.0,1.0,1.0,0,2026-07-29T20:36:15.000Z
DraftKings Inc,draftkings-inc-derivatives,Bitbase,bitbase-com,DKNG/USDT,perpetual,24.61221305,48511.40109079,0.0,1.0,1.0,0,2026-07-29T20:36:18.000Z
Ciena Corp,ciena-corp-derivatives,AlphaX,alphax,CIEN/USDT,perpetual,327.23055982,14695.86550799,0.0,1.0,1.0,0,2026-07-29T20:36:16.000Z
Ciena Corp,ciena-corp-derivatives,Flipster,flipster,CIEN/USDT,perpetual,326.86982099,863.93054189,0.0,1.0,1.0,0,2026-07-29T20:36:15.000Z
Ciena Corp,ciena-corp-derivatives,idax exchange,idax-exchange,CIEN/USDT,perpetual,326.19173264,1030102.42418657,0.0,1.0,1.0,0,2026-07-29T20:36:18.000Z
Ciena Corp,ciena-corp-derivatives,WHXEX,whxex,CIEN/USDT,perpetual,326.19173264,1030095.89156184,0.0,1.0,1.0,0,2026-07-29T20:36:16.000Z
Ciena Corp,ciena-corp-derivatives,Cofinex,cofinex,CIEN/USDT,perpetual,325.13292802,179716.49858694,0.0,1.0,1.0,0,2026-07-29T20:36:15.000Z
Intuitive Surgical Inc,intuitive-surgical-inc-derivatives,AlphaX,alphax,ISRG/USDT,perpetual,351.50315629,15181.7998927,0.0,1.0,1.0,0,2026-07-29T20:36:16.000Z
Intuitive Surgical Inc,intuitive-surgical-inc-derivatives,Cofinex,cofinex,ISRG/USDT,perpetual,354.11021295,89616.74165329,0.0,1.0,1.0,0,2026-07-29T20:36:15.000Z
ProShares Ultra VIX Short-Term Futures ETF,proshares-ultra-vix-short-term-futures-etf-derivatives,Grvt,grvt,UVXY/USDT,perpetual,24.66274244,170908.16970018,0.0,1.0,1.0,0,2026-07-29T11:03:16.000Z
ProShares Ultra VIX Short-Term Futures ETF,proshares-ultra-vix-short-term-futures-etf-derivatives,AlphaX,alphax,UVXY/USDT,perpetual,26.93836967,110006.19301789,0.0,1.0,1.0,0,2026-07-29T20:39:16.000Z
ProShares Ultra VIX Short-Term Futures ETF,proshares-ultra-vix-short-term-futures-etf-derivatives,Flipster,flipster,UVXY/USDT,perpetual,27.07820548,1063.41342789,0.0,1.0,1.0,0,2026-07-29T20:39:15.000Z
ProShares Ultra VIX Short-Term Futures ETF,proshares-ultra-vix-short-term-futures-etf-derivatives,idax exchange,idax-exchange,UVXY/USDT,perpetual,26.89841659,311923.42770506,0.0,1.0,1.0,0,2026-07-29T20:39:16.000Z
ProShares Ultra VIX Short-Term Futures ETF,proshares-ultra-vix-short-term-futures-etf-derivatives,Cofinex,cofinex,UVXY/USDT,perpetual,26.9283814,832474.16099829,0.0,1.0,1.0,0,2026-07-29T20:39:17.000Z
ProShares Ultra VIX Short-Term Futures ETF,proshares-ultra-vix-short-term-futures-etf-derivatives,WHXEX,whxex,UVXY/USDT,perpetual,26.91839313,311917.5002649,0.0,1.0,1.0,0,2026-07-29T20:39:16.000Z
ProShares Ultra VIX Short-Term Futures ETF,proshares-ultra-vix-short-term-futures-etf-derivatives,BitxEX,xex,UVXY/USDT,perpetual,26.87844004,11097.47104102,0.0,1.0,1.0,0,2026-07-29T20:39:16.000Z
ProShares Ultra VIX Short-Term Futures ETF,proshares-ultra-vix-short-term-futures-etf-derivatives,Bitbase,bitbase-com,UVXY/USDT,perpetual,26.88915289,49429.06821073,0.0,1.0,1.0,0,2026-07-29T20:39:25.000Z
Twilio Inc,twilio-inc-derivatives,AlphaX,alphax,TWLO/USDT,perpetual,189.77716863,8073.57781701,0.0,1.0,1.0,0,2026-07-29T20:39:16.000Z
Twilio Inc,twilio-inc-derivatives,Cofinex,cofinex,TWLO/USDT,perpetual,187.05037037,321453.09651827,0.0,1.0,1.0,0,2026-07-29T20:39:17.000Z
Rockwell Automation Inc,rockwell-automation-inc-derivatives,AlphaX,alphax,ROK/USDT,perpetual,462.35711242,19511.25040232,0.0,1.0,1.0,0,2026-07-29T20:39:16.000Z
Rockwell Automation Inc,rockwell-automation-inc-derivatives,Cofinex,cofinex,ROK/USDT,perpetual,457.17319924,45143.33957653,0.0,1.0,1.0,0,2026-07-29T20:39:17.000Z
Rockwell Automation Inc,rockwell-automation-inc-derivatives,Bitbase,bitbase-com,ROK/USDT,perpetual,459.48288345,617030.14598482,0.0,1.0,1.0,0,2026-07-29T20:39:25.000Z
Astera Labs Inc,astera-labs-inc-derivatives,AlphaX,alphax,ALAB/USDT,perpetual,247.90891187,1111513.01761288,0.0,1.0,1.0,0,2026-07-29T20:39:16.000Z
Astera Labs Inc,astera-labs-inc-derivatives,WOO X Pro,wooxpro,ALAB/USDT,perpetual,247.58928716,816120.66497473,0.0,1.0,1.0,0,2026-07-29T20:39:16.000Z
Astera Labs Inc,astera-labs-inc-derivatives,Flipster,flipster,ALAB/USDT,perpetual,244.81254754,864.36966185,0.0,1.0,1.0,0,2026-07-29T20:39:15.000Z
Astera Labs Inc,astera-labs-inc-derivatives,idax exchange,idax-exchange,ALAB/USDT,perpetual,247.58928716,869043.61181977,0.0,1.0,1.0,0,2026-07-29T20:39:16.000Z
Astera Labs Inc,astera-labs-inc-derivatives,WHXEX,whxex,ALAB/USDT,perpetual,247.58928716,869043.61181977,0.0,1.0,1.0,0,2026-07-29T20:39:16.000Z
Astera Labs Inc,astera-labs-inc-derivatives,Cofinex,cofinex,ALAB/USDT,perpetual,247.86895878,157257.24087873,0.0,1.0,1.0,0,2026-07-29T20:39:17.000Z
Astera Labs Inc,astera-labs-inc-derivatives,Bitbase,bitbase-com,ALAB/USDT,perpetual,247.82569555,122740.58888689,0.0,1.0,1.0,0,2026-07-29T20:39:25.000Z
POET Technologies Inc,poet-technologies-inc-derivatives,AlphaX,alphax,POET/USDT,perpetual,6.35054336,29162.5696368,0.0,1.0,1.0,0,2026-07-29T20:39:16.000Z
POET Technologies Inc,poet-technologies-inc-derivatives,Cofinex,cofinex,POET/USDT,perpetual,6.34255274,310563.41901154,0.0,1.0,1.0,0,2026-07-29T20:39:17.000Z
POET Technologies Inc,poet-technologies-inc-derivatives,Bitbase,bitbase-com,POET/USDT,perpetual,6.35670762,126647.71035593,0.0,1.0,1.0,0,2026-07-29T20:39:25.000Z
Knowledge Atlas Technology JSC Ltd,knowledge-atlas-technology-jsc-ltd-derivatives,Websea,websea,ZHIPU/USDT,perpetual,128.55904934,5604667.74636035,0.0,1.0,1.0,0,2026-07-29T20:39:17.000Z
Knowledge Atlas Technology JSC Ltd,knowledge-atlas-technology-jsc-ltd-derivatives,WOO X Pro,wooxpro,ZHIPU/USDT,perpetual,128.41921353,1312629.54923255,0.0,1.0,1.0,0,2026-07-29T20:39:16.000Z
Knowledge Atlas Technology JSC Ltd,knowledge-atlas-technology-jsc-ltd-derivatives,Flipster,flipster,ZHIPU/USDT,perpetual,128.51909625,787.44160875,0.0,1.0,1.0,0,2026-07-29T20:39:15.000Z
Knowledge Atlas Technology JSC Ltd,knowledge-atlas-technology-jsc-ltd-derivatives,Cofinex,cofinex,ZHIPU/USDT,perpetual,128.40922526,4043498.3140976,0.0,1.0,1.0,0,2026-07-29T20:39:17.000Z
Lam Research Corp,lam-research-corp-derivatives,WOO X Pro,wooxpro,LRCX/USDT,perpetual,267.15631208,1399779.74410706,0.0,1.0,1.0,0,2026-07-29T20:39:16.000Z
Lam Research Corp,lam-research-corp-derivatives,AlphaX,alphax,LRCX/USDT,perpetual,266.98651145,1175315.39453791,0.0,1.0,1.0,0,2026-07-29T20:39:16.000Z
Lam Research Corp,lam-research-corp-derivatives,Flipster,flipster,LRCX/USDT,perpetual,266.37722686,898.98310365,0.0,1.0,1.0,0,2026-07-29T20:39:15.000Z
Lam Research Corp,lam-research-corp-derivatives,idax exchange,idax-exchange,LRCX/USDT,perpetual,267.13633553,1209189.1818267,0.0,1.0,1.0,0,2026-07-29T20:39:16.000Z
Lam Research Corp,lam-research-corp-derivatives,Cofinex,cofinex,LRCX/USDT,perpetual,267.56583123,1460258.50761965,0.0,1.0,1.0,0,2026-07-29T20:39:17.000Z
Lam Research Corp,lam-research-corp-derivatives,WHXEX,whxex,LRCX/USDT,perpetual,267.13633553,1209189.1818267,0.0,1.0,1.0,0,2026-07-29T20:39:16.000Z
Lam Research Corp,lam-research-corp-derivatives,Bitbase,bitbase-com,LRCX/USDT,perpetual,267.40323629,114874.9244393,0.0,1.0,1.0,0,2026-07-29T20:39:25.000Z
KLA Corp,kla-corp-derivatives,AlphaX,alphax,KLAC/USDT,perpetual,169.67077703,752765.12945926,0.0,1.0,1.0,0,2026-07-29T20:39:16.000Z
KLA Corp,kla-corp-derivatives,Flipster,flipster,KLAC/USDT,perpetual,168.94163317,883.18083626,0.0,1.0,1.0,0,2026-07-29T20:39:15.000Z
KLA Corp,kla-corp-derivatives,idax exchange,idax-exchange,KLAC/USDT,perpetual,169.6108474,811282.85917821,0.0,1.0,1.0,0,2026-07-29T20:39:16.000Z
KLA Corp,kla-corp-derivatives,WHXEX,whxex,KLAC/USDT,perpetual,169.6108474,811282.85917821,0.0,1.0,1.0,0,2026-07-29T20:39:16.000Z
KLA Corp,kla-corp-derivatives,Cofinex,cofinex,KLAC/USDT,perpetual,169.62083567,437563.66412987,0.0,1.0,1.0,0,2026-07-29T20:39:17.000Z
KLA Corp,kla-corp-derivatives,Bitbase,bitbase-com,KLAC/USDT,perpetual,169.72529196,106964.29107984,0.0,1.0,1.0,0,2026-07-29T20:39:25.000Z
Super Micro Computer Inc,super-micro-computer-inc-derivatives,AlphaX,alphax,SMCI/USDT,perpetual,25.66985913,1195876.65904125,0.0,1.0,1.0,0,2026-07-29T20:39:16.000Z
Super Micro Computer Inc,super-micro-computer-inc-derivatives,WOO X Pro,wooxpro,SMCI/USDT,perpetual,25.65987085,1124101.21981253,0.0,1.0,1.0,0,2026-07-29T20:39:16.000Z
Super Micro Computer Inc,super-micro-computer-inc-derivatives,Websea,websea,SMCI/USDT,perpetual,25.61991777,398771.79263636,0.0,1.0,1.0,0,2026-07-29T20:39:17.000Z
Super Micro Computer Inc,super-micro-computer-inc-derivatives,Flipster,flipster,SMCI/USDT,perpetual,25.49007023,816.60336578,0.0,1.0,1.0,0,2026-07-29T20:39:15.000Z
Super Micro Computer Inc,super-micro-computer-inc-derivatives,idax exchange,idax-exchange,SMCI/USDT,perpetual,25.62990604,255594.01192536,0.0,1.0,1.0,0,2026-07-29T20:39:16.000Z
Super Micro Computer Inc,super-micro-computer-inc-derivatives,Cofinex,cofinex,SMCI/USDT,perpetual,25.47908313,469056.12842556,0.0,1.0,1.0,0,2026-07-29T20:39:17.000Z
Super Micro Computer Inc,super-micro-computer-inc-derivatives,WHXEX,whxex,SMCI/USDT,perpetual,25.62990604,255594.01192536,0.0,1.0,1.0,0,2026-07-29T20:39:16.000Z
Super Micro Computer Inc,super-micro-computer-inc-derivatives,Bitbase,bitbase-com,SMCI/USDT,perpetual,25.6305967,58022.43693947,0.0,1.0,1.0,0,2026-07-29T20:39:25.000Z
Direxion Daily MSCI South Korea Bull 3X ETF,direxion-daily-msci-south-korea-bull-3x-etf-derivatives,Websea,websea,KORU/USDT,perpetual,12.1057857,400528207.7698487,0.0,1.0,1.0,0,2026-07-29T20:39:17.000Z
Direxion Daily MSCI South Korea Bull 3X ETF,direxion-daily-msci-south-korea-bull-3x-etf-derivatives,x.me Exchange,voox-exchange,KORU/USDT,perpetual,12.13713859,45881486.13624404,0.0,1.0,1.0,0,2026-07-29T20:39:23.000Z
Direxion Daily MSCI South Korea Bull 3X ETF,direxion-daily-msci-south-korea-bull-3x-etf-derivatives,Flipster,flipster,KORU/USDT,perpetual,12.09579743,22674674.38089918,0.0,1.0,1.0,0,2026-07-29T20:39:15.000Z
Direxion Daily MSCI South Korea Bull 3X ETF,direxion-daily-msci-south-korea-bull-3x-etf-derivatives,AlphaX,alphax,KORU/USDT,perpetual,12.11577398,2458775.55938735,0.0,1.0,1.0,0,2026-07-29T20:39:16.000Z
Direxion Daily MSCI South Korea Bull 3X ETF,direxion-daily-msci-south-korea-bull-3x-etf-derivatives,WOO X Pro,wooxpro,KORU/USDT,perpetual,12.13575052,1118028.36122456,0.0,1.0,1.0,0,2026-07-29T20:39:16.000Z
Direxion Daily MSCI South Korea Bull 3X ETF,direxion-daily-msci-south-korea-bull-3x-etf-derivatives,MemeMax,mememax,KORU/USDC,perpetual,496.99464593,45498.89258012,0.0,1.0,1.0,0,2026-07-29T20:39:16.000Z
Direxion Daily MSCI South Korea Bull 3X ETF,direxion-daily-msci-south-korea-bull-3x-etf-derivatives,KTX,ktx,KORU/USDT,perpetual,11.96712382,954619037.7012457,0.0,1.0,1.0,0,2026-07-29T20:39:15.000Z
Direxion Daily MSCI South Korea Bull 3X ETF,direxion-daily-msci-south-korea-bull-3x-etf-derivatives,Cofinex,cofinex,KORU/USDT,perpetual,12.11577398,260156690.41692734,0.0,1.0,1.0,0,2026-07-29T20:39:17.000Z
Direxion Daily MSCI South Korea Bull 3X ETF,direxion-daily-msci-south-korea-bull-3x-etf-derivatives,Bitbase,bitbase-com,KORU/USDT,perpetual,12.12608901,32383864.74754805,0.0,1.0,1.0,0,2026-07-29T20:39:25.000Z
Sony Group Corp,sony-group-corp-derivatives,WOO X Pro,wooxpro,SONY/USDT,perpetual,23.28266211,1343485.76613322,0.0,1.0,1.0,0,2026-07-29T20:39:16.000Z
Sony Group Corp,sony-group-corp-derivatives,AlphaX,alphax,SONY/USDT,perpetual,23.29364921,994538.30904289,0.0,1.0,1.0,0,2026-07-29T20:39:16.000Z
Sony Group Corp,sony-group-corp-derivatives,Flipster,flipster,SONY/USDT,perpetual,23.29265038,868.48201124,0.0,1.0,1.0,0,2026-07-29T20:39:15.000Z
Sony Group Corp,sony-group-corp-derivatives,idax exchange,idax-exchange,SONY/USDT,perpetual,23.28266211,161491.18129711,0.0,1.0,1.0,0,2026-07-29T20:39:16.000Z
Sony Group Corp,sony-group-corp-derivatives,WHXEX,whxex,SONY/USDT,perpetual,23.28266211,161491.18129711,0.0,1.0,1.0,0,2026-07-29T20:39:16.000Z
Sony Group Corp,sony-group-corp-derivatives,Cofinex,cofinex,SONY/USDT,perpetual,23.23871371,70928.40812639,0.0,1.0,1.0,0,2026-07-29T20:39:17.000Z
Strategy Variable Rate Perpetual Stretch,strategy-variable-rate-perpetual-stretch-derivatives,AlphaX,alphax,STRC/USDT,perpetual,87.90678217,382049.05683345,0.0,1.0,1.0,0,2026-07-29T20:39:16.000Z
Strategy Variable Rate Perpetual Stretch,strategy-variable-rate-perpetual-stretch-derivatives,Flipster,flipster,STRC/USDT,perpetual,88.55601985,918.12396296,0.0,1.0,1.0,0,2026-07-29T20:39:15.000Z
Strategy Variable Rate Perpetual Stretch,strategy-variable-rate-perpetual-stretch-derivatives,Cofinex,cofinex,STRC/USDT,perpetual,87.7869229,69847.06261388,0.0,1.0,1.0,0,2026-07-29T20:39:17.000Z
Strategy Variable Rate Perpetual Stretch,strategy-variable-rate-perpetual-stretch-derivatives,Bitbase,bitbase-com,STRC/USDT,perpetual,87.83923126,168947.18460256,0.0,1.0,1.0,0,2026-07-29T20:39:25.000Z
GraniteShares 2x Long MRVL Daily ETF,graniteshares-2x-long-mrvl-daily-etf-derivaties,Websea,websea,MVLL/USDT,perpetual,15.34198584,6832681.78453523,0.0,1.0,1.0,0,2026-07-29T20:39:17.000Z
GraniteShares 2x Long MRVL Daily ETF,graniteshares-2x-long-mrvl-daily-etf-derivaties,AlphaX,alphax,MVLL/USDT,perpetual,15.38193893,375593.32498421,0.0,1.0,1.0,0,2026-07-29T20:39:16.000Z
GraniteShares 2x Long MRVL Daily ETF,graniteshares-2x-long-mrvl-daily-etf-derivaties,Flipster,flipster,MVLL/USDT,perpetual,16.13105933,956.75967792,0.0,1.0,1.0,0,2026-07-29T20:39:15.000Z
GraniteShares 2x Long MRVL Daily ETF,graniteshares-2x-long-mrvl-daily-etf-derivaties,KTX,ktx,MVLL/USDT,perpetual,15.26357696,497821867.78713495,0.0,1.0,1.0,0,2026-07-29T20:39:15.000Z
GraniteShares 2x Long MRVL Daily ETF,graniteshares-2x-long-mrvl-daily-etf-derivaties,Cofinex,cofinex,MVLL/USDT,perpetual,15.3919272,912623.42095268,0.0,1.0,1.0,0,2026-07-29T20:39:17.000Z
GraniteShares 2x Long MRVL Daily ETF,graniteshares-2x-long-mrvl-daily-etf-derivaties,Bitbase,bitbase-com,MVLL/USDT,perpetual,15.38235344,1007757.90497935,0.0,1.0,1.0,0,2026-07-29T20:39:25.000Z
ProShares UltraPro QQQ,proshares-ultrapro-qqq-derivatives,Websea,websea,TQQQ/USDT,perpetual,57.6423179,7387183.02374626,0.0,1.0,1.0,0,2026-07-29T20:39:17.000Z
ProShares UltraPro QQQ,proshares-ultrapro-qqq-derivatives,BitTap,bittap,TQQQ/USDT,perpetual,57.67228272,1407814.9506666,0.0,1.0,1.0,0,2026-07-29T20:39:16.000Z
ProShares UltraPro QQQ,proshares-ultrapro-qqq-derivatives,AlphaX,alphax,TQQQ/USDT,perpetual,57.63232963,361737.35450077,0.0,1.0,1.0,0,2026-07-29T20:39:16.000Z
ProShares UltraPro QQQ,proshares-ultrapro-qqq-derivatives,Flipster,flipster,TQQQ/USDT,perpetual,56.96311541,4892.61132431,0.0,1.0,1.0,0,2026-07-29T20:39:15.000Z
ProShares UltraPro QQQ,proshares-ultrapro-qqq-derivatives,KTX,ktx,TQQQ/USDT,perpetual,57.39824164,167429826.4146588,0.0,1.0,1.0,0,2026-07-29T20:39:15.000Z
ProShares UltraPro QQQ,proshares-ultrapro-qqq-derivatives,Cofinex,cofinex,TQQQ/USDT,perpetual,57.70224754,2013506.88331011,0.0,1.0,1.0,0,2026-07-29T20:39:17.000Z
ProShares UltraPro QQQ,proshares-ultrapro-qqq-derivatives,Bitbase,bitbase-com,TQQQ/USDT,perpetual,57.68382539,542504.6412853,0.0,1.0,1.0,0,2026-07-29T20:39:25.000Z
ProShares UltraPro Short QQQ,proshares-ultrapro-short-qqq-derivatives,AlphaX,alphax,SQQQ/USDT,perpetual,49.58178237,2061363.45617938,0.0,1.0,1.0,0,2026-07-29T20:39:16.000Z
ProShares UltraPro Short QQQ,proshares-ultrapro-short-qqq-derivatives,Websea,websea,SQQQ/USDT,perpetual,49.5717941,1324975.60844614,0.0,1.0,1.0,0,2026-07-29T20:39:17.000Z
ProShares UltraPro Short QQQ,proshares-ultrapro-short-qqq-derivatives,WOO X Pro,wooxpro,SQQQ/USDT,perpetual,49.58178237,987691.62633887,0.0,1.0,1.0,0,2026-07-29T20:39:16.000Z
ProShares UltraPro Short QQQ,proshares-ultrapro-short-qqq-derivatives,Flipster,flipster,SQQQ/USDT,perpetual,49.83148917,721.67880371,0.0,1.0,1.0,0,2026-07-29T20:39:15.000Z
ProShares UltraPro Short QQQ,proshares-ultrapro-short-qqq-derivatives,Cofinex,cofinex,SQQQ/USDT,perpetual,49.58178237,1948816.29340143,0.0,1.0,1.0,0,2026-07-29T20:39:17.000Z
ProShares UltraPro Short QQQ,proshares-ultrapro-short-qqq-derivatives,Bitbase,bitbase-com,SQQQ/USDT,perpetual,49.57312994,211209.62733157,0.0,1.0,1.0,0,2026-07-29T20:39:25.000Z
Wendy's Co,wendys-co-derivatives,AlphaX,alphax,WEN/USDT,perpetual,7.61705625,32981.82674543,0.0,1.0,1.0,0,2026-07-29T20:39:16.000Z
Wendy's Co,wendys-co-derivatives,Flipster,flipster,WEN/USDT,perpetual,7.7508991,1190.78261433,0.0,1.0,1.0,0,2026-07-29T20:39:15.000Z
Wendy's Co,wendys-co-derivatives,Cofinex,cofinex,WEN/USDT,perpetual,7.63203866,114398.29074212,0.0,1.0,1.0,0,2026-07-29T20:39:17.000Z
Wendy's Co,wendys-co-derivatives,Bitbase,bitbase-com,WEN/USDT,perpetual,7.64123401,145135.45130845,0.0,1.0,1.0,0,2026-07-29T20:39:25.000Z
Tower Semiconductor Ltd,tower-semiconductor-ltd-derivatives,AlphaX,alphax,TSEM/USDT,perpetual,185.62204747,863182.99510197,0.0,1.0,1.0,0,2026-07-29T20:39:16.000Z
Tower Semiconductor Ltd,tower-semiconductor-ltd-derivatives,Cofinex,cofinex,TSEM/USDT,perpetual,185.28244622,349558.35326409,0.0,1.0,1.0,0,2026-07-29T20:39:17.000Z
Tower Semiconductor Ltd,tower-semiconductor-ltd-derivatives,Bitbase,bitbase-com,TSEM/USDT,perpetual,184.92785166,46855.24788503,0.0,1.0,1.0,0,2026-07-29T20:39:25.000Z
Kioxia Holdings Corp,kioxia-holdings-corp-derivatives,WOO X Pro,wooxpro,KIOXIA/USDT,perpetual,236.41241076,1135767.67056752,0.0,1.0,1.0,0,2026-07-29T20:39:16.000Z
Kioxia Holdings Corp,kioxia-holdings-corp-derivatives,AlphaX,alphax,KIOXIA/USDT,perpetual,237.27140215,1072379.49766401,0.0,1.0,1.0,0,2026-07-29T20:39:16.000Z
Kioxia Holdings Corp,kioxia-holdings-corp-derivatives,Flipster,flipster,KIOXIA/USDT,perpetual,237.70089785,13812.37410916,0.0,1.0,1.0,0,2026-07-29T20:39:15.000Z
Kioxia Holdings Corp,kioxia-holdings-corp-derivatives,Cofinex,cofinex,KIOXIA/USDT,perpetual,236.72204719,2891055.38710913,0.0,1.0,1.0,0,2026-07-29T20:39:17.000Z
RoboStrategy Inc,robostrategy-inc-derivatives,AlphaX,alphax,BOT/USDT,perpetual,27.38784192,133559.64347509,0.0,1.0,1.0,0,2026-07-29T20:39:16.000Z
RoboStrategy Inc,robostrategy-inc-derivatives,Flipster,flipster,BOT/USDT,perpetual,27.34788883,2488.7961809,0.0,1.0,1.0,0,2026-07-29T20:39:15.000Z
RoboStrategy Inc,robostrategy-inc-derivatives,KTX,ktx,BOT/USDT,perpetual,27.30062555,178936481.52514628,0.0,1.0,1.0,0,2026-07-29T20:39:15.000Z
RoboStrategy Inc,robostrategy-inc-derivatives,Cofinex,cofinex,BOT/USDT,perpetual,27.3578771,1772577.08594923,0.0,1.0,1.0,0,2026-07-29T20:39:17.000Z
RoboStrategy Inc,robostrategy-inc-derivatives,Bitbase,bitbase-com,BOT/USDT,perpetual,27.38857995,88436.54601984,0.0,1.0,1.0,0,2026-07-29T20:39:25.000Z
Direxion Daily MU Bull 2X ETF,direxion-daily-mu-bull-2x-etf-derivatives,WOO X Pro,wooxpro,MUU/USDT,perpetual,18.97771686,660413.27534938,0.0,1.0,1.0,0,2026-07-29T20:39:16.000Z
Direxion Daily MU Bull 2X ETF,direxion-daily-mu-bull-2x-etf-derivatives,AlphaX,alphax,MUU/USDT,perpetual,18.93676495,449104.64096803,0.0,1.0,1.0,0,2026-07-29T20:39:16.000Z
Direxion Daily MU Bull 2X ETF,direxion-daily-mu-bull-2x-etf-derivatives,Flipster,flipster,MUU/USDT,perpetual,18.81790451,7693.04484883,0.0,1.0,1.0,0,2026-07-29T20:39:15.000Z
Direxion Daily MU Bull 2X ETF,direxion-daily-mu-bull-2x-etf-derivatives,Cofinex,cofinex,MUU/USDT,perpetual,18.94675322,8569841.68795981,0.0,1.0,1.0,0,2026-07-29T20:39:17.000Z
Direxion Daily MU Bull 2X ETF,direxion-daily-mu-bull-2x-etf-derivatives,Bitbase,bitbase-com,MUU/USDT,perpetual,18.96823973,7458324.40811816,0.0,1.0,1.0,0,2026-07-29T20:39:25.000Z
Roundhill T-REX 2X Long DRAM Daily Target ETF,roundhill-t-rex-2x-long-dram-daily-target-etf-derivatives,AlphaX,alphax,RAM/USDT,perpetual,8.27827986,41417.46703819,0.0,1.0,1.0,0,2026-07-29T20:39:16.000Z
Roundhill T-REX 2X Long DRAM Daily Target ETF,roundhill-t-rex-2x-long-dram-daily-target-etf-derivatives,Flipster,flipster,RAM/USDT,perpetual,8.2503127,4507.10211909,0.0,1.0,1.0,0,2026-07-29T20:39:15.000Z
Roundhill T-REX 2X Long DRAM Daily Target ETF,roundhill-t-rex-2x-long-dram-daily-target-etf-derivatives,Cofinex,cofinex,RAM/USDT,perpetual,8.26229863,3650469.47944085,0.0,1.0,1.0,0,2026-07-29T20:39:17.000Z
Bending Spoons SpA,bending-spoons-spa-derivatives,AlphaX,alphax,BSP/USDT,perpetual,32.84143845,13242.55094455,0.0,1.0,1.0,0,2026-07-29T20:39:16.000Z
Bending Spoons SpA,bending-spoons-spa-derivatives,Flipster,flipster,BSP/USDT,perpetual,32.65166128,1039.10451078,0.0,1.0,1.0,0,2026-07-29T20:39:15.000Z
Bending Spoons SpA,bending-spoons-spa-derivatives,Cofinex,cofinex,BSP/USDT,perpetual,32.6486648,68735.11163751,0.0,1.0,1.0,0,2026-07-29T20:39:17.000Z
Bending Spoons SpA,bending-spoons-spa-derivatives,Bitbase,bitbase-com,BSP/USDT,perpetual,32.56264429,28462.34813115,0.0,1.0,1.0,0,2026-07-29T20:39:25.000Z
KraneShares SSE STAR Market 50 Index ETF,kraneshares-sse-star-market-50-index-etf-derivatives,Flipster,flipster,KSTR/USDT,perpetual,23.76209917,903.00871089,0.0,1.0,1.0,0,2026-07-29T20:39:15.000Z
KraneShares SSE STAR Market 50 Index ETF,kraneshares-sse-star-market-50-index-etf-derivatives,Cofinex,cofinex,KSTR/USDT,perpetual,23.75410855,98517.00123508,0.0,1.0,1.0,0,2026-07-29T20:39:17.000Z
"Take-Two Interactive Software, Inc. Common Stock",take-two-interactive-software-inc-common-stock-derivatives,AlphaX,alphax,TTWO/USDT,perpetual,242.71501041,10173.10800382,0.0,1.0,1.0,0,2026-07-29T20:39:16.000Z
"Take-Two Interactive Software, Inc. Common Stock",take-two-interactive-software-inc-common-stock-derivatives,Flipster,flipster,TTWO/USDT,perpetual,245.07224261,854.47735314,0.0,1.0,1.0,0,2026-07-29T20:39:15.000Z
"Take-Two Interactive Software, Inc. Common Stock",take-two-interactive-software-inc-common-stock-derivatives,Cofinex,cofinex,TTWO/USDT,perpetual,245.99116364,67217.90160567,0.0,1.0,1.0,0,2026-07-29T20:39:17.000Z
"Teradyne, Inc. Common Stock",teradyne-inc-common-stock-derivatives,AlphaX,alphax,TER/USDT,perpetual,317.52716794,1582882.34592989,0.0,1.0,1.0,0,2026-07-29T20:39:16.000Z
"Teradyne, Inc. Common Stock",teradyne-inc-common-stock-derivatives,WOO X Pro,wooxpro,TER/USDT,perpetual,317.54714448,1186195.50908322,0.0,1.0,1.0,0,2026-07-29T20:39:16.000Z
"Teradyne, Inc. Common Stock",teradyne-inc-common-stock-derivatives,Flipster,flipster,TER/USDT,perpetual,315.47957217,930.93724594,0.0,1.0,1.0,0,2026-07-29T20:39:15.000Z
"Teradyne, Inc. Common Stock",teradyne-inc-common-stock-derivatives,Cofinex,cofinex,TER/USDT,perpetual,316.76805927,1046589.08938393,0.0,1.0,1.0,0,2026-07-29T20:39:17.000Z
"Teradyne, Inc. Common Stock",teradyne-inc-common-stock-derivatives,Bitbase,bitbase-com,TER/USDT,perpetual,317.94525473,100806.08844028,0.0,1.0,1.0,0,2026-07-29T20:39:25.000Z
Flex Ltd. Ordinary Shares,flex-ltd-ordinary-shares-derivatives,WOO X Pro,wooxpro,FLEX/USDT,perpetual,102.63948341,1324023.28818357,0.0,1.0,1.0,0,2026-07-29T20:39:16.000Z
Flex Ltd. Ordinary Shares,flex-ltd-ordinary-shares-derivatives,AlphaX,alphax,FLEX/USDT,perpetual,102.6794365,476140.60201278,0.0,1.0,1.0,0,2026-07-29T20:39:16.000Z
Flex Ltd. Ordinary Shares,flex-ltd-ordinary-shares-derivatives,Flipster,flipster,FLEX/USDT,perpetual,102.4297297,896.40510068,0.0,1.0,1.0,0,2026-07-29T20:39:15.000Z
Flex Ltd. Ordinary Shares,flex-ltd-ordinary-shares-derivatives,Cofinex,cofinex,FLEX/USDT,perpetual,102.41974143,768608.23959552,0.0,1.0,1.0,0,2026-07-29T20:39:17.000Z
Flex Ltd. Ordinary Shares,flex-ltd-ordinary-shares-derivatives,Bitbase,bitbase-com,FLEX/USDT,perpetual,102.75212326,48107.81095071,0.0,1.0,1.0,0,2026-07-29T20:39:25.000Z
Texas Instruments Incorporated Common Stock,texas-instruments-incorporated-common-stock-derivatives,AlphaX,alphax,TXN/USDT,perpetual,269.48357946,1192477.22856322,0.0,1.0,1.0,0,2026-07-29T20:39:16.000Z
Texas Instruments Incorporated Common Stock,texas-instruments-incorporated-common-stock-derivatives,WOO X Pro,wooxpro,TXN/USDT,perpetual,270.08287578,986981.86894735,0.0,1.0,1.0,0,2026-07-29T20:39:16.000Z
Texas Instruments Incorporated Common Stock,texas-instruments-incorporated-common-stock-derivatives,Flipster,flipster,TXN/USDT,perpetual,272.00062401,839.64055412,0.0,1.0,1.0,0,2026-07-29T20:39:15.000Z
Texas Instruments Incorporated Common Stock,texas-instruments-incorporated-common-stock-derivatives,Cofinex,cofinex,TXN/USDT,perpetual,270.861961,200534.22418177,0.0,1.0,1.0,0,2026-07-29T20:39:17.000Z
Texas Instruments Incorporated Common Stock,texas-instruments-incorporated-common-stock-derivatives,Bitbase,bitbase-com,TXN/USDT,perpetual,269.60071536,58303.11494701,0.0,1.0,1.0,0,2026-07-29T20:39:25.000Z
"Caterpillar, Inc. Common Stock",caterpillar-inc-common-stock-derivatives,AlphaX,alphax,CAT/USDT,perpetual,778.41600438,3512003.65716203,0.0,1.0,1.0,0,2026-07-29T20:39:16.000Z
"Caterpillar, Inc. Common Stock",caterpillar-inc-common-stock-derivatives,Flipster,flipster,CAT/USDT,perpetual,778.98533588,929.84115894,0.0,1.0,1.0,0,2026-07-29T20:39:15.000Z
"Caterpillar, Inc. Common Stock",caterpillar-inc-common-stock-derivatives,Bitbase,bitbase-com,CAT/USDT,perpetual,777.56797776,133149.25181884,0.0,1.0,1.0,0,2026-07-29T20:39:25.000Z
Applied Digital Corp,applied-digital-corp-derivatives,AlphaX,alphax,APLD/USDT,perpetual,22.95304913,111415.23296021,0.0,1.0,1.0,0,2026-07-29T20:39:16.000Z
Applied Digital Corp,applied-digital-corp-derivatives,Cofinex,cofinex,APLD/USDT,perpetual,22.75328369,442022.41738892,0.0,1.0,1.0,0,2026-07-29T20:39:17.000Z
SharonAI Holdings Inc,sharonai-holdings-inc-derivatives,AlphaX,alphax,SHAZ/USDT,perpetual,39.22394427,19285192.72330397,0.0,1.0,1.0,0,2026-07-29T20:39:16.000Z
SharonAI Holdings Inc,sharonai-holdings-inc-derivatives,Cofinex,cofinex,SHAZ/USDT,perpetual,39.18399119,510876.82914736,0.0,1.0,1.0,0,2026-07-29T20:39:17.000Z
SharonAI Holdings Inc,sharonai-holdings-inc-derivatives,Bitbase,bitbase-com,SHAZ/USDT,perpetual,39.28493251,372034.93930734,0.0,1.0,1.0,0,2026-07-29T20:39:25.000Z
Johnson & Johnson,johnson-johnson-derivatives,AlphaX,alphax,JNJ/USDT,perpetual,262.91129646,11453.27806176,0.0,1.0,1.0,0,2026-07-29T20:39:16.000Z
Penguin Solutions Inc,penguin-solutions-inc-derivatives,AlphaX,alphax,PENG/USDT,perpetual,42.80973393,20294726.42535031,0.0,1.0,1.0,0,2026-07-29T20:39:16.000Z
Penguin Solutions Inc,penguin-solutions-inc-derivatives,Cofinex,cofinex,PENG/USDT,perpetual,42.66989813,149584.40891646,0.0,1.0,1.0,0,2026-07-29T20:39:17.000Z
SK Hynix,sk-hynix-derivatives,FameEX,fameex,SKHY/USDT,perpetual,125.35512259,1786241824.8621862,0.0,1.0,1.0,0,2026-07-29T20:39:18.000Z
SK Hynix,sk-hynix-derivatives,Websea,websea,SKHY/USDT,perpetual,125.19300167,326110616.29089934,0.0,1.0,1.0,0,2026-07-29T20:39:17.000Z
SK Hynix,sk-hynix-derivatives,AlphaX,alphax,SKHY/USDT,perpetual,125.35281402,1720797.19593588,0.0,1.0,1.0,0,2026-07-29T20:39:16.000Z
SK Hynix,sk-hynix-derivatives,Flipster,flipster,SKHY/USDT,perpetual,125.14306031,938110.29283123,0.0,1.0,1.0,0,2026-07-29T20:39:15.000Z
SK Hynix,sk-hynix-derivatives,Grvt,grvt,SKHY/USDT,perpetual,127.90863381,217369.38309878,0.0,1.0,1.0,0,2026-07-29T11:03:16.000Z
SK Hynix,sk-hynix-derivatives,Orderly,orderly-network-evm,SKHY/USDC,perpetual,132.47458324,17395.85486745,0.0,1.0,1.0,0,2026-07-29T20:39:16.000Z
SK Hynix,sk-hynix-derivatives,MemeMax,mememax,SKHY/USDC,perpetual,125.40593944,17395.85486745,0.0,1.0,1.0,0,2026-07-29T20:39:16.000Z
SK Hynix,sk-hynix-derivatives,Cofinex,cofinex,SKHY/USDT,perpetual,125.43272019,389533999.96924305,0.0,1.0,1.0,0,2026-07-29T20:39:17.000Z
SK Hynix,sk-hynix-derivatives,AEGET,aeget,SKHY/USDT,perpetual,125.35281402,20212123.536083,0.0,1.0,1.0,0,2026-07-29T20:39:16.000Z
SK Hynix,sk-hynix-derivatives,Bitbase,bitbase-com,SKHY/USDT,perpetual,125.41612323,30507346.63390081,0.0,1.0,1.0,0,2026-07-29T20:39:25.000Z
GraniteShares 2x Long INTC Daily ETF,graniteshares-2x-long-intc-daily-etf-derivaties,AlphaX,alphax,INTW/USDT,perpetual,15.68158709,83329.54473754,0.0,1.0,1.0,0,2026-07-29T20:39:16.000Z
GraniteShares 2x Long INTC Daily ETF,graniteshares-2x-long-intc-daily-etf-derivaties,Flipster,flipster,INTW/USDT,perpetual,15.62165746,1616.76641535,0.0,1.0,1.0,0,2026-07-29T20:39:15.000Z
GraniteShares 2x Long INTC Daily ETF,graniteshares-2x-long-intc-daily-etf-derivaties,Cofinex,cofinex,INTW/USDT,perpetual,15.64962462,2133929.98041287,0.0,1.0,1.0,0,2026-07-29T20:39:17.000Z
GraniteShares 2x Long INTC Daily ETF,graniteshares-2x-long-intc-daily-etf-derivaties,Bitbase,bitbase-com,INTW/USDT,perpetual,15.65204405,84150.57086991,0.0,1.0,1.0,0,2026-07-29T20:39:25.000Z
Tradr 2X Long SNDK Daily ETF,tradr-2x-long-sndk-daily-etf-derivaties,AlphaX,alphax,SNXX/USDT,perpetual,6.66217745,1629664.03999363,0.0,1.0,1.0,0,2026-07-29T20:39:16.000Z
Tradr 2X Long SNDK Daily ETF,tradr-2x-long-sndk-daily-etf-derivaties,Flipster,flipster,SNXX/USDT,perpetual,6.6422009,443018.93172796,0.0,1.0,1.0,0,2026-07-29T20:39:15.000Z
Tradr 2X Long SNDK Daily ETF,tradr-2x-long-sndk-daily-etf-derivaties,Cofinex,cofinex,SNXX/USDT,perpetual,6.67116689,40525025.74843168,0.0,1.0,1.0,0,2026-07-29T20:39:17.000Z
Tradr 2X Long SNDK Daily ETF,tradr-2x-long-sndk-daily-etf-derivaties,Bitbase,bitbase-com,SNXX/USDT,perpetual,6.68233406,8537766.28658797,0.0,1.0,1.0,0,2026-07-29T20:39:25.000Z
State Street SPDR S&P Biotech ETF,state-street-spdr-sp-biotech-etf-derivaties,AlphaX,alphax,XBI/USDT,perpetual,147.79646128,643994.39469873,0.0,1.0,1.0,0,2026-07-29T20:39:16.000Z
State Street SPDR S&P Biotech ETF,state-street-spdr-sp-biotech-etf-derivaties,Flipster,flipster,XBI/USDT,perpetual,147.86637918,807.25837043,0.0,1.0,1.0,0,2026-07-29T20:39:15.000Z
State Street SPDR S&P Biotech ETF,state-street-spdr-sp-biotech-etf-derivaties,Cofinex,cofinex,XBI/USDT,perpetual,147.81643782,54445.58512417,0.0,1.0,1.0,0,2026-07-29T20:39:17.000Z
State Street SPDR S&P Biotech ETF,state-street-spdr-sp-biotech-etf-derivaties,Bitbase,bitbase-com,XBI/USDT,perpetual,148.0801232,26492.09090076,0.0,1.0,1.0,0,2026-07-29T20:39:25.000Z
CEA Industries Inc,cea-industries-inc-derivaties,AlphaX,alphax,BNC/USDT,perpetual,2.52503517,11861.45505107,0.0,1.0,1.0,0,2026-07-29T20:39:16.000Z
CEA Industries Inc,cea-industries-inc-derivaties,Flipster,flipster,BNC/USDT,perpetual,2.63790264,868.26778278,0.0,1.0,1.0,0,2026-07-29T20:39:15.000Z
CEA Industries Inc,cea-industries-inc-derivaties,Cofinex,cofinex,BNC/USDT,perpetual,2.52014092,133893.62117225,0.0,1.0,1.0,0,2026-07-29T20:39:17.000Z
CEA Industries Inc,cea-industries-inc-derivaties,Bitbase,bitbase-com,BNC/USDT,perpetual,2.52710092,59664.55311169,0.0,1.0,1.0,0,2026-07-29T20:39:25.000Z
Forward Industries Inc,forward-industries-inc-derivaties,AlphaX,alphax,FWDI/USDT,perpetual,3.82351053,17542.1222209,0.0,1.0,1.0,0,2026-07-29T20:39:16.000Z
Forward Industries Inc,forward-industries-inc-derivaties,Flipster,flipster,FWDI/USDT,perpetual,3.81651874,5697.77382365,0.0,1.0,1.0,0,2026-07-29T20:39:15.000Z
Forward Industries Inc,forward-industries-inc-derivaties,Cofinex,cofinex,FWDI/USDT,perpetual,3.83050232,223152.87717359,0.0,1.0,1.0,0,2026-07-29T20:39:17.000Z
Forward Industries Inc,forward-industries-inc-derivaties,Bitbase,bitbase-com,FWDI/USDT,perpetual,3.82361357,92313.09885707,0.0,1.0,1.0,0,2026-07-29T20:39:25.000Z
Snowflake Inc,snowflake-inc-derivaties,AlphaX,alphax,SNOW/USDT,perpetual,288.70101485,11660.10011674,0.0,1.0,1.0,0,2026-07-29T20:39:16.000Z
Snowflake Inc,snowflake-inc-derivaties,Flipster,flipster,SNOW/USDT,perpetual,285.30500236,871.23318488,0.0,1.0,1.0,0,2026-07-29T20:39:15.000Z
Snowflake Inc,snowflake-inc-derivaties,Cofinex,cofinex,SNOW/USDT,perpetual,285.6845567,566442.48451447,0.0,1.0,1.0,0,2026-07-29T20:39:17.000Z
Snowflake Inc,snowflake-inc-derivaties,Bitbase,bitbase-com,SNOW/USDT,perpetual,286.36148748,62365.45465044,0.0,1.0,1.0,0,2026-07-29T20:39:25.000Z
ChangXin Memory Technologies,changxin-memory-technologies-derivaties,Websea,websea,CXMT/USDT,perpetual,7.03473999,25206036.73380056,0.0,1.0,1.0,0,2026-07-29T20:39:17.000Z
ChangXin Memory Technologies,changxin-memory-technologies-derivaties,Bitbase,bitbase-com,CXMT/USDT,perpetual,7.04791467,578229.8255258,0.0,1.0,1.0,0,2026-07-29T20:39:25.000Z
Direxion Daily Semiconductor Bear 3X Shares,direxion-daily-semiconductor-bear-3x-shares-derivaties,Websea,websea,SOXS/USDT,perpetual,74.28277911,60502646.57172991,0.0,1.0,1.0,0,2026-07-29T20:39:17.000Z
Direxion Daily Semiconductor Bear 3X Shares,direxion-daily-semiconductor-bear-3x-shares-derivaties,WOO X Pro,wooxpro,SOXS/USDT,perpetual,72.98929788,825754.5171296,0.0,1.0,1.0,0,2026-07-29T20:39:16.000Z
Direxion Daily Semiconductor Bear 3X Shares,direxion-daily-semiconductor-bear-3x-shares-derivaties,AlphaX,alphax,SOXS/USDT,perpetual,74.21485886,653718.10945829,0.0,1.0,1.0,0,2026-07-29T20:39:16.000Z
Direxion Daily Semiconductor Bear 3X Shares,direxion-daily-semiconductor-bear-3x-shares-derivaties,Flipster,flipster,SOXS/USDT,perpetual,74.24282602,16887.51612218,0.0,1.0,1.0,0,2026-07-29T20:39:15.000Z
Direxion Daily Semiconductor Bear 3X Shares,direxion-daily-semiconductor-bear-3x-shares-derivaties,Cofinex,cofinex,SOXS/USDT,perpetual,74.03107466,19297267.30058252,0.0,1.0,1.0,0,2026-07-29T20:39:17.000Z
Direxion Daily Small Cap Bear 3X ETF,direxion-daily-small-cap-bear-3x-etf-derivaties,WOO X Pro,wooxpro,TZA/USDT,perpetual,43.21925309,1057413.15589637,0.0,1.0,1.0,0,2026-07-29T20:39:16.000Z
Direxion Daily Small Cap Bear 3X ETF,direxion-daily-small-cap-bear-3x-etf-derivaties,AlphaX,alphax,TZA/USDT,perpetual,43.1793,17826.19128447,0.0,1.0,1.0,0,2026-07-29T20:39:16.000Z
Direxion Daily Small Cap Bear 3X ETF,direxion-daily-small-cap-bear-3x-etf-derivaties,Flipster,flipster,TZA/USDT,perpetual,43.34910062,1043.41351126,0.0,1.0,1.0,0,2026-07-29T20:39:15.000Z
Direxion Daily Small Cap Bear 3X ETF,direxion-daily-small-cap-bear-3x-etf-derivaties,Cofinex,cofinex,TZA/USDT,perpetual,43.22824253,201433.0182314,0.0,1.0,1.0,0,2026-07-29T20:39:17.000Z
Direxion Daily Small Cap Bear 3X ETF,direxion-daily-small-cap-bear-3x-etf-derivaties,Bitbase,bitbase-com,TZA/USDT,perpetual,43.25038337,72781.50540712,0.0,1.0,1.0,0,2026-07-29T20:39:25.000Z
SoFi Technologies Inc,sofi-technologies-inc-derivaties,WOO X Pro,wooxpro,SOFI/USDT,perpetual,15.13223213,1604678.71327592,0.0,1.0,1.0,0,2026-07-29T20:39:16.000Z
SoFi Technologies Inc,sofi-technologies-inc-derivaties,AlphaX,alphax,SOFI/USDT,perpetual,15.13223213,70954.52845658,0.0,1.0,1.0,0,2026-07-29T20:39:16.000Z
SoFi Technologies Inc,sofi-technologies-inc-derivaties,Cofinex,cofinex,SOFI/USDT,perpetual,15.14421806,870814.25996124,0.0,1.0,1.0,0,2026-07-29T20:39:17.000Z
SoFi Technologies Inc,sofi-technologies-inc-derivaties,Bitbase,bitbase-com,SOFI/USDT,perpetual,15.17259407,91864.61335748,0.0,1.0,1.0,0,2026-07-29T20:39:25.000Z
Xiaomi,xiaomi-derivatives,WOO X Pro,wooxpro,XIAOMI/USDT,perpetual,4.10418098,915628.8416906,0.0,1.0,1.0,0,2026-07-29T20:39:16.000Z
Xiaomi,xiaomi-derivatives,Cofinex,cofinex,XIAOMI/USDT,perpetual,4.09878731,339749.56679949,0.0,1.0,1.0,0,2026-07-29T20:39:17.000Z
Xiaomi,xiaomi-derivatives,Bitbase,bitbase-com,XIAOMI/USDT,perpetual,4.1102847,243769.0862769,0.0,1.0,1.0,0,2026-07-29T20:39:25.000Z
Direxion Daily 20+ Year Treasury Bull 3X Shares,direxion-daily-20-plus-year-treasury-bull-3x-shares-derivatives,AlphaX,alphax,TMF/USDT,perpetual,31.04354948,141118.73638676,0.0,1.0,1.0,0,2026-07-29T20:39:16.000Z
Direxion Daily 20+ Year Treasury Bull 3X Shares,direxion-daily-20-plus-year-treasury-bull-3x-shares-derivatives,Cofinex,cofinex,TMF/USDT,perpetual,31.00459522,142770.12515944,0.0,1.0,1.0,0,2026-07-29T20:39:17.000Z
ProShares UltraShort 20+ Year Treasury,proshares-ultrashort-20-plus-year-treasury-derivatives,AlphaX,alphax,TBT/USDT,perpetual,37.65578557,158450.56530853,0.0,1.0,1.0,0,2026-07-29T20:39:16.000Z
ProShares UltraShort 20+ Year Treasury,proshares-ultrashort-20-plus-year-treasury-derivatives,Cofinex,cofinex,TBT/USDT,perpetual,37.67975742,21260.12028524,0.0,1.0,1.0,0,2026-07-29T20:39:17.000Z
ProShares Bitcoin ETF,proshares-bitcoin-etf-derivatives,AlphaX,alphax,BITO/USDT,perpetual,8.62986704,38685.01127597,0.0,1.0,1.0,0,2026-07-29T20:39:16.000Z
ProShares Bitcoin ETF,proshares-bitcoin-etf-derivatives,Cofinex,cofinex,BITO/USDT,perpetual,8.61688228,342080.8392646,0.0,1.0,1.0,0,2026-07-29T20:39:17.000Z
ProShares Bitcoin ETF,proshares-bitcoin-etf-derivatives,Bitbase,bitbase-com,BITO/USDT,perpetual,8.63009959,73741.40421583,0.0,1.0,1.0,0,2026-07-29T20:39:25.000Z
PayPal Holdings Inc,paypal-holdings-inc-derivaties,AlphaX,alphax,PYPL/USDT,perpetual,57.99190743,98518.62112305,0.0,1.0,1.0,0,2026-07-29T20:39:16.000Z
Goldman Sachs Group Inc,goldman-sachs-group-inc-derivaties,AlphaX,alphax,GS/USDT,perpetual,988.3395177,4341.32053547,0.0,1.0,1.0,0,2026-07-29T20:39:16.000Z
Goldman Sachs Group Inc,goldman-sachs-group-inc-derivaties,Cofinex,cofinex,GS/USDT,perpetual,979.13033089,164339.00196089,0.0,1.0,1.0,0,2026-07-29T20:39:17.000Z
